ISO-10303-21;
HEADER;
FILE_DESCRIPTION (( 'STEP AP214' ),
    '1' );
FILE_NAME ('MLX90640ESF-BAA-000-TU.STEP',
    '2026-01-12T02:38:49',
    ( '' ),
    ( '' ),
    'SwSTEP 2.0',
    'SolidWorks 2021',
    '' );
FILE_SCHEMA (( 'AUTOMOTIVE_DESIGN' ));
ENDSEC;

DATA;
#1 = ORIENTED_EDGE ( 'NONE', *, *, #253, .T. ) ;
#2 = DIRECTION ( 'NONE',  ( -2.468850131082270077E-15, 2.468850131082261399E-15, -1.000000000000000000 ) ) ;
#3 = EDGE_LOOP ( 'NONE', ( #458, #597 ) ) ;
#4 = CARTESIAN_POINT ( 'NONE',  ( -2.039967257798847012E-14, 2.039967257798840070E-14, -8.262823377231839572 ) ) ;
#5 =( NAMED_UNIT ( * ) SI_UNIT ( $, .STERADIAN. ) SOLID_ANGLE_UNIT ( ) );
#6 =( NAMED_UNIT ( * ) SI_UNIT ( $, .STERADIAN. ) SOLID_ANGLE_UNIT ( ) );
#7 = DIRECTION ( 'NONE',  ( 2.468850131082270077E-15, -2.468850131082261399E-15, 1.000000000000000000 ) ) ;
#8 = LINE ( 'NONE', #352, #798 ) ;
#9 = CARTESIAN_POINT ( 'NONE',  ( -2.064751801064729442, 2.064751801064707681, 0.1000000000000101918 ) ) ;
#10 = CARTESIAN_POINT ( 'NONE',  ( 1.382556073406071085E-14, -1.382556073406066352E-14, 5.599999999999999645 ) ) ;
#11 = ADVANCED_FACE ( 'NONE', ( #1525 ), #186, .T. ) ;
#12 = AXIS2_PLACEMENT_3D ( 'NONE', #1601, #365, #1125 ) ;
#13 = LINE ( 'NONE', #1203, #996 ) ;
#14 = ORIENTED_EDGE ( 'NONE', *, *, #1939, .F. ) ;
#15 = DIRECTION ( 'NONE',  ( 0.000000000000000000, 1.000000000000000000, 2.468850131082260216E-15 ) ) ;
#16 = FACE_OUTER_BOUND ( 'NONE', #525, .T. ) ;
#17 = DIRECTION ( 'NONE',  ( -2.468850131082270077E-15, 2.468850131082261399E-15, -1.000000000000000000 ) ) ;
#18 = DIRECTION ( 'NONE',  ( 0.000000000000000000, 1.000000000000000000, 2.468850131082259822E-15 ) ) ;
#19 = PLANE ( 'NONE',  #1118 ) ;
#20 = AXIS2_PLACEMENT_3D ( 'NONE', #4, #22, #1062 ) ;
#21 = EDGE_LOOP ( 'NONE', ( #183, #579, #717, #225 ) ) ;
#22 = DIRECTION ( 'NONE',  ( -2.468850131082270077E-15, 2.468850131082261399E-15, -1.000000000000000000 ) ) ;
#23 = EDGE_CURVE ( 'NONE', #562, #1776, #1000, .T. ) ;
#24 = PRESENTATION_STYLE_ASSIGNMENT (( #40 ) ) ;
#25 = CARTESIAN_POINT ( 'NONE',  ( -2.920000000000017693, -0.2249999999999847677, -6.399999999999993250 ) ) ;
#26 = DIRECTION ( 'NONE',  ( 2.468850131082270077E-15, -2.468850131082261399E-15, 1.000000000000000000 ) ) ;
#27 = FILL_AREA_STYLE ('',( #777 ) ) ;
#28 = DIRECTION ( 'NONE',  ( -2.468850131082270077E-15, 2.468850131082261399E-15, -1.000000000000000000 ) ) ;
#29 = ORIENTED_EDGE ( 'NONE', *, *, #435, .F. ) ;
#30 =( LENGTH_UNIT ( ) NAMED_UNIT ( * ) SI_UNIT ( .MILLI., .METRE. ) );
#31 = ADVANCED_FACE ( 'NONE', ( #16 ), #906, .T. ) ;
#32 = FACE_BOUND ( 'NONE', #1279, .T. ) ;
#33 = DIRECTION ( 'NONE',  ( 2.468850131082270077E-15, -2.468850131082261399E-15, 1.000000000000000000 ) ) ;
#34 = DIRECTION ( 'NONE',  ( -2.468850131082270077E-15, 2.468850131082261399E-15, -1.000000000000000000 ) ) ;
#35 = ORIENTED_EDGE ( 'NONE', *, *, #433, .F. ) ;
#36 = CARTESIAN_POINT ( 'NONE',  ( 2.920000000000002149, -2.168404344971008868E-15, -7.209042382760237381E-15 ) ) ;
#37 = DIRECTION ( 'NONE',  ( 2.468850131082270077E-15, -2.468850131082261399E-15, 1.000000000000000000 ) ) ;
#38 = VERTEX_POINT ( 'NONE', #1489 ) ;
#39 = STYLED_ITEM ( 'NONE', ( #1735 ), #1558 ) ;
#40 = SURFACE_STYLE_USAGE ( .BOTH. , #350 ) ;
#41 = PLANE ( 'NONE',  #1171 ) ;
#42 = DIRECTION ( 'NONE',  ( -3.885780586188046905E-16, -1.000000000000000000, -2.668805347656626087E-15 ) ) ;
#43 = EDGE_LOOP ( 'NONE', ( #1515, #649, #1328, #982 ) ) ;
#44 = DIRECTION ( 'NONE',  ( -3.885780586188048385E-16, -1.000000000000000000, -2.470296525384094957E-15 ) ) ;
#45 = AXIS2_PLACEMENT_3D ( 'NONE', #291, #421, #715 ) ;
#46 = CIRCLE ( 'NONE', #1374, 0.2250000000000001721 ) ;
#47 = ORIENTED_EDGE ( 'NONE', *, *, #1863, .F. ) ;
#48 = MECHANICAL_DESIGN_GEOMETRIC_PRESENTATION_REPRESENTATION (  '', ( #585 ), #81 ) ;
#49 = CYLINDRICAL_SURFACE ( 'NONE', #103, 0.2249999999999999500 ) ;
#50 = DIRECTION ( 'NONE',  ( -2.468850131082270077E-15, 2.468850131082261399E-15, -1.000000000000000000 ) ) ;
#51 = AXIS2_PLACEMENT_3D ( 'NONE', #1470, #1349, #1023 ) ;
#52 = FACE_BOUND ( 'NONE', #269, .T. ) ;
#53 = VERTEX_POINT ( 'NONE', #1480 ) ;
#54 = UNCERTAINTY_MEASURE_WITH_UNIT (LENGTH_MEASURE( 1.000000000000000082E-05 ), #840, 'distance_accuracy_value', 'NONE');
#55 = CIRCLE ( 'NONE', #1607, 1.300000000000000044 ) ;
#56 = DIRECTION ( 'NONE',  ( 2.468850131082270077E-15, -2.468850131082261399E-15, 1.000000000000000000 ) ) ;
#57 = EDGE_CURVE ( 'NONE', #1259, #199, #1344, .T. ) ;
#58 = ORIENTED_EDGE ( 'NONE', *, *, #1456, .F. ) ;
#59 =( NAMED_UNIT ( * ) PLANE_ANGLE_UNIT ( ) SI_UNIT ( $, .RADIAN. ) );
#60 = EDGE_LOOP ( 'NONE', ( #666, #592 ) ) ;
#61 = SURFACE_SIDE_STYLE ('',( #1728 ) ) ;
#62 = DIRECTION ( 'NONE',  ( -3.885780586188048385E-16, -1.000000000000000000, -2.467330983336814992E-15 ) ) ;
#63 = CARTESIAN_POINT ( 'NONE',  ( 1.029992063861229212E-14, -1.300000000000009814, 4.099999999999996980 ) ) ;
#64 = ORIENTED_EDGE ( 'NONE', *, *, #1360, .T. ) ;
#65 = EDGE_CURVE ( 'NONE', #1786, #281, #1747, .T. ) ;
#66 = CIRCLE ( 'NONE', #1763, 0.3499999999999999778 ) ;
#67 = SURFACE_STYLE_USAGE ( .BOTH. , #1889 ) ;
#68 = COLOUR_RGB ( '',0.2000000000000000111, 0.000000000000000000, 0.1764705882352941013 ) ;
#69 = ORIENTED_EDGE ( 'NONE', *, *, #1751, .T. ) ;
#70 = UNCERTAINTY_MEASURE_WITH_UNIT (LENGTH_MEASURE( 1.000000000000000082E-05 ), #1824, 'distance_accuracy_value', 'NONE');
#71 = PLANE ( 'NONE',  #1123 ) ;
#72 = CARTESIAN_POINT ( 'NONE',  ( -2.064751801064729442, 2.064751801064707681, 0.1000000000000101918 ) ) ;
#73 = DIRECTION ( 'NONE',  ( -0.7071067811865487940, 0.7071067811865463515, 3.491481338843133355E-15 ) ) ;
#74 =( GEOMETRIC_REPRESENTATION_CONTEXT ( 3 ) GLOBAL_UNCERTAINTY_ASSIGNED_CONTEXT ( ( #964 ) ) GLOBAL_UNIT_ASSIGNED_CONTEXT ( ( #1115, #59, #1454 ) ) REPRESENTATION_CONTEXT ( 'NONE', 'WORKASPACE' ) );
#75 = VERTEX_POINT ( 'NONE', #1782 ) ;
#76 = AXIS2_PLACEMENT_3D ( 'NONE', #664, #200, #492 ) ;
#77 = AXIS2_PLACEMENT_3D ( 'NONE', #602, #1352, #181 ) ;
#78 = EDGE_CURVE ( 'NONE', #1506, #1776, #1041, .T. ) ;
#79 = DIRECTION ( 'NONE',  ( -2.468850131082270077E-15, 2.468850131082261399E-15, -1.000000000000000000 ) ) ;
#80 = VERTEX_POINT ( 'NONE', #322 ) ;
#81 =( GEOMETRIC_REPRESENTATION_CONTEXT ( 3 ) GLOBAL_UNCERTAINTY_ASSIGNED_CONTEXT ( ( #499 ) ) GLOBAL_UNIT_ASSIGNED_CONTEXT ( ( #933, #822, #1293 ) ) REPRESENTATION_CONTEXT ( 'NONE', 'WORKASPACE' ) );
#82 = DIRECTION ( 'NONE',  ( 0.000000000000000000, 1.000000000000000000, 2.469571615105871956E-15 ) ) ;
#83 = CYLINDRICAL_SURFACE ( 'NONE', #1667, 0.2249999999999999500 ) ;
#84 = ORIENTED_EDGE ( 'NONE', *, *, #793, .T. ) ;
#85 = EDGE_CURVE ( 'NONE', #94, #1710, #457, .T. ) ;
#86 = VERTEX_POINT ( 'NONE', #1698 ) ;
#87 = UNCERTAINTY_MEASURE_WITH_UNIT (LENGTH_MEASURE( 1.000000000000000082E-05 ), #1238, 'distance_accuracy_value', 'NONE');
#88 = CARTESIAN_POINT ( 'NONE',  ( -2.064751801064729886, 2.064751801064707681, 1.019512550942195003E-14 ) ) ;
#89 = CARTESIAN_POINT ( 'NONE',  ( 2.839177650744610292E-15, -2.839177650744600432E-15, 1.149999999999999911 ) ) ;
#90 = FACE_OUTER_BOUND ( 'NONE', #1362, .T. ) ;
#91 = ORIENTED_EDGE ( 'NONE', *, *, #915, .F. ) ;
#92 = CARTESIAN_POINT ( 'NONE',  ( -2.064751801064747649, 1.839751801064726466, -6.399999999999990585 ) ) ;
#93 = AXIS2_PLACEMENT_3D ( 'NONE', #1325, #1924, #586 ) ;
#94 = VERTEX_POINT ( 'NONE', #25 ) ;
#95 = AXIS2_PLACEMENT_3D ( 'NONE', #945, #1208, #1512 ) ;
#96 = DIRECTION ( 'NONE',  ( 2.468850131082270077E-15, -2.468850131082261399E-15, 1.000000000000000000 ) ) ;
#97 = EDGE_CURVE ( 'NONE', #1804, #408, #1834, .T. ) ;
#98 = CYLINDRICAL_SURFACE ( 'NONE', #748, 0.2250000000000001721 ) ;
#99 = ORIENTED_EDGE ( 'NONE', *, *, #253, .F. ) ;
#100 = ORIENTED_EDGE ( 'NONE', *, *, #987, .F. ) ;
#101 = COLOUR_RGB ( '',0.2235294117647058654, 0.2235294117647058654, 0.2235294117647058654 ) ;
#102 = CARTESIAN_POINT ( 'NONE',  ( 2.839177650744610292E-15, -2.839177650744600432E-15, 1.149999999999999911 ) ) ;
#103 = AXIS2_PLACEMENT_3D ( 'NONE', #1803, #316, #1366 ) ;
#104 = SURFACE_STYLE_FILL_AREA ( #1660 ) ;
#105 = VERTEX_POINT ( 'NONE', #1396 ) ;
#106 = AXIS2_PLACEMENT_3D ( 'NONE', #9, #611, #1482 ) ;
#107 = DIRECTION ( 'NONE',  ( 0.000000000000000000, 1.000000000000000000, 2.468496017712530276E-15 ) ) ;
#108 = FACE_OUTER_BOUND ( 'NONE', #891, .T. ) ;
#109 = AXIS2_PLACEMENT_3D ( 'NONE', #896, #1901, #1732 ) ;
#110 = EDGE_CURVE ( 'NONE', #1390, #1786, #772, .T. ) ;
#111 = VECTOR ( 'NONE', #259, 1000.000000000000000 ) ;
#112 = ORIENTED_EDGE ( 'NONE', *, *, #1447, .F. ) ;
#113 = ORIENTED_EDGE ( 'NONE', *, *, #695, .T. ) ;
#114 = SURFACE_STYLE_USAGE ( .BOTH. , #1478 ) ;
#115 = DIRECTION ( 'NONE',  ( 0.000000000000000000, -1.000000000000000000, -2.468850131082263766E-15 ) ) ;
#116 = CARTESIAN_POINT ( 'NONE',  ( 2.920000000000002593, -2.385244779468109755E-15, 0.09999999999999278910 ) ) ;
#117 = DIRECTION ( 'NONE',  ( -2.468850131082270077E-15, 2.468850131082261399E-15, -1.000000000000000000 ) ) ;
#118 = FILL_AREA_STYLE ('',( #286 ) ) ;
#119 = ORIENTED_EDGE ( 'NONE', *, *, #615, .F. ) ;
#120 = VERTEX_POINT ( 'NONE', #1856 ) ;
#121 = SURFACE_STYLE_FILL_AREA ( #1187 ) ;
#122 = SURFACE_STYLE_FILL_AREA ( #877 ) ;
#123 = ADVANCED_FACE ( 'NONE', ( #32, #496 ), #1104, .F. ) ;
#124 = LINE ( 'NONE', #1486, #1175 ) ;
#125 = DIRECTION ( 'NONE',  ( 0.000000000000000000, 1.000000000000000000, 2.468496017712529881E-15 ) ) ;
#126 = DIRECTION ( 'NONE',  ( 0.7071067811865463515, 0.7071067811865487940, 0.000000000000000000 ) ) ;
#127 =( NAMED_UNIT ( * ) SI_UNIT ( $, .STERADIAN. ) SOLID_ANGLE_UNIT ( ) );
#128 = PRESENTATION_LAYER_ASSIGNMENT (  '', '', ( #886 ) ) ;
#129 = AXIS2_PLACEMENT_3D ( 'NONE', #283, #734, #1331 ) ;
#130 = ORIENTED_EDGE ( 'NONE', *, *, #1163, .T. ) ;
#131 = ORIENTED_EDGE ( 'NONE', *, *, #205, .T. ) ;
#132 = SURFACE_STYLE_USAGE ( .BOTH. , #1777 ) ;
#133 = FILL_AREA_STYLE_COLOUR ( '', #274 ) ;
#134 = FACE_OUTER_BOUND ( 'NONE', #698, .T. ) ;
#135 = MECHANICAL_DESIGN_GEOMETRIC_PRESENTATION_REPRESENTATION (  '', ( #743 ), #1925 ) ;
#136 = CARTESIAN_POINT ( 'NONE',  ( 1.851637598311702656E-15, -1.851637598311695951E-15, 0.7500000000000000000 ) ) ;
#137 = ADVANCED_FACE ( 'NONE', ( #960 ), #936, .F. ) ;
#138 = AXIS2_PLACEMENT_3D ( 'NONE', #832, #1878, #1622 ) ;
#139 = CARTESIAN_POINT ( 'NONE',  ( 1.012228553743730712E-14, -1.012228553743727083E-14, 4.100000000000000533 ) ) ;
#140 = STYLED_ITEM ( 'NONE', ( #1678 ), #1103 ) ;
#141 = FACE_OUTER_BOUND ( 'NONE', #719, .T. ) ;
#142 = CIRCLE ( 'NONE', #1252, 0.2250000000000001721 ) ;
#143 = ORIENTED_EDGE ( 'NONE', *, *, #433, .T. ) ;
#144 = AXIS2_PLACEMENT_3D ( 'NONE', #1036, #1359, #415 ) ;
#145 = CARTESIAN_POINT ( 'NONE',  ( 2.064751801064730330, -2.064751801064708125, 0.09999999999998981925 ) ) ;
#146 = AXIS2_PLACEMENT_3D ( 'NONE', #724, #1500, #125 ) ;
#147 = ORIENTED_EDGE ( 'NONE', *, *, #1751, .F. ) ;
#148 = DIRECTION ( 'NONE',  ( 2.468850131082270077E-15, -2.468850131082261399E-15, 1.000000000000000000 ) ) ;
#149 = VECTOR ( 'NONE', #661, 1000.000000000000000 ) ;
#150 = SURFACE_STYLE_FILL_AREA ( #447 ) ;
#151 = SURFACE_SIDE_STYLE ('',( #104 ) ) ;
#152 = ORIENTED_EDGE ( 'NONE', *, *, #953, .F. ) ;
#153 = DIRECTION ( 'NONE',  ( 0.000000000000000000, 1.000000000000000000, 2.468496017712529881E-15 ) ) ;
#154 = ADVANCED_FACE ( 'NONE', ( #187 ), #1387, .F. ) ;
#155 = DIRECTION ( 'NONE',  ( -2.468850131082270077E-15, 2.468850131082261399E-15, -1.000000000000000000 ) ) ;
#156 = CARTESIAN_POINT ( 'NONE',  ( 2.839177650744610292E-15, -2.839177650744600432E-15, 1.149999999999999911 ) ) ;
#157 = EDGE_CURVE ( 'NONE', #1593, #562, #516, .T. ) ;
#158 = EDGE_LOOP ( 'NONE', ( #1185, #1339 ) ) ;
#159 = FACE_OUTER_BOUND ( 'NONE', #760, .T. ) ;
#160 = ORIENTED_EDGE ( 'NONE', *, *, #1618, .T. ) ;
#161 = CARTESIAN_POINT ( 'NONE',  ( 1.382556073406071085E-14, -1.382556073406066352E-14, 5.599999999999999645 ) ) ;
#162 = SURFACE_STYLE_FILL_AREA ( #173 ) ;
#163 = PLANE ( 'NONE',  #1671 ) ;
#164 = DIRECTION ( 'NONE',  ( -0.7071067811865487940, 0.7071067811865463515, 3.491481338843133355E-15 ) ) ;
#165 = PLANE ( 'NONE',  #503 ) ;
#166 = EDGE_CURVE ( 'NONE', #913, #1804, #488, .T. ) ;
#167 = LINE ( 'NONE', #1798, #897 ) ;
#168 = PRESENTATION_LAYER_ASSIGNMENT (  '', '', ( #1110 ) ) ;
#169 = ORIENTED_EDGE ( 'NONE', *, *, #157, .F. ) ;
#170 = FACE_OUTER_BOUND ( 'NONE', #900, .T. ) ;
#171 = FILL_AREA_STYLE ('',( #792 ) ) ;
#172 =( LENGTH_UNIT ( ) NAMED_UNIT ( * ) SI_UNIT ( .MILLI., .METRE. ) );
#173 = FILL_AREA_STYLE ('',( #1534 ) ) ;
#174 = PRESENTATION_LAYER_ASSIGNMENT (  '', '', ( #578 ) ) ;
#175 = CARTESIAN_POINT ( 'NONE',  ( 1.062518129035794345E-14, 1.299999999999990274, 4.100000000000004086 ) ) ;
#176 = COLOUR_RGB ( '',0.2235294117647058654, 0.2235294117647058654, 0.2235294117647058654 ) ;
#177 = DIRECTION ( 'NONE',  ( 0.7071067811865463515, 0.7071067811865487940, 0.000000000000000000 ) ) ;
#178 = AXIS2_PLACEMENT_3D ( 'NONE', #1547, #1576, #44 ) ;
#179 = CARTESIAN_POINT ( 'NONE',  ( -4.984963327980073799, 1.631882538264872062, 0.1000000000000163397 ) ) ;
#180 = CIRCLE ( 'NONE', #1771, 4.570000000000000284 ) ;
#181 = DIRECTION ( 'NONE',  ( 0.000000000000000000, 1.000000000000000000, 2.168404344971009262E-15 ) ) ;
#182 = ADVANCED_FACE ( 'NONE', ( #1621, #669 ), #71, .T. ) ;
#183 = ORIENTED_EDGE ( 'NONE', *, *, #78, .F. ) ;
#184 = DIRECTION ( 'NONE',  ( -3.885780586188046905E-16, -1.000000000000000000, -2.508033941171287194E-15 ) ) ;
#185 = SURFACE_SIDE_STYLE ('',( #1542 ) ) ;
#186 = CONICAL_SURFACE ( 'NONE', #591, 0.3867949192431123784, 1.047197551196597409 ) ;
#187 = FACE_OUTER_BOUND ( 'NONE', #3, .T. ) ;
#188 =( NAMED_UNIT ( * ) SI_UNIT ( $, .STERADIAN. ) SOLID_ANGLE_UNIT ( ) );
#189 = FACE_OUTER_BOUND ( 'NONE', #1047, .T. ) ;
#190 = DIRECTION ( 'NONE',  ( 2.468850131082270077E-15, -2.468850131082261399E-15, 1.000000000000000000 ) ) ;
#191 = CYLINDRICAL_SURFACE ( 'NONE', #512, 0.3499999999999999778 ) ;
#192 = ORIENTED_EDGE ( 'NONE', *, *, #361, .T. ) ;
#193 = PRESENTATION_STYLE_ASSIGNMENT (( #1210 ) ) ;
#194 = ADVANCED_FACE ( 'NONE', ( #538 ), #1152, .T. ) ;
#195 =( NAMED_UNIT ( * ) SI_UNIT ( $, .STERADIAN. ) SOLID_ANGLE_UNIT ( ) );
#196 = FILL_AREA_STYLE_COLOUR ( '', #1775 ) ;
#197 = DIRECTION ( 'NONE',  ( 0.000000000000000000, 1.000000000000000000, 2.468850131082263766E-15 ) ) ;
#198 = DIRECTION ( 'NONE',  ( 0.000000000000000000, 1.000000000000000000, 2.468850131082260216E-15 ) ) ;
#199 = VERTEX_POINT ( 'NONE', #1899 ) ;
#200 = DIRECTION ( 'NONE',  ( -2.468850131082270077E-15, 2.468850131082261399E-15, -1.000000000000000000 ) ) ;
#201 = AXIS2_PLACEMENT_3D ( 'NONE', #976, #1132, #1876 ) ;
#202 = ORIENTED_EDGE ( 'NONE', *, *, #1021, .F. ) ;
#203 = DIRECTION ( 'NONE',  ( -2.468850131082270077E-15, 2.468850131082261399E-15, -1.000000000000000000 ) ) ;
#204 = PRESENTATION_STYLE_ASSIGNMENT (( #1561 ) ) ;
#205 = EDGE_CURVE ( 'NONE', #1079, #1433, #1273, .T. ) ;
#206 = DIRECTION ( 'NONE',  ( 0.000000000000000000, 1.000000000000000000, 2.468850131082260216E-15 ) ) ;
#207 = ORIENTED_EDGE ( 'NONE', *, *, #1409, .F. ) ;
#208 =( LENGTH_UNIT ( ) NAMED_UNIT ( * ) SI_UNIT ( .MILLI., .METRE. ) );
#209 = DIRECTION ( 'NONE',  ( 0.000000000000000000, 1.000000000000000000, 2.468850131082261399E-15 ) ) ;
#210 = VECTOR ( 'NONE', #1295, 1000.000000000000000 ) ;
#211 = VECTOR ( 'NONE', #957, 1000.000000000000000 ) ;
#212 = ORIENTED_EDGE ( 'NONE', *, *, #1472, .F. ) ;
#213 = AXIS2_PLACEMENT_3D ( 'NONE', #145, #614, #1392 ) ;
#214 = SURFACE_STYLE_FILL_AREA ( #1845 ) ;
#215 = VECTOR ( 'NONE', #887, 1000.000000000000114 ) ;
#216 = DIRECTION ( 'NONE',  ( -0.7071067811865487940, 0.7071067811865463515, 3.491481338843133355E-15 ) ) ;
#217 = EDGE_LOOP ( 'NONE', ( #1862, #192, #1553, #35 ) ) ;
#218 = UNCERTAINTY_MEASURE_WITH_UNIT (LENGTH_MEASURE( 1.000000000000000082E-05 ), #1670, 'distance_accuracy_value', 'NONE');
#219 = EDGE_CURVE ( 'NONE', #75, #668, #1119, .T. ) ;
#220 = LINE ( 'NONE', #1235, #211 ) ;
#221 = EDGE_CURVE ( 'NONE', #1506, #1194, #1068, .T. ) ;
#222 = PRESENTATION_STYLE_ASSIGNMENT (( #1522 ) ) ;
#223 = ORIENTED_EDGE ( 'NONE', *, *, #1397, .T. ) ;
#224 = DIRECTION ( 'NONE',  ( 2.468850131082270077E-15, -2.468850131082261399E-15, 1.000000000000000000 ) ) ;
#225 = ORIENTED_EDGE ( 'NONE', *, *, #23, .T. ) ;
#226 =( LENGTH_UNIT ( ) NAMED_UNIT ( * ) SI_UNIT ( .MILLI., .METRE. ) );
#227 = LINE ( 'NONE', #381, #420 ) ;
#228 = FACE_OUTER_BOUND ( 'NONE', #1812, .T. ) ;
#229 = EDGE_CURVE ( 'NONE', #1520, #86, #1227, .T. ) ;
#230 = ORIENTED_EDGE ( 'NONE', *, *, #382, .T. ) ;
#231 = PLANE ( 'NONE',  #675 ) ;
#232 = VECTOR ( 'NONE', #1436, 1000.000000000000114 ) ;
#233 = ORIENTED_EDGE ( 'NONE', *, *, #301, .F. ) ;
#234 = UNCERTAINTY_MEASURE_WITH_UNIT (LENGTH_MEASURE( 1.000000000000000082E-05 ), #788, 'distance_accuracy_value', 'NONE');
#235 = PRESENTATION_LAYER_ASSIGNMENT (  '', '', ( #1305 ) ) ;
#236 = LINE ( 'NONE', #985, #1338 ) ;
#237 = CARTESIAN_POINT ( 'NONE',  ( -2.920000000000001705, 1.734723475976807094E-15, 0.1000000000000072081 ) ) ;
#238 = PRESENTATION_LAYER_ASSIGNMENT (  '', '', ( #1595 ) ) ;
#239 = ORIENTED_EDGE ( 'NONE', *, *, #1289, .F. ) ;
#240 = CIRCLE ( 'NONE', #1714, 0.2249999999999999500 ) ;
#241 = ADVANCED_FACE ( 'NONE', ( #189 ), #955, .T. ) ;
#242 = AXIS2_PLACEMENT_3D ( 'NONE', #139, #749, #1653 ) ;
#243 = SURFACE_STYLE_USAGE ( .BOTH. , #1288 ) ;
#244 = STYLED_ITEM ( 'NONE', ( #222 ), #1192 ) ;
#245 = FILL_AREA_STYLE_COLOUR ( '', #417 ) ;
#246 = VERTEX_POINT ( 'NONE', #1857 ) ;
#247 = AXIS2_PLACEMENT_3D ( 'NONE', #637, #1609, #378 ) ;
#248 = DIRECTION ( 'NONE',  ( -2.468850131082270077E-15, 2.468850131082261399E-15, -1.000000000000000000 ) ) ;
#249 = ORIENTED_EDGE ( 'NONE', *, *, #1075, .T. ) ;
#250 =( LENGTH_UNIT ( ) NAMED_UNIT ( * ) SI_UNIT ( .MILLI., .METRE. ) );
#251 =( NAMED_UNIT ( * ) PLANE_ANGLE_UNIT ( ) SI_UNIT ( $, .RADIAN. ) );
#252 = FILL_AREA_STYLE ('',( #379 ) ) ;
#253 = EDGE_CURVE ( 'NONE', #1390, #709, #780, .T. ) ;
#254 = ORIENTED_EDGE ( 'NONE', *, *, #1749, .F. ) ;
#255 = LINE ( 'NONE', #1455, #699 ) ;
#256 = CARTESIAN_POINT ( 'NONE',  ( -2.064751801064745873, 2.064751801064723669, -6.399999999999989697 ) ) ;
#257 = ORIENTED_EDGE ( 'NONE', *, *, #1549, .T. ) ;
#258 = VERTEX_POINT ( 'NONE', #1398 ) ;
#259 = DIRECTION ( 'NONE',  ( 2.468850131082270077E-15, -2.468850131082261399E-15, 1.000000000000000000 ) ) ;
#260 = DIRECTION ( 'NONE',  ( -2.468850131082270077E-15, 2.468850131082261399E-15, -1.000000000000000000 ) ) ;
#261 = SURFACE_SIDE_STYLE ('',( #723 ) ) ;
#262 = VECTOR ( 'NONE', #405, 1000.000000000000114 ) ;
#263 = ORIENTED_EDGE ( 'NONE', *, *, #695, .F. ) ;
#264 = ADVANCED_FACE ( 'NONE', ( #1225 ), #786, .T. ) ;
#265 = AXIS2_PLACEMENT_3D ( 'NONE', #1048, #260, #714 ) ;
#266 = DIRECTION ( 'NONE',  ( -2.468850131082270077E-15, 2.468850131082261399E-15, -1.000000000000000000 ) ) ;
#267 = DIRECTION ( 'NONE',  ( -2.468850131082270077E-15, 2.468850131082261399E-15, -1.000000000000000000 ) ) ;
#268 = ORIENTED_EDGE ( 'NONE', *, *, #978, .F. ) ;
#269 = EDGE_LOOP ( 'NONE', ( #1612, #673 ) ) ;
#270 = SURFACE_STYLE_USAGE ( .BOTH. , #1628 ) ;
#271 = AXIS2_PLACEMENT_3D ( 'NONE', #1383, #1095, #1685 ) ;
#272 = VECTOR ( 'NONE', #155, 1000.000000000000000 ) ;
#273 = CARTESIAN_POINT ( 'NONE',  ( -2.920000000000001705, 1.734723475976807094E-15, 0.1000000000000072081 ) ) ;
#274 = COLOUR_RGB ( '',0.9686274509803921573, 0.8784313725490195957, 0.5999999999999999778 ) ;
#275 = FILL_AREA_STYLE ('',( #1650 ) ) ;
#276 = SURFACE_STYLE_USAGE ( .BOTH. , #1483 ) ;
#277 = AXIS2_PLACEMENT_3D ( 'NONE', #511, #986, #555 ) ;
#278 = AXIS2_PLACEMENT_3D ( 'NONE', #948, #939, #1106 ) ;
#279 = EDGE_CURVE ( 'NONE', #1038, #481, #1526, .T. ) ;
#280 = ORIENTED_EDGE ( 'NONE', *, *, #732, .T. ) ;
#281 = VERTEX_POINT ( 'NONE', #621 ) ;
#282 =( NAMED_UNIT ( * ) PLANE_ANGLE_UNIT ( ) SI_UNIT ( $, .RADIAN. ) );
#283 = CARTESIAN_POINT ( 'NONE',  ( -2.920000000000002149, 2.168404344971008868E-15, 7.209042382760237381E-15 ) ) ;
#284 =( NAMED_UNIT ( * ) SI_UNIT ( $, .STERADIAN. ) SOLID_ANGLE_UNIT ( ) );
#285 = CARTESIAN_POINT ( 'NONE',  ( 2.064751801064731662, -1.677956881821597523, -9.240186822346647958E-15 ) ) ;
#286 = FILL_AREA_STYLE_COLOUR ( '', #1286 ) ;
#287 = EDGE_LOOP ( 'NONE', ( #1217, #1837, #1823, #364 ) ) ;
#288 = EDGE_CURVE ( 'NONE', #972, #246, #1347, .T. ) ;
#289 = ORIENTED_EDGE ( 'NONE', *, *, #279, .T. ) ;
#290 = PRESENTATION_STYLE_ASSIGNMENT (( #1001 ) ) ;
#291 = CARTESIAN_POINT ( 'NONE',  ( -2.920000000000018137, 1.799775606325937360E-14, -6.399999999999993250 ) ) ;
#292 = ORIENTED_EDGE ( 'NONE', *, *, #1220, .F. ) ;
#293 = CARTESIAN_POINT ( 'NONE',  ( -2.064751801064729442, 2.064751801064707681, 0.1000000000000101918 ) ) ;
#294 = DIRECTION ( 'NONE',  ( 2.468850131082270077E-15, -2.468850131082261399E-15, 1.000000000000000000 ) ) ;
#295 = CARTESIAN_POINT ( 'NONE',  ( -2.920000000000001705, 1.734723475976807094E-15, 0.1000000000000072081 ) ) ;
#296 = AXIS2_PLACEMENT_3D ( 'NONE', #857, #430, #1490 ) ;
#297 = ORIENTED_EDGE ( 'NONE', *, *, #301, .T. ) ;
#298 = DIRECTION ( 'NONE',  ( 2.468850131082270077E-15, -2.468850131082261399E-15, 1.000000000000000000 ) ) ;
#299 = ORIENTED_EDGE ( 'NONE', *, *, #519, .F. ) ;
#300 = DIRECTION ( 'NONE',  ( -3.885780586188046905E-16, -1.000000000000000000, -2.668805347656626087E-15 ) ) ;
#301 = EDGE_CURVE ( 'NONE', #1147, #1373, #55, .T. ) ;
#302 = CARTESIAN_POINT ( 'NONE',  ( 2.064751801064729886, -2.064751801064707681, -1.019512550942195003E-14 ) ) ;
#303 = MECHANICAL_DESIGN_GEOMETRIC_PRESENTATION_REPRESENTATION (  '', ( #1595 ), #1336 ) ;
#304 = ADVANCED_FACE ( 'NONE', ( #630 ), #353, .F. ) ;
#305 = DIRECTION ( 'NONE',  ( 0.000000000000000000, 1.000000000000000000, 2.478176394252581732E-15 ) ) ;
#306 = VECTOR ( 'NONE', #509, 1000.000000000000000 ) ;
#307 = SURFACE_STYLE_USAGE ( .BOTH. , #1181 ) ;
#308 = LINE ( 'NONE', #1337, #1722 ) ;
#309 = ORIENTED_EDGE ( 'NONE', *, *, #953, .T. ) ;
#310 = CIRCLE ( 'NONE', #1428, 0.3499999999999999778 ) ;
#311 = CARTESIAN_POINT ( 'NONE',  ( -4.736219096942767770, 2.232404234397207698, 0.5000000000000172085 ) ) ;
#312 = VERTEX_POINT ( 'NONE', #1819 ) ;
#313 = CARTESIAN_POINT ( 'NONE',  ( 1.505998579960184648E-14, -1.505998579960179600E-14, 6.100000000000000533 ) ) ;
#314 = AXIS2_PLACEMENT_3D ( 'NONE', #1240, #17, #480 ) ;
#315 =( NAMED_UNIT ( * ) SI_UNIT ( $, .STERADIAN. ) SOLID_ANGLE_UNIT ( ) );
#316 = DIRECTION ( 'NONE',  ( 2.468850131082270077E-15, -2.468850131082261399E-15, 1.000000000000000000 ) ) ;
#317 = ADVANCED_FACE ( 'NONE', ( #648 ), #926, .F. ) ;
#318 =( LENGTH_UNIT ( ) NAMED_UNIT ( * ) SI_UNIT ( .MILLI., .METRE. ) );
#319 = DIRECTION ( 'NONE',  ( 0.000000000000000000, 1.000000000000000000, 2.168404344971009262E-15 ) ) ;
#320 = CARTESIAN_POINT ( 'NONE',  ( -2.920000000000002149, 2.168404344971008868E-15, 7.209042382760237381E-15 ) ) ;
#321 = ORIENTED_EDGE ( 'NONE', *, *, #962, .F. ) ;
#322 = CARTESIAN_POINT ( 'NONE',  ( -4.358998796049329272, 1.372599539574637983, 0.1000000000000141470 ) ) ;
#323 = LINE ( 'NONE', #1098, #1891 ) ;
#324 = CARTESIAN_POINT ( 'NONE',  ( -4.678816582088007436, 2.370986164273906738, 0.5000000000000174305 ) ) ;
#325 = EDGE_CURVE ( 'NONE', #730, #963, #1003, .T. ) ;
#326 = DIRECTION ( 'NONE',  ( -3.885780586188047891E-16, -1.000000000000000000, -2.424882278247149939E-15 ) ) ;
#327 = VECTOR ( 'NONE', #785, 999.9999999999998863 ) ;
#328 = PRESENTATION_LAYER_ASSIGNMENT (  '', '', ( #929 ) ) ;
#329 = ORIENTED_EDGE ( 'NONE', *, *, #339, .T. ) ;
#330 = PRESENTATION_STYLE_ASSIGNMENT (( #1531 ) ) ;
#331 = DIRECTION ( 'NONE',  ( 2.468850131082270077E-15, -2.468850131082261399E-15, 1.000000000000000000 ) ) ;
#332 = CARTESIAN_POINT ( 'NONE',  ( -2.064751801064732106, 1.839751801064710479, 9.639634229928451932E-15 ) ) ;
#333 = STYLED_ITEM ( 'NONE', ( #676 ), #471 ) ;
#334 = FACE_BOUND ( 'NONE', #721, .T. ) ;
#335 =( NAMED_UNIT ( * ) SI_UNIT ( $, .STERADIAN. ) SOLID_ANGLE_UNIT ( ) );
#336 =( GEOMETRIC_REPRESENTATION_CONTEXT ( 3 ) GLOBAL_UNCERTAINTY_ASSIGNED_CONTEXT ( ( #1401 ) ) GLOBAL_UNIT_ASSIGNED_CONTEXT ( ( #1603, #1158, #843 ) ) REPRESENTATION_CONTEXT ( 'NONE', 'WORKASPACE' ) );
#337 = FACE_OUTER_BOUND ( 'NONE', #1521, .T. ) ;
#338 =( LENGTH_UNIT ( ) NAMED_UNIT ( * ) SI_UNIT ( .MILLI., .METRE. ) );
#339 = EDGE_CURVE ( 'NONE', #359, #1045, #1750, .T. ) ;
#340 = ORIENTED_EDGE ( 'NONE', *, *, #848, .F. ) ;
#341 = CIRCLE ( 'NONE', #809, 4.150000000000000355 ) ;
#342 = CLOSED_SHELL ( 'NONE', ( #1497, #1558, #899, #531, #1192, #1350, #1423, #1103, #137 ) ) ;
#343 = SURFACE_STYLE_USAGE ( .BOTH. , #812 ) ;
#344 = SURFACE_SIDE_STYLE ('',( #162 ) ) ;
#345 = DIRECTION ( 'NONE',  ( -0.7071067811865487940, 0.7071067811865463515, 3.491481338843133355E-15 ) ) ;
#346 = EDGE_LOOP ( 'NONE', ( #223, #1452 ) ) ;
#347 = DIRECTION ( 'NONE',  ( 0.000000000000000000, -1.000000000000000000, -2.468850131082262188E-15 ) ) ;
#348 = EDGE_LOOP ( 'NONE', ( #1202, #864, #908, #268 ) ) ;
#349 = EDGE_CURVE ( 'NONE', #882, #1439, #1708, .T. ) ;
#350 = SURFACE_SIDE_STYLE ('',( #1532 ) ) ;
#351 = CARTESIAN_POINT ( 'NONE',  ( -2.081668171172168513E-14, 4.150000000000025224, -8.262823377231830690 ) ) ;
#352 = CARTESIAN_POINT ( 'NONE',  ( 2.064751801064731662, -1.677956881821597523, -9.240186822346647958E-15 ) ) ;
#353 = PLANE ( 'NONE',  #752 ) ;
#354 = ORIENTED_EDGE ( 'NONE', *, *, #110, .F. ) ;
#355 = UNCERTAINTY_MEASURE_WITH_UNIT (LENGTH_MEASURE( 1.000000000000000082E-05 ), #172, 'distance_accuracy_value', 'NONE');
#356 = SURFACE_SIDE_STYLE ('',( #1851 ) ) ;
#357 = DIRECTION ( 'NONE',  ( 2.468850131082270077E-15, -2.468850131082261399E-15, 1.000000000000000000 ) ) ;
#358 = CIRCLE ( 'NONE', #1494, 0.1500000000000001887 ) ;
#359 = VERTEX_POINT ( 'NONE', #324 ) ;
#360 = PRESENTATION_LAYER_ASSIGNMENT (  '', '', ( #1833 ) ) ;
#361 = EDGE_CURVE ( 'NONE', #1756, #1373, #1700, .T. ) ;
#362 = FILL_AREA_STYLE_COLOUR ( '', #68 ) ;
#363 = FACE_OUTER_BOUND ( 'NONE', #1640, .T. ) ;
#364 = ORIENTED_EDGE ( 'NONE', *, *, #219, .T. ) ;
#365 = DIRECTION ( 'NONE',  ( 2.468850131082270077E-15, -2.468850131082261399E-15, 1.000000000000000000 ) ) ;
#366 = CARTESIAN_POINT ( 'NONE',  ( 1.851637598311702656E-15, -1.851637598311695951E-15, 0.7500000000000000000 ) ) ;
#367 = AXIS2_PLACEMENT_3D ( 'NONE', #1004, #828, #536 ) ;
#368 = VECTOR ( 'NONE', #56, 1000.000000000000000 ) ;
#369 = VERTEX_POINT ( 'NONE', #1407 ) ;
#370 = MECHANICAL_DESIGN_GEOMETRIC_PRESENTATION_REPRESENTATION (  '', ( #140 ), #1742 ) ;
#371 = COLOUR_RGB ( '',0.9686274509803921573, 0.8784313725490195957, 0.5999999999999999778 ) ;
#372 = CONICAL_SURFACE ( 'NONE', #109, 0.3867949192431128225, 1.047197551196597409 ) ;
#373 = CLOSED_SHELL ( 'NONE', ( #31, #747, #448, #182, #1346, #11 ) ) ;
#374 = UNCERTAINTY_MEASURE_WITH_UNIT (LENGTH_MEASURE( 1.000000000000000082E-05 ), #226, 'distance_accuracy_value', 'NONE');
#375 = ADVANCED_FACE ( 'NONE', ( #52, #363 ), #163, .F. ) ;
#376 = CARTESIAN_POINT ( 'NONE',  ( 2.919999999999982609, -0.2249999999999851841, -6.400000000000008349 ) ) ;
#377 = ORIENTED_EDGE ( 'NONE', *, *, #845, .T. ) ;
#378 = DIRECTION ( 'NONE',  ( -0.7071067811865487940, 0.7071067811865463515, 3.491481338843133355E-15 ) ) ;
#379 = FILL_AREA_STYLE_COLOUR ( '', #1517 ) ;
#380 = ORIENTED_EDGE ( 'NONE', *, *, #1469, .F. ) ;
#381 = CARTESIAN_POINT ( 'NONE',  ( -4.678816582088007436, 2.370986164273906738, 0.5000000000000174305 ) ) ;
#382 = EDGE_CURVE ( 'NONE', #844, #1919, #470, .T. ) ;
#383 = DIRECTION ( 'NONE',  ( 2.468850131082270077E-15, -2.468850131082261399E-15, 1.000000000000000000 ) ) ;
#384 = ORIENTED_EDGE ( 'NONE', *, *, #1148, .F. ) ;
#385 =( GEOMETRIC_REPRESENTATION_CONTEXT ( 3 ) GLOBAL_UNCERTAINTY_ASSIGNED_CONTEXT ( ( #374 ) ) GLOBAL_UNIT_ASSIGNED_CONTEXT ( ( #226, #1427, #830 ) ) REPRESENTATION_CONTEXT ( 'NONE', 'WORKASPACE' ) );
#386 = ORIENTED_EDGE ( 'NONE', *, *, #339, .F. ) ;
#387 = UNCERTAINTY_MEASURE_WITH_UNIT (LENGTH_MEASURE( 1.000000000000000082E-05 ), #250, 'distance_accuracy_value', 'NONE');
#388 = CARTESIAN_POINT ( 'NONE',  ( 2.064751801064732106, -1.839751801064710479, -9.639634229928451932E-15 ) ) ;
#389 = CARTESIAN_POINT ( 'NONE',  ( -2.920000000000018137, 1.799775606325937360E-14, -6.399999999999993250 ) ) ;
#390 = ORIENTED_EDGE ( 'NONE', *, *, #1658, .T. ) ;
#391 = PRODUCT_RELATED_PRODUCT_CATEGORY ( 'part', '', ( #1888 ) ) ;
#392 = PRESENTATION_LAYER_ASSIGNMENT (  '', '', ( #680 ) ) ;
#393 = MECHANICAL_DESIGN_GEOMETRIC_PRESENTATION_REPRESENTATION (  '', ( #683 ), #1690 ) ;
#394 = CARTESIAN_POINT ( 'NONE',  ( -2.920000000000001705, -0.2250000000000010325, 0.1000000000000066530 ) ) ;
#395 = ORIENTED_EDGE ( 'NONE', *, *, #1586, .F. ) ;
#396 = COLOUR_RGB ( '',0.2235294117647058654, 0.2235294117647058654, 0.2235294117647058654 ) ;
#397 = CARTESIAN_POINT ( 'NONE',  ( 2.064751801064729886, -2.064751801064707681, -1.019512550942195003E-14 ) ) ;
#398 = AXIS2_PLACEMENT_3D ( 'NONE', #1099, #1251, #206 ) ;
#399 = CARTESIAN_POINT ( 'NONE',  ( -2.920000000000018137, 1.799775606325937360E-14, -6.399999999999993250 ) ) ;
#400 = EDGE_LOOP ( 'NONE', ( #1039, #1270, #810, #1025 ) ) ;
#401 = ADVANCED_FACE ( 'NONE', ( #334, #1262 ), #1734, .T. ) ;
#402 = CARTESIAN_POINT ( 'NONE',  ( 2.920000000000002149, -2.168404344971008868E-15, -7.209042382760237381E-15 ) ) ;
#403 = CARTESIAN_POINT ( 'NONE',  ( 2.064751801064729886, -2.064751801064707681, -1.019512550942195003E-14 ) ) ;
#404 = ORIENTED_EDGE ( 'NONE', *, *, #485, .F. ) ;
#405 = DIRECTION ( 'NONE',  ( 1.332267629550188440E-15, -0.8660254037844397068, 0.4999999999999981126 ) ) ;
#406 = CARTESIAN_POINT ( 'NONE',  ( -2.064751801064731218, 2.289751801064709547, 1.075061678891546548E-14 ) ) ;
#407 = ORIENTED_EDGE ( 'NONE', *, *, #325, .T. ) ;
#408 = VERTEX_POINT ( 'NONE', #1883 ) ;
#409 =( NAMED_UNIT ( * ) PLANE_ANGLE_UNIT ( ) SI_UNIT ( $, .RADIAN. ) );
#410 = DIRECTION ( 'NONE',  ( -2.468850131082270077E-15, 2.468850131082261399E-15, -1.000000000000000000 ) ) ;
#411 = ORIENTED_EDGE ( 'NONE', *, *, #1696, .T. ) ;
#412 = EDGE_CURVE ( 'NONE', #1756, #1268, #1182, .T. ) ;
#413 = COLOUR_RGB ( '',0.9686274509803921573, 0.8784313725490195957, 0.5999999999999999778 ) ;
#414 = DIRECTION ( 'NONE',  ( -2.468850131082270077E-15, 2.468850131082261399E-15, -1.000000000000000000 ) ) ;
#415 = DIRECTION ( 'NONE',  ( 3.885780586188048385E-16, 1.000000000000000000, 2.467330983336814992E-15 ) ) ;
#416 = ORIENTED_EDGE ( 'NONE', *, *, #1333, .F. ) ;
#417 = COLOUR_RGB ( '',0.2235294117647058654, 0.2235294117647058654, 0.2235294117647058654 ) ;
#418 = ORIENTED_EDGE ( 'NONE', *, *, #279, .F. ) ;
#419 = AXIS2_PLACEMENT_3D ( 'NONE', #691, #266, #1585 ) ;
#420 = VECTOR ( 'NONE', #1591, 1000.000000000000000 ) ;
#421 = DIRECTION ( 'NONE',  ( -2.468850131082270077E-15, 2.468850131082261399E-15, -1.000000000000000000 ) ) ;
#422 = CIRCLE ( 'NONE', #514, 4.150000000000000355 ) ;
#423 = DIRECTION ( 'NONE',  ( 2.468850131082270077E-15, -2.468850131082261399E-15, 1.000000000000000000 ) ) ;
#424 = STYLED_ITEM ( 'NONE', ( #928 ), #1423 ) ;
#425 = ORIENTED_EDGE ( 'NONE', *, *, #1608, .F. ) ;
#426 = ORIENTED_EDGE ( 'NONE', *, *, #1770, .F. ) ;
#427 = DIRECTION ( 'NONE',  ( 2.468850131082270077E-15, -2.468850131082261399E-15, 1.000000000000000000 ) ) ;
#428 = FILL_AREA_STYLE_COLOUR ( '', #1662 ) ;
#429 = ORIENTED_EDGE ( 'NONE', *, *, #1586, .T. ) ;
#430 = DIRECTION ( 'NONE',  ( -2.468850131082270077E-15, 2.468850131082261399E-15, -1.000000000000000000 ) ) ;
#431 = DIRECTION ( 'NONE',  ( -2.468850131082270077E-15, 2.468850131082261399E-15, -1.000000000000000000 ) ) ;
#432 = CARTESIAN_POINT ( 'NONE',  ( 2.839177650744610292E-15, -2.839177650744600432E-15, 1.149999999999999911 ) ) ;
#433 = EDGE_CURVE ( 'NONE', #1268, #1147, #820, .T. ) ;
#434 = ORIENTED_EDGE ( 'NONE', *, *, #1770, .T. ) ;
#435 = EDGE_CURVE ( 'NONE', #312, #1908, #506, .T. ) ;
#436 = VERTEX_POINT ( 'NONE', #92 ) ;
#437 = DIRECTION ( 'NONE',  ( 2.468850131082270077E-15, -2.468850131082261399E-15, 1.000000000000000000 ) ) ;
#438 = DIRECTION ( 'NONE',  ( 2.468850131082270077E-15, -2.468850131082261399E-15, 1.000000000000000000 ) ) ;
#439 = DIRECTION ( 'NONE',  ( 0.000000000000000000, 1.000000000000000000, 2.468850131082260216E-15 ) ) ;
#440 = DIRECTION ( 'NONE',  ( -3.885780586188048385E-16, -1.000000000000000000, -2.467330983336814992E-15 ) ) ;
#441 = DIRECTION ( 'NONE',  ( 0.000000000000000000, 1.000000000000000000, 3.854941057726234744E-15 ) ) ;
#442 =( GEOMETRIC_REPRESENTATION_CONTEXT ( 3 ) GLOBAL_UNCERTAINTY_ASSIGNED_CONTEXT ( ( #1419 ) ) GLOBAL_UNIT_ASSIGNED_CONTEXT ( ( #722, #1072, #315 ) ) REPRESENTATION_CONTEXT ( 'NONE', 'WORKASPACE' ) );
#443 = STYLED_ITEM ( 'NONE', ( #866 ), #1914 ) ;
#444 = ORIENTED_EDGE ( 'NONE', *, *, #110, .T. ) ;
#445 = ORIENTED_EDGE ( 'NONE', *, *, #1083, .F. ) ;
#446 = DIRECTION ( 'NONE',  ( 0.000000000000000000, 1.000000000000000000, 2.469571615105869195E-15 ) ) ;
#447 = FILL_AREA_STYLE ('',( #595 ) ) ;
#448 = ADVANCED_FACE ( 'NONE', ( #1269, #992 ), #687, .F. ) ;
#449 = DIRECTION ( 'NONE',  ( 3.885780586188049864E-16, 1.000000000000000000, 2.508033941171287194E-15 ) ) ;
#450 = PRESENTATION_STYLE_ASSIGNMENT (( #307 ) ) ;
#451 = AXIS2_PLACEMENT_3D ( 'NONE', #311, #298, #1508 ) ;
#452 = DIRECTION ( 'NONE',  ( 2.468850131082270077E-15, -2.468850131082261399E-15, 1.000000000000000000 ) ) ;
#453 = PRESENTATION_LAYER_ASSIGNMENT (  '', '', ( #683 ) ) ;
#454 = DIRECTION ( 'NONE',  ( 0.000000000000000000, 1.000000000000000000, 2.469571615105869195E-15 ) ) ;
#455 = AXIS2_PLACEMENT_3D ( 'NONE', #295, #758, #1673 ) ;
#456 = CARTESIAN_POINT ( 'NONE',  ( 2.064751801064731662, -2.289751801064709547, 0.09999999999998926414 ) ) ;
#457 = CIRCLE ( 'NONE', #1035, 0.2250000000000001721 ) ;
#458 = ORIENTED_EDGE ( 'NONE', *, *, #1360, .F. ) ;
#459 =( NAMED_UNIT ( * ) PLANE_ANGLE_UNIT ( ) SI_UNIT ( $, .RADIAN. ) );
#460 =( NAMED_UNIT ( * ) SI_UNIT ( $, .STERADIAN. ) SOLID_ANGLE_UNIT ( ) );
#461 = EDGE_CURVE ( 'NONE', #105, #1619, #527, .T. ) ;
#462 = DIRECTION ( 'NONE',  ( 2.468850131082270077E-15, -2.468850131082261399E-15, 1.000000000000000000 ) ) ;
#463 = PRESENTATION_STYLE_ASSIGNMENT (( #773 ) ) ;
#464 = CARTESIAN_POINT ( 'NONE',  ( -4.678816582088007436, 2.370986164273906738, 0.5000000000000174305 ) ) ;
#465 = SURFACE_STYLE_FILL_AREA ( #1822 ) ;
#466 = VERTEX_POINT ( 'NONE', #394 ) ;
#467 =( NAMED_UNIT ( * ) SI_UNIT ( $, .STERADIAN. ) SOLID_ANGLE_UNIT ( ) );
#468 = CARTESIAN_POINT ( 'NONE',  ( 1.012228553743730712E-14, -1.012228553743727083E-14, 4.100000000000000533 ) ) ;
#469 = CARTESIAN_POINT ( 'NONE',  ( -4.150000000000002132, -2.602085213965210642E-15, 1.150000000000010125 ) ) ;
#470 = LINE ( 'NONE', #1082, #149 ) ;
#471 = ADVANCED_FACE ( 'NONE', ( #1611 ), #1752, .F. ) ;
#472 = DIRECTION ( 'NONE',  ( 2.468850131082270077E-15, -2.468850131082261399E-15, 1.000000000000000000 ) ) ;
#473 = AXIS2_PLACEMENT_3D ( 'NONE', #1620, #563, #1909 ) ;
#474 = FACE_OUTER_BOUND ( 'NONE', #348, .T. ) ;
#475 = ORIENTED_EDGE ( 'NONE', *, *, #1469, .T. ) ;
#476 = DIRECTION ( 'NONE',  ( 0.000000000000000000, -1.000000000000000000, -2.468850131082260216E-15 ) ) ;
#477 =( NAMED_UNIT ( * ) SI_UNIT ( $, .STERADIAN. ) SOLID_ANGLE_UNIT ( ) );
#478 = MANIFOLD_SOLID_BREP ( 'NONE', #1444 ) ;
#479 = AXIS2_PLACEMENT_3D ( 'NONE', #1718, #1165, #115 ) ;
#480 = DIRECTION ( 'NONE',  ( 0.000000000000000000, 1.000000000000000000, 2.469571615105871956E-15 ) ) ;
#481 = VERTEX_POINT ( 'NONE', #898 ) ;
#482 = MECHANICAL_DESIGN_GEOMETRIC_PRESENTATION_REPRESENTATION (  '', ( #1468 ), #336 ) ;
#483 = CARTESIAN_POINT ( 'NONE',  ( -2.064751801064729886, 2.064751801064707681, 1.019512550942195003E-14 ) ) ;
#484 = DIRECTION ( 'NONE',  ( 0.000000000000000000, 1.000000000000000000, 2.478176394252581732E-15 ) ) ;
#485 = EDGE_CURVE ( 'NONE', #1493, #1242, #1332, .T. ) ;
#486 = ORIENTED_EDGE ( 'NONE', *, *, #97, .F. ) ;
#487 = DIRECTION ( 'NONE',  ( 2.468850131082270077E-15, -2.468850131082261399E-15, 1.000000000000000000 ) ) ;
#488 = CIRCLE ( 'NONE', #973, 4.150000000000000355 ) ;
#489 = DIRECTION ( 'NONE',  ( -0.3826834323650831204, -0.9238795325112895140, -1.336132062787166968E-15 ) ) ;
#490 = ORIENTED_EDGE ( 'NONE', *, *, #1528, .F. ) ;
#491 =( NAMED_UNIT ( * ) SI_UNIT ( $, .STERADIAN. ) SOLID_ANGLE_UNIT ( ) );
#492 = DIRECTION ( 'NONE',  ( 0.000000000000000000, 1.000000000000000000, 2.469571615105871956E-15 ) ) ;
#493 = ADVANCED_FACE ( 'NONE', ( #1648 ), #855, .T. ) ;
#494 = ORIENTED_EDGE ( 'NONE', *, *, #1939, .T. ) ;
#495 = EDGE_CURVE ( 'NONE', #861, #959, #1921, .T. ) ;
#496 = FACE_OUTER_BOUND ( 'NONE', #60, .T. ) ;
#497 = DIRECTION ( 'NONE',  ( -2.468850131082270077E-15, 2.468850131082261399E-15, -1.000000000000000000 ) ) ;
#498 = ORIENTED_EDGE ( 'NONE', *, *, #495, .T. ) ;
#499 = UNCERTAINTY_MEASURE_WITH_UNIT (LENGTH_MEASURE( 1.000000000000000082E-05 ), #933, 'distance_accuracy_value', 'NONE');
#500 = CARTESIAN_POINT ( 'NONE',  ( -4.874801026819466365, 2.289806749251974249, 0.5000000000000176525 ) ) ;
#501 = DIRECTION ( 'NONE',  ( 0.000000000000000000, -1.000000000000000000, -2.468850131082263766E-15 ) ) ;
#502 = FILL_AREA_STYLE ('',( #1861 ) ) ;
#503 = AXIS2_PLACEMENT_3D ( 'NONE', #767, #1821, #177 ) ;
#504 = ORIENTED_EDGE ( 'NONE', *, *, #962, .T. ) ;
#505 = EDGE_CURVE ( 'NONE', #997, #408, #1087, .T. ) ;
#506 = LINE ( 'NONE', #1290, #1503 ) ;
#507 = EDGE_LOOP ( 'NONE', ( #1831, #1205, #1303, #486 ) ) ;
#508 = MANIFOLD_SOLID_BREP ( 'NONE', #1477 ) ;
#509 = DIRECTION ( 'NONE',  ( 2.468850131082270077E-15, -2.468850131082261399E-15, 1.000000000000000000 ) ) ;
#510 = CONICAL_SURFACE ( 'NONE', #1873, 4.150000000000000355, 0.7853981633974461696 ) ;
#511 = CARTESIAN_POINT ( 'NONE',  ( 2.064751801064730330, -2.064751801064708125, 0.09999999999998981925 ) ) ;
#512 = AXIS2_PLACEMENT_3D ( 'NONE', #1109, #37, #347 ) ;
#513 = EDGE_LOOP ( 'NONE', ( #1858, #1315 ) ) ;
#514 = AXIS2_PLACEMENT_3D ( 'NONE', #622, #1335, #1369 ) ;
#515 =( GEOMETRIC_REPRESENTATION_CONTEXT ( 3 ) GLOBAL_UNCERTAINTY_ASSIGNED_CONTEXT ( ( #1297 ) ) GLOBAL_UNIT_ASSIGNED_CONTEXT ( ( #1030, #733, #713 ) ) REPRESENTATION_CONTEXT ( 'NONE', 'WORKASPACE' ) );
#516 = LINE ( 'NONE', #1151, #111 ) ;
#517 = AXIS2_PLACEMENT_3D ( 'NONE', #979, #267, #1302 ) ;
#518 = DIRECTION ( 'NONE',  ( 2.468850131082270471E-15, -2.468850131082261794E-15, 1.000000000000000000 ) ) ;
#519 = EDGE_CURVE ( 'NONE', #882, #988, #1024, .T. ) ;
#520 = AXIS2_PLACEMENT_3D ( 'NONE', #1389, #34, #345 ) ;
#521 = CYLINDRICAL_SURFACE ( 'NONE', #12, 0.3499999999999999778 ) ;
#522 = DIRECTION ( 'NONE',  ( -2.468850131082270077E-15, 2.468850131082261399E-15, -1.000000000000000000 ) ) ;
#523 = CARTESIAN_POINT ( 'NONE',  ( -2.064751801064729442, 2.064751801064707681, 0.1000000000000101918 ) ) ;
#524 = DIRECTION ( 'NONE',  ( 2.468850131082270077E-15, -2.468850131082261399E-15, 1.000000000000000000 ) ) ;
#525 = EDGE_LOOP ( 'NONE', ( #1229, #556, #853, #390 ) ) ;
#526 =( NAMED_UNIT ( * ) SI_UNIT ( $, .STERADIAN. ) SOLID_ANGLE_UNIT ( ) );
#527 = LINE ( 'NONE', #974, #210 ) ;
#528 = ORIENTED_EDGE ( 'NONE', *, *, #1037, .F. ) ;
#529 = CARTESIAN_POINT ( 'NONE',  ( 2.064751801064728109, -2.451546720307818727, -1.115006419649725210E-14 ) ) ;
#530 = FACE_OUTER_BOUND ( 'NONE', #1247, .T. ) ;
#531 = ADVANCED_FACE ( 'NONE', ( #1922 ), #510, .T. ) ;
#532 = DIRECTION ( 'NONE',  ( -2.468850131082270077E-15, 2.468850131082261399E-15, -1.000000000000000000 ) ) ;
#533 = ORIENTED_EDGE ( 'NONE', *, *, #1230, .T. ) ;
#534 = CIRCLE ( 'NONE', #1654, 0.1500000000000001887 ) ;
#535 =( LENGTH_UNIT ( ) NAMED_UNIT ( * ) SI_UNIT ( .MILLI., .METRE. ) );
#536 = DIRECTION ( 'NONE',  ( -3.885780586188046905E-16, -1.000000000000000000, -2.668805347656626087E-15 ) ) ;
#537 = EDGE_LOOP ( 'NONE', ( #1020, #781 ) ) ;
#538 = FACE_OUTER_BOUND ( 'NONE', #1796, .T. ) ;
#539 = SURFACE_SIDE_STYLE ('',( #1012 ) ) ;
#540 = DIRECTION ( 'NONE',  ( 0.3826834323650840086, 0.9238795325112891810, 1.336132062787164010E-15 ) ) ;
#541 =( GEOMETRIC_REPRESENTATION_CONTEXT ( 3 ) GLOBAL_UNCERTAINTY_ASSIGNED_CONTEXT ( ( #54 ) ) GLOBAL_UNIT_ASSIGNED_CONTEXT ( ( #840, #1141, #1155 ) ) REPRESENTATION_CONTEXT ( 'NONE', 'WORKASPACE' ) );
#542 = ADVANCED_FACE ( 'NONE', ( #1395 ), #49, .F. ) ;
#543 = EDGE_LOOP ( 'NONE', ( #787, #131, #1404, #425 ) ) ;
#544 = CIRCLE ( 'NONE', #76, 0.2249999999999999500 ) ;
#545 = AXIS2_PLACEMENT_3D ( 'NONE', #1043, #294, #1502 ) ;
#546 =( NAMED_UNIT ( * ) SI_UNIT ( $, .STERADIAN. ) SOLID_ANGLE_UNIT ( ) );
#547 = DIRECTION ( 'NONE',  ( 0.000000000000000000, 1.000000000000000000, 2.468850131082259822E-15 ) ) ;
#548 = MECHANICAL_DESIGN_GEOMETRIC_PRESENTATION_REPRESENTATION (  '', ( #1744 ), #515 ) ;
#549 = MECHANICAL_DESIGN_GEOMETRIC_PRESENTATION_REPRESENTATION (  '', ( #1846 ), #657 ) ;
#550 = EDGE_LOOP ( 'NONE', ( #975, #1765, #771, #1748 ) ) ;
#551 = LINE ( 'NONE', #529, #1241 ) ;
#552 = VECTOR ( 'NONE', #1869, 1000.000000000000114 ) ;
#553 = PRESENTATION_STYLE_ASSIGNMENT (( #1134 ) ) ;
#554 = VECTOR ( 'NONE', #1546, 1000.000000000000000 ) ;
#555 = DIRECTION ( 'NONE',  ( -0.7071067811865487940, 0.7071067811865463515, 3.491481338843133355E-15 ) ) ;
#556 = ORIENTED_EDGE ( 'NONE', *, *, #1397, .F. ) ;
#557 = EDGE_CURVE ( 'NONE', #1665, #641, #46, .T. ) ;
#558 = ORIENTED_EDGE ( 'NONE', *, *, #1289, .T. ) ;
#559 = EDGE_CURVE ( 'NONE', #949, #466, #1437, .T. ) ;
#560 = DIRECTION ( 'NONE',  ( 0.000000000000000000, -1.000000000000000000, -2.468850131082262188E-15 ) ) ;
#561 =( LENGTH_UNIT ( ) NAMED_UNIT ( * ) SI_UNIT ( .MILLI., .METRE. ) );
#562 = VERTEX_POINT ( 'NONE', #1370 ) ;
#563 = DIRECTION ( 'NONE',  ( 2.468850131082270471E-15, -2.468850131082261794E-15, 1.000000000000000000 ) ) ;
#564 = DIRECTION ( 'NONE',  ( 2.468850131082270471E-15, -2.468850131082261794E-15, 1.000000000000000000 ) ) ;
#565 = CARTESIAN_POINT ( 'NONE',  ( 2.919999999999986162, 1.387778780781445676E-14, -6.400000000000007461 ) ) ;
#566 = ORIENTED_EDGE ( 'NONE', *, *, #1863, .T. ) ;
#567 = ORIENTED_EDGE ( 'NONE', *, *, #1485, .F. ) ;
#568 = FACE_BOUND ( 'NONE', #1704, .T. ) ;
#569 = PRESENTATION_STYLE_ASSIGNMENT (( #114 ) ) ;
#570 = ADVANCED_FACE ( 'NONE', ( #741 ), #1069, .T. ) ;
#571 = VECTOR ( 'NONE', #1567, 1000.000000000000000 ) ;
#572 = ORIENTED_EDGE ( 'NONE', *, *, #1485, .T. ) ;
#573 = CARTESIAN_POINT ( 'NONE',  ( 5.637851296924623057E-15, 4.649999999999999467, 1.150000000000011458 ) ) ;
#574 = AXIS2_PLACEMENT_3D ( 'NONE', #596, #427, #560 ) ;
#575 = CARTESIAN_POINT ( 'NONE',  ( 2.064751801064731218, -2.289751801064709547, -1.075061678891546548E-14 ) ) ;
#576 = DIRECTION ( 'NONE',  ( 2.468850131082270077E-15, -2.468850131082261399E-15, 1.000000000000000000 ) ) ;
#577 = EDGE_LOOP ( 'NONE', ( #1384, #1890, #1570, #1697 ) ) ;
#578 = STYLED_ITEM ( 'NONE', ( #868 ), #478 ) ;
#579 = ORIENTED_EDGE ( 'NONE', *, *, #1163, .F. ) ;
#580 = VECTOR ( 'NONE', #1712, 1000.000000000000000 ) ;
#581 = DIRECTION ( 'NONE',  ( -2.468850131082270077E-15, 2.468850131082261399E-15, -1.000000000000000000 ) ) ;
#582 = MECHANICAL_DESIGN_GEOMETRIC_PRESENTATION_REPRESENTATION (  '', ( #834 ), #711 ) ;
#583 = FILL_AREA_STYLE_COLOUR ( '', #101 ) ;
#584 = DIRECTION ( 'NONE',  ( 0.000000000000000000, 1.000000000000000000, 2.468496017712530276E-15 ) ) ;
#585 = STYLED_ITEM ( 'NONE', ( #330 ), #1201 ) ;
#586 = DIRECTION ( 'NONE',  ( 0.000000000000000000, 1.000000000000000000, 2.468496017712529881E-15 ) ) ;
#587 = EDGE_CURVE ( 'NONE', #1619, #861, #1026, .T. ) ;
#588 = CIRCLE ( 'NONE', #1691, 0.1499999999999999667 ) ;
#589 = SURFACE_STYLE_FILL_AREA ( #1067 ) ;
#590 = PRESENTATION_LAYER_ASSIGNMENT (  '', '', ( #1932 ) ) ;
#591 = AXIS2_PLACEMENT_3D ( 'NONE', #878, #1817, #1357 ) ;
#592 = ORIENTED_EDGE ( 'NONE', *, *, #65, .F. ) ;
#593 = ORIENTED_EDGE ( 'NONE', *, *, #1839, .T. ) ;
#594 = CARTESIAN_POINT ( 'NONE',  ( 2.919999999999986162, 1.387778780781445676E-14, -6.400000000000007461 ) ) ;
#595 = FILL_AREA_STYLE_COLOUR ( '', #1441 ) ;
#596 = CARTESIAN_POINT ( 'NONE',  ( -2.920000000000002149, 2.168404344971008868E-15, 7.209042382760237381E-15 ) ) ;
#597 = ORIENTED_EDGE ( 'NONE', *, *, #559, .F. ) ;
#598 = LINE ( 'NONE', #1481, #643 ) ;
#599 = LINE ( 'NONE', #1491, #807 ) ;
#600 = DIRECTION ( 'NONE',  ( -2.468850131082270077E-15, 2.468850131082261399E-15, -1.000000000000000000 ) ) ;
#601 = ORIENTED_EDGE ( 'NONE', *, *, #943, .T. ) ;
#602 = CARTESIAN_POINT ( 'NONE',  ( -4.736219096942767770, 2.232404234397207698, 0.5000000000000172085 ) ) ;
#603 = ORIENTED_EDGE ( 'NONE', *, *, #1037, .T. ) ;
#604 =( NAMED_UNIT ( * ) SI_UNIT ( $, .STERADIAN. ) SOLID_ANGLE_UNIT ( ) );
#605 = SURFACE_SIDE_STYLE ('',( #1578 ) ) ;
#606 = APPLICATION_PROTOCOL_DEFINITION ( 'draft international standard', 'automotive_design', 1998, #1487 ) ;
#607 = SURFACE_SIDE_STYLE ('',( #1049 ) ) ;
#608 = ORIENTED_EDGE ( 'NONE', *, *, #1126, .F. ) ;
#609 = DIRECTION ( 'NONE',  ( 0.9238795325112891810, -0.3826834323650840086, -3.225708147102269395E-15 ) ) ;
#610 = AXIS2_PLACEMENT_3D ( 'NONE', #483, #1093, #1554 ) ;
#611 = DIRECTION ( 'NONE',  ( -2.468850131082270077E-15, 2.468850131082261399E-15, -1.000000000000000000 ) ) ;
#612 = DIRECTION ( 'NONE',  ( 2.468850131082270077E-15, -2.468850131082261399E-15, 1.000000000000000000 ) ) ;
#613 = CIRCLE ( 'NONE', #889, 0.5600000000000006084 ) ;
#614 = DIRECTION ( 'NONE',  ( -2.468850131082270077E-15, 2.468850131082261399E-15, -1.000000000000000000 ) ) ;
#615 = EDGE_CURVE ( 'NONE', #1530, #959, #1840, .T. ) ;
#616 = ORIENTED_EDGE ( 'NONE', *, *, #874, .F. ) ;
#617 =( NAMED_UNIT ( * ) SI_UNIT ( $, .STERADIAN. ) SOLID_ANGLE_UNIT ( ) );
#618 = AXIS2_PLACEMENT_3D ( 'NONE', #981, #79, #216 ) ;
#619 = DIRECTION ( 'NONE',  ( -2.468850131082270077E-15, 2.468850131082261399E-15, -1.000000000000000000 ) ) ;
#620 = CARTESIAN_POINT ( 'NONE',  ( -2.064751801064729886, 2.064751801064707681, 1.019512550942195003E-14 ) ) ;
#621 = CARTESIAN_POINT ( 'NONE',  ( -2.919999999999997264, -0.5599999999999994982, 0.1000000000000058342 ) ) ;
#622 = CARTESIAN_POINT ( 'NONE',  ( 1.851637598311702656E-15, -1.851637598311695951E-15, 0.7500000000000000000 ) ) ;
#623 = PRESENTATION_LAYER_ASSIGNMENT (  '', '', ( #834 ) ) ;
#624 = VECTOR ( 'NONE', #1312, 1000.000000000000000 ) ;
#625 = CARTESIAN_POINT ( 'NONE',  ( 1.505998579960184648E-14, -1.505998579960179600E-14, 6.100000000000000533 ) ) ;
#626 = VERTEX_POINT ( 'NONE', #1421 ) ;
#627 = CYLINDRICAL_SURFACE ( 'NONE', #901, 4.649999999999999467 ) ;
#628 = EDGE_CURVE ( 'NONE', #988, #1092, #220, .T. ) ;
#629 = CARTESIAN_POINT ( 'NONE',  ( -4.678816582088008325, 2.370986164273907626, 0.1000000000000174083 ) ) ;
#630 = FACE_OUTER_BOUND ( 'NONE', #1460, .T. ) ;
#631 = CARTESIAN_POINT ( 'NONE',  ( 1.505998579960184648E-14, -1.505998579960179600E-14, 6.100000000000000533 ) ) ;
#632 = CYLINDRICAL_SURFACE ( 'NONE', #1089, 0.2249999999999999500 ) ;
#633 = DIRECTION ( 'NONE',  ( 0.9238795325112891810, -0.3826834323650840086, -3.225708147102269395E-15 ) ) ;
#634 = ORIENTED_EDGE ( 'NONE', *, *, #1083, .T. ) ;
#635 = CARTESIAN_POINT ( 'NONE',  ( 0.000000000000000000, 0.000000000000000000, 0.000000000000000000 ) ) ;
#636 =( NAMED_UNIT ( * ) PLANE_ANGLE_UNIT ( ) SI_UNIT ( $, .RADIAN. ) );
#637 = CARTESIAN_POINT ( 'NONE',  ( -2.920000000000001705, 1.734723475976807094E-15, 0.1000000000000072081 ) ) ;
#638 = CARTESIAN_POINT ( 'NONE',  ( -2.064751801064729442, 2.064751801064707681, 0.1000000000000101918 ) ) ;
#639 = EDGE_CURVE ( 'NONE', #436, #626, #1723, .T. ) ;
#640 = DIRECTION ( 'NONE',  ( -2.468850131082270077E-15, 2.468850131082261399E-15, -1.000000000000000000 ) ) ;
#641 = VERTEX_POINT ( 'NONE', #376 ) ;
#642 = CARTESIAN_POINT ( 'NONE',  ( 2.064751801064716119, -1.839751801064694492, -6.400000000000010125 ) ) ;
#643 = VECTOR ( 'NONE', #1052, 1000.000000000000000 ) ;
#644 = CONICAL_SURFACE ( 'NONE', #1564, 0.3867949192431128225, 1.047197551196597409 ) ;
#645 = VERTEX_POINT ( 'NONE', #1569 ) ;
#646 =( NAMED_UNIT ( * ) PLANE_ANGLE_UNIT ( ) SI_UNIT ( $, .RADIAN. ) );
#647 = LINE ( 'NONE', #629, #327 ) ;
#648 = FACE_OUTER_BOUND ( 'NONE', #1540, .T. ) ;
#649 = ORIENTED_EDGE ( 'NONE', *, *, #1372, .F. ) ;
#650 = UNCERTAINTY_MEASURE_WITH_UNIT (LENGTH_MEASURE( 1.000000000000000082E-05 ), #535, 'distance_accuracy_value', 'NONE');
#651 = CIRCLE ( 'NONE', #1664, 0.2250000000000001721 ) ;
#652 = ADVANCED_FACE ( 'NONE', ( #1120 ), #789, .T. ) ;
#653 = DIRECTION ( 'NONE',  ( -2.468850131082270077E-15, 2.468850131082261399E-15, -1.000000000000000000 ) ) ;
#654 = AXIS2_PLACEMENT_3D ( 'NONE', #1206, #1196, #446 ) ;
#655 = DIRECTION ( 'NONE',  ( 0.000000000000000000, 1.000000000000000000, 2.168404344971006107E-15 ) ) ;
#656 = ADVANCED_FACE ( 'NONE', ( #1555 ), #778, .T. ) ;
#657 =( GEOMETRIC_REPRESENTATION_CONTEXT ( 3 ) GLOBAL_UNCERTAINTY_ASSIGNED_CONTEXT ( ( #1711 ) ) GLOBAL_UNIT_ASSIGNED_CONTEXT ( ( #1169, #1193, #127 ) ) REPRESENTATION_CONTEXT ( 'NONE', 'WORKASPACE' ) );
#658 = ORIENTED_EDGE ( 'NONE', *, *, #639, .F. ) ;
#659 = CLOSED_SHELL ( 'NONE', ( #154, #493, #1277, #1314 ) ) ;
#660 = CARTESIAN_POINT ( 'NONE',  ( -2.919999999999999041, 0.3867949192431137106, 8.163981069835539451E-15 ) ) ;
#661 = DIRECTION ( 'NONE',  ( 2.468850131082270077E-15, -2.468850131082261399E-15, 1.000000000000000000 ) ) ;
#662 = ORIENTED_EDGE ( 'NONE', *, *, #1816, .F. ) ;
#663 = DIRECTION ( 'NONE',  ( 2.468850131082270077E-15, -2.468850131082261399E-15, 1.000000000000000000 ) ) ;
#664 = CARTESIAN_POINT ( 'NONE',  ( 2.064751801064730330, -2.064751801064708125, 0.09999999999998981925 ) ) ;
#665 = EDGE_CURVE ( 'NONE', #105, #1843, #1538, .T. ) ;
#666 = ORIENTED_EDGE ( 'NONE', *, *, #1618, .F. ) ;
#667 = SURFACE_STYLE_FILL_AREA ( #252 ) ;
#668 = VERTEX_POINT ( 'NONE', #179 ) ;
#669 = FACE_OUTER_BOUND ( 'NONE', #346, .T. ) ;
#670 = CARTESIAN_POINT ( 'NONE',  ( 2.064751801064716563, -1.839751801064694270, -6.400000000000010125 ) ) ;
#671 = CARTESIAN_POINT ( 'NONE',  ( 2.064751801064713899, -2.064751801064692138, -6.400000000000011013 ) ) ;
#672 = AXIS2_PLACEMENT_3D ( 'NONE', #293, #1167, #153 ) ;
#673 = ORIENTED_EDGE ( 'NONE', *, *, #732, .F. ) ;
#674 = EDGE_CURVE ( 'NONE', #1675, #1867, #651, .T. ) ;
#675 = AXIS2_PLACEMENT_3D ( 'NONE', #827, #518, #1596 ) ;
#676 = PRESENTATION_STYLE_ASSIGNMENT (( #67 ) ) ;
#677 = CARTESIAN_POINT ( 'NONE',  ( 2.064751801064713899, -2.064751801064692138, -6.400000000000011013 ) ) ;
#678 = AXIS2_PLACEMENT_3D ( 'NONE', #1429, #1762, #1730 ) ;
#679 = CARTESIAN_POINT ( 'NONE',  ( -5.066142743002009396, 1.827866982996327216, 0.1000000000000170336 ) ) ;
#680 = STYLED_ITEM ( 'NONE', ( #910 ), #1133 ) ;
#681 = EDGE_LOOP ( 'NONE', ( #1116, #1178 ) ) ;
#682 = CIRCLE ( 'NONE', #213, 0.2249999999999999500 ) ;
#683 = STYLED_ITEM ( 'NONE', ( #569 ), #1150 ) ;
#684 = FILL_AREA_STYLE ('',( #362 ) ) ;
#685 = CLOSED_SHELL ( 'NONE', ( #1204, #1885, #817, #1785 ) ) ;
#686 = EDGE_CURVE ( 'NONE', #1867, #1675, #1405, .T. ) ;
#687 = PLANE ( 'NONE',  #1632 ) ;
#688 = ORIENTED_EDGE ( 'NONE', *, *, #1749, .T. ) ;
#689 = PRODUCT_DEFINITION_CONTEXT ( 'detailed design', #1394, 'design' ) ;
#690 = FACE_OUTER_BOUND ( 'NONE', #1713, .T. ) ;
#691 = CARTESIAN_POINT ( 'NONE',  ( 2.064751801064730330, -2.064751801064708125, 0.09999999999998981925 ) ) ;
#692 = LINE ( 'NONE', #679, #1639 ) ;
#693 = VERTEX_POINT ( 'NONE', #670 ) ;
#694 = CARTESIAN_POINT ( 'NONE',  ( 1.012228553743730712E-14, -1.012228553743727083E-14, 4.100000000000000533 ) ) ;
#695 = EDGE_CURVE ( 'NONE', #693, #1520, #1703, .T. ) ;
#696 = FILL_AREA_STYLE ('',( #718 ) ) ;
#697 = DIRECTION ( 'NONE',  ( 2.468850131082270077E-15, -2.468850131082261399E-15, 1.000000000000000000 ) ) ;
#698 = EDGE_LOOP ( 'NONE', ( #894, #1937 ) ) ;
#699 = VECTOR ( 'NONE', #1420, 999.9999999999998863 ) ;
#700 = CIRCLE ( 'NONE', #1801, 0.3867949192431128225 ) ;
#701 = SURFACE_SIDE_STYLE ('',( #667 ) ) ;
#702 = ORIENTED_EDGE ( 'NONE', *, *, #288, .T. ) ;
#703 = DIRECTION ( 'NONE',  ( 2.468850131082270077E-15, -2.468850131082261399E-15, 1.000000000000000000 ) ) ;
#704 = COLOUR_RGB ( '',0.9686274509803921573, 0.8784313725490195957, 0.5999999999999999778 ) ;
#705 = CARTESIAN_POINT ( 'NONE',  ( -2.920000000000002149, 2.168404344971008868E-15, 7.209042382760237381E-15 ) ) ;
#706 = ADVANCED_FACE ( 'NONE', ( #1412 ), #1274, .F. ) ;
#707 = PLANE ( 'NONE',  #277 ) ;
#708 = PRODUCT_DEFINITION ( 'δ֪', '', #1432, #689 ) ;
#709 = VERTEX_POINT ( 'NONE', #1085 ) ;
#710 = CIRCLE ( 'NONE', #138, 0.1499999999999999667 ) ;
#711 =( GEOMETRIC_REPRESENTATION_CONTEXT ( 3 ) GLOBAL_UNCERTAINTY_ASSIGNED_CONTEXT ( ( #1583 ) ) GLOBAL_UNIT_ASSIGNED_CONTEXT ( ( #318, #1527, #1806 ) ) REPRESENTATION_CONTEXT ( 'NONE', 'WORKASPACE' ) );
#712 = ORIENTED_EDGE ( 'NONE', *, *, #665, .F. ) ;
#713 =( NAMED_UNIT ( * ) SI_UNIT ( $, .STERADIAN. ) SOLID_ANGLE_UNIT ( ) );
#714 = DIRECTION ( 'NONE',  ( -0.7071067811865487940, 0.7071067811865463515, 3.491481338843133355E-15 ) ) ;
#715 = DIRECTION ( 'NONE',  ( -0.7071067811865487940, 0.7071067811865463515, 3.491481338843133355E-15 ) ) ;
#716 = AXIS2_PLACEMENT_3D ( 'NONE', #631, #663, #326 ) ;
#717 = ORIENTED_EDGE ( 'NONE', *, *, #978, .T. ) ;
#718 = FILL_AREA_STYLE_COLOUR ( '', #935 ) ;
#719 = EDGE_LOOP ( 'NONE', ( #712, #1720, #753, #100 ) ) ;
#720 = EDGE_CURVE ( 'NONE', #1439, #1092, #544, .T. ) ;
#721 = EDGE_LOOP ( 'NONE', ( #1655, #299 ) ) ;
#722 =( LENGTH_UNIT ( ) NAMED_UNIT ( * ) SI_UNIT ( .MILLI., .METRE. ) );
#723 = SURFACE_STYLE_FILL_AREA ( #1936 ) ;
#724 = CARTESIAN_POINT ( 'NONE',  ( 2.064751801064730330, -2.064751801064708125, 0.09999999999998981925 ) ) ;
#725 = DIRECTION ( 'NONE',  ( 2.468850131082270077E-15, -2.468850131082261399E-15, 1.000000000000000000 ) ) ;
#726 = LINE ( 'NONE', #1519, #1600 ) ;
#727 = SURFACE_SIDE_STYLE ('',( #1183 ) ) ;
#728 = CARTESIAN_POINT ( 'NONE',  ( -4.736219096942767770, 2.232404234397207698, 0.5000000000000172085 ) ) ;
#729 = ORIENTED_EDGE ( 'NONE', *, *, #1137, .F. ) ;
#730 = VERTEX_POINT ( 'NONE', #1860 ) ;
#731 = DIRECTION ( 'NONE',  ( -0.7071067811865487940, 0.7071067811865463515, 3.491481338843133355E-15 ) ) ;
#732 = EDGE_CURVE ( 'NONE', #1242, #1919, #805, .T. ) ;
#733 =( NAMED_UNIT ( * ) PLANE_ANGLE_UNIT ( ) SI_UNIT ( $, .RADIAN. ) );
#734 = DIRECTION ( 'NONE',  ( -2.468850131082270077E-15, 2.468850131082261399E-15, -1.000000000000000000 ) ) ;
#735 = PRESENTATION_LAYER_ASSIGNMENT (  '', '', ( #39 ) ) ;
#736 = CARTESIAN_POINT ( 'NONE',  ( -2.920000000000001705, 1.734723475976807094E-15, 0.1000000000000072081 ) ) ;
#737 = CARTESIAN_POINT ( 'NONE',  ( 8.673617379884035472E-16, -4.570000000000004725, 0.09999999999998870903 ) ) ;
#738 =( GEOMETRIC_REPRESENTATION_CONTEXT ( 3 ) GLOBAL_UNCERTAINTY_ASSIGNED_CONTEXT ( ( #218 ) ) GLOBAL_UNIT_ASSIGNED_CONTEXT ( ( #1670, #925, #188 ) ) REPRESENTATION_CONTEXT ( 'NONE', 'WORKASPACE' ) );
#739 = DIRECTION ( 'NONE',  ( 2.468850131082270077E-15, -2.468850131082261399E-15, 1.000000000000000000 ) ) ;
#740 = DIRECTION ( 'NONE',  ( -2.468850131082270077E-15, 2.468850131082261399E-15, -1.000000000000000000 ) ) ;
#741 = FACE_OUTER_BOUND ( 'NONE', #1760, .T. ) ;
#742 = ORIENTED_EDGE ( 'NONE', *, *, #461, .F. ) ;
#743 = STYLED_ITEM ( 'NONE', ( #24 ), #542 ) ;
#744 = AXIS2_PLACEMENT_3D ( 'NONE', #1829, #941, #484 ) ;
#745 = CARTESIAN_POINT ( 'NONE',  ( 2.919999999999986162, 1.387778780781445676E-14, -6.400000000000007461 ) ) ;
#746 = DIRECTION ( 'NONE',  ( 2.468850131082270077E-15, -2.468850131082261399E-15, 1.000000000000000000 ) ) ;
#747 = ADVANCED_FACE ( 'NONE', ( #1695 ), #632, .F. ) ;
#748 = AXIS2_PLACEMENT_3D ( 'NONE', #399, #524, #1431 ) ;
#749 = DIRECTION ( 'NONE',  ( 2.468850131082270077E-15, -2.468850131082261399E-15, 1.000000000000000000 ) ) ;
#750 = CARTESIAN_POINT ( 'NONE',  ( -2.919999999999999041, 0.3867949192431137106, 8.163981069835539451E-15 ) ) ;
#751 = CLOSED_SHELL ( 'NONE', ( #652, #375, #1813, #1267, #656, #304, #570, #317, #264, #1114, #1518, #1904, #1002, #1135, #757, #1386, #1046 ) ) ;
#752 = AXIS2_PLACEMENT_3D ( 'NONE', #1563, #1535, #497 ) ;
#753 = ORIENTED_EDGE ( 'NONE', *, *, #587, .T. ) ;
#754 = CARTESIAN_POINT ( 'NONE',  ( -4.736219096942764217, 2.382404234397208498, 0.5000000000000175415 ) ) ;
#755 = ORIENTED_EDGE ( 'NONE', *, *, #65, .T. ) ;
#756 = CYLINDRICAL_SURFACE ( 'NONE', #545, 0.2250000000000001721 ) ;
#757 = ADVANCED_FACE ( 'NONE', ( #337 ), #191, .T. ) ;
#758 = DIRECTION ( 'NONE',  ( -2.468850131082270077E-15, 2.468850131082261399E-15, -1.000000000000000000 ) ) ;
#759 = CYLINDRICAL_SURFACE ( 'NONE', #1027, 4.150000000000000355 ) ;
#760 = EDGE_LOOP ( 'NONE', ( #202, #1606, #1170, #846 ) ) ;
#761 = CARTESIAN_POINT ( 'NONE',  ( 1.505998579960184648E-14, -1.505998579960179600E-14, 6.100000000000000533 ) ) ;
#762 = CARTESIAN_POINT ( 'NONE',  ( -2.920000000000001705, 1.734723475976807094E-15, 0.1000000000000072081 ) ) ;
#763 = LINE ( 'NONE', #1406, #1330 ) ;
#764 = DIRECTION ( 'NONE',  ( 2.468850131082270471E-15, -2.468850131082261794E-15, 1.000000000000000000 ) ) ;
#765 = MECHANICAL_DESIGN_GEOMETRIC_PRESENTATION_REPRESENTATION (  '', ( #886 ), #1209 ) ;
#766 = FACE_OUTER_BOUND ( 'NONE', #43, .T. ) ;
#767 = CARTESIAN_POINT ( 'NONE',  ( 1.012228553743730712E-14, -1.012228553743727083E-14, 4.100000000000000533 ) ) ;
#768 = AXIS2_PLACEMENT_3D ( 'NONE', #1213, #33, #1825 ) ;
#769 = FACE_OUTER_BOUND ( 'NONE', #577, .T. ) ;
#770 = EDGE_CURVE ( 'NONE', #53, #369, #951, .T. ) ;
#771 = ORIENTED_EDGE ( 'NONE', *, *, #628, .T. ) ;
#772 = LINE ( 'NONE', #660, #811 ) ;
#773 = SURFACE_STYLE_USAGE ( .BOTH. , #344 ) ;
#774 = AXIS2_PLACEMENT_3D ( 'NONE', #72, #995, #82 ) ;
#775 = DIRECTION ( 'NONE',  ( 0.7071067811865463515, 0.7071067811865487940, 0.000000000000000000 ) ) ;
#776 = COLOUR_RGB ( '',0.2235294117647058654, 0.2235294117647058654, 0.2235294117647058654 ) ;
#777 = FILL_AREA_STYLE_COLOUR ( '', #1797 ) ;
#778 = CYLINDRICAL_SURFACE ( 'NONE', #1311, 0.1500000000000001887 ) ;
#779 = AXIS2_PLACEMENT_3D ( 'NONE', #156, #452, #1772 ) ;
#780 = CIRCLE ( 'NONE', #1879, 0.3867949192431128225 ) ;
#781 = ORIENTED_EDGE ( 'NONE', *, *, #883, .F. ) ;
#782 = EDGE_CURVE ( 'NONE', #626, #369, #240, .T. ) ;
#783 = SURFACE_STYLE_USAGE ( .BOTH. , #185 ) ;
#784 = CARTESIAN_POINT ( 'NONE',  ( -2.920000000000001705, 1.734723475976807094E-15, 0.1000000000000072081 ) ) ;
#785 = DIRECTION ( 'NONE',  ( -0.9238795325112895140, 0.3826834323650831204, 3.225708147102268212E-15 ) ) ;
#786 = CYLINDRICAL_SURFACE ( 'NONE', #1258, 4.570000000000000284 ) ;
#787 = ORIENTED_EDGE ( 'NONE', *, *, #1826, .F. ) ;
#788 =( LENGTH_UNIT ( ) NAMED_UNIT ( * ) SI_UNIT ( .MILLI., .METRE. ) );
#789 = PLANE ( 'NONE',  #1842 ) ;
#790 = ORIENTED_EDGE ( 'NONE', *, *, #686, .F. ) ;
#791 = DIRECTION ( 'NONE',  ( 1.000000000000000000, 0.000000000000000000, 0.000000000000000000 ) ) ;
#792 = FILL_AREA_STYLE_COLOUR ( '', #176 ) ;
#793 = EDGE_CURVE ( 'NONE', #246, #972, #1634, .T. ) ;
#794 = DIRECTION ( 'NONE',  ( 3.885780586188048385E-16, 1.000000000000000000, 2.467330983336814992E-15 ) ) ;
#795 = ORIENTED_EDGE ( 'NONE', *, *, #485, .T. ) ;
#796 = CARTESIAN_POINT ( 'NONE',  ( 2.920000000000001705, 0.3500000000000028644, -6.344944836881432500E-15 ) ) ;
#797 = CARTESIAN_POINT ( 'NONE',  ( -2.064751801064747205, 2.289751801064725090, -6.399999999999989697 ) ) ;
#798 = VECTOR ( 'NONE', #1805, 1000.000000000000114 ) ;
#799 = CONICAL_SURFACE ( 'NONE', #574, 0.3867949192431128225, 1.047197551196597409 ) ;
#800 = ORIENTED_EDGE ( 'NONE', *, *, #837, .F. ) ;
#801 =( NAMED_UNIT ( * ) SI_UNIT ( $, .STERADIAN. ) SOLID_ANGLE_UNIT ( ) );
#802 = MECHANICAL_DESIGN_GEOMETRIC_PRESENTATION_REPRESENTATION (  '', ( #333 ), #541 ) ;
#803 = DIRECTION ( 'NONE',  ( 2.468850131082270077E-15, -2.468850131082261399E-15, 1.000000000000000000 ) ) ;
#804 = ORIENTED_EDGE ( 'NONE', *, *, #1256, .T. ) ;
#805 = CIRCLE ( 'NONE', #744, 0.3499999999999999778 ) ;
#806 = EDGE_CURVE ( 'NONE', #988, #882, #1505, .T. ) ;
#807 = VECTOR ( 'NONE', #739, 1000.000000000000000 ) ;
#808 = CARTESIAN_POINT ( 'NONE',  ( 2.920000000000002149, -2.168404344971008868E-15, -7.466540398725544684E-15 ) ) ;
#809 = AXIS2_PLACEMENT_3D ( 'NONE', #1940, #600, #1055 ) ;
#810 = ORIENTED_EDGE ( 'NONE', *, *, #1528, .T. ) ;
#811 = VECTOR ( 'NONE', #1260, 1000.000000000000114 ) ;
#812 = SURFACE_SIDE_STYLE ('',( #214 ) ) ;
#813 = SURFACE_STYLE_FILL_AREA ( #684 ) ;
#814 = DIRECTION ( 'NONE',  ( 2.468850131082270077E-15, -2.468850131082261399E-15, 1.000000000000000000 ) ) ;
#815 = ORIENTED_EDGE ( 'NONE', *, *, #495, .F. ) ;
#816 = DIRECTION ( 'NONE',  ( 0.7071067811865463515, 0.7071067811865487940, 0.000000000000000000 ) ) ;
#817 = ADVANCED_FACE ( 'NONE', ( #530 ), #1614, .T. ) ;
#818 = SURFACE_SIDE_STYLE ('',( #150 ) ) ;
#819 = ORIENTED_EDGE ( 'NONE', *, *, #1562, .F. ) ;
#820 = LINE ( 'NONE', #1438, #1113 ) ;
#821 = FACE_OUTER_BOUND ( 'NONE', #1122, .T. ) ;
#822 =( NAMED_UNIT ( * ) PLANE_ANGLE_UNIT ( ) SI_UNIT ( $, .RADIAN. ) );
#823 = CIRCLE ( 'NONE', #296, 0.2249999999999999500 ) ;
#824 = ORIENTED_EDGE ( 'NONE', *, *, #557, .F. ) ;
#825 = ADVANCED_FACE ( 'NONE', ( #1900 ), #1745, .F. ) ;
#826 = PRESENTATION_LAYER_ASSIGNMENT (  '', '', ( #443 ) ) ;
#827 = CARTESIAN_POINT ( 'NONE',  ( 1.234425065541135038E-15, -1.234425065541130700E-15, 0.5000000000000000000 ) ) ;
#828 = DIRECTION ( 'NONE',  ( 2.468850131082270077E-15, -2.468850131082261399E-15, 1.000000000000000000 ) ) ;
#829 = ORIENTED_EDGE ( 'NONE', *, *, #1668, .F. ) ;
#830 =( NAMED_UNIT ( * ) SI_UNIT ( $, .STERADIAN. ) SOLID_ANGLE_UNIT ( ) );
#831 = VECTOR ( 'NONE', #746, 1000.000000000000000 ) ;
#832 = CARTESIAN_POINT ( 'NONE',  ( -4.736219096942768658, 2.232404234397209475, 0.1000000000000172001 ) ) ;
#833 = AXIS2_PLACEMENT_3D ( 'NONE', #808, #1266, #1255 ) ;
#834 = STYLED_ITEM ( 'NONE', ( #450 ), #999 ) ;
#835 = EDGE_LOOP ( 'NONE', ( #429, #1 ) ) ;
#836 = AXIS2_PLACEMENT_3D ( 'NONE', #237, #532, #1136 ) ;
#837 = EDGE_CURVE ( 'NONE', #645, #1548, #710, .T. ) ;
#838 = PRESENTATION_STYLE_ASSIGNMENT (( #243 ) ) ;
#839 = VECTOR ( 'NONE', #26, 1000.000000000000000 ) ;
#840 =( LENGTH_UNIT ( ) NAMED_UNIT ( * ) SI_UNIT ( .MILLI., .METRE. ) );
#841 = ORIENTED_EDGE ( 'NONE', *, *, #806, .T. ) ;
#842 = UNCERTAINTY_MEASURE_WITH_UNIT (LENGTH_MEASURE( 1.000000000000000082E-05 ), #1511, 'distance_accuracy_value', 'NONE');
#843 =( NAMED_UNIT ( * ) SI_UNIT ( $, .STERADIAN. ) SOLID_ANGLE_UNIT ( ) );
#844 = VERTEX_POINT ( 'NONE', #1283 ) ;
#845 = EDGE_CURVE ( 'NONE', #1665, #1867, #236, .T. ) ;
#846 = ORIENTED_EDGE ( 'NONE', *, *, #1230, .F. ) ;
#847 = CARTESIAN_POINT ( 'NONE',  ( -4.052852050157261132, 2.111703165583666664, 0.5000000000000152101 ) ) ;
#848 = EDGE_CURVE ( 'NONE', #1317, #693, #1280, .T. ) ;
#849 = CARTESIAN_POINT ( 'NONE',  ( -4.336808689942017736E-16, 4.570000000000004725, 0.1000000000000112882 ) ) ;
#850 = DIRECTION ( 'NONE',  ( 1.927470528863119344E-15, -1.000000000000000000, -3.854941057726238689E-15 ) ) ;
#851 = ORIENTED_EDGE ( 'NONE', *, *, #770, .F. ) ;
#852 = CIRCLE ( 'NONE', #1918, 4.570000000000000284 ) ;
#853 = ORIENTED_EDGE ( 'NONE', *, *, #1608, .T. ) ;
#854 = FILL_AREA_STYLE_COLOUR ( '', #371 ) ;
#855 = PLANE ( 'NONE',  #45 ) ;
#856 = ORIENTED_EDGE ( 'NONE', *, *, #1137, .T. ) ;
#857 = CARTESIAN_POINT ( 'NONE',  ( -2.064751801064745873, 2.064751801064723669, -6.399999999999989697 ) ) ;
#858 = DIRECTION ( 'NONE',  ( 0.000000000000000000, 1.000000000000000000, 2.468850131082263766E-15 ) ) ;
#859 = EDGE_CURVE ( 'NONE', #359, #1630, #227, .T. ) ;
#860 = CYLINDRICAL_SURFACE ( 'NONE', #144, 4.570000000000000284 ) ;
#861 = VERTEX_POINT ( 'NONE', #849 ) ;
#862 = AXIS2_PLACEMENT_3D ( 'NONE', #728, #1492, #319 ) ;
#863 = AXIS2_PLACEMENT_3D ( 'NONE', #917, #431, #164 ) ;
#864 = ORIENTED_EDGE ( 'NONE', *, *, #78, .T. ) ;
#865 = SURFACE_STYLE_FILL_AREA ( #1627 ) ;
#866 = PRESENTATION_STYLE_ASSIGNMENT (( #270 ) ) ;
#867 = COLOUR_RGB ( '',0.2235294117647058654, 0.2235294117647058654, 0.2235294117647058654 ) ;
#868 = PRESENTATION_STYLE_ASSIGNMENT (( #1009 ) ) ;
#869 = PRESENTATION_LAYER_ASSIGNMENT (  '', '', ( #1846 ) ) ;
#870 = FACE_OUTER_BOUND ( 'NONE', #881, .T. ) ;
#871 = AXIS2_PLACEMENT_3D ( 'NONE', #468, #331, #1544 ) ;
#872 = SURFACE_STYLE_FILL_AREA ( #275 ) ;
#873 = CYLINDRICAL_SURFACE ( 'NONE', #716, 4.649999999999999467 ) ;
#874 = EDGE_CURVE ( 'NONE', #1092, #1439, #1541, .T. ) ;
#875 = EDGE_LOOP ( 'NONE', ( #130, #1139 ) ) ;
#876 = ORIENTED_EDGE ( 'NONE', *, *, #782, .F. ) ;
#877 = FILL_AREA_STYLE ('',( #133 ) ) ;
#878 = CARTESIAN_POINT ( 'NONE',  ( -2.064751801064729886, 2.064751801064707681, 1.019512550942195003E-14 ) ) ;
#879 = PLANE ( 'NONE',  #473 ) ;
#880 = SURFACE_STYLE_USAGE ( .BOTH. , #727 ) ;
#881 = EDGE_LOOP ( 'NONE', ( #601, #1849 ) ) ;
#882 = VERTEX_POINT ( 'NONE', #388 ) ;
#883 = EDGE_CURVE ( 'NONE', #1593, #258, #1808, .T. ) ;
#884 = FACE_OUTER_BOUND ( 'NONE', #1291, .T. ) ;
#885 = PRESENTATION_STYLE_ASSIGNMENT (( #1040 ) ) ;
#886 = STYLED_ITEM ( 'NONE', ( #1410 ), #1497 ) ;
#887 = DIRECTION ( 'NONE',  ( -4.996003610813197529E-16, -0.7071067811865451302, -0.7071067811865500152 ) ) ;
#888 = CARTESIAN_POINT ( 'NONE',  ( -4.927560813125309913, 1.770464468141560443, 0.1000000000000165340 ) ) ;
#889 = AXIS2_PLACEMENT_3D ( 'NONE', #638, #1692, #1882 ) ;
#890 = FACE_OUTER_BOUND ( 'NONE', #1097, .T. ) ;
#891 = EDGE_LOOP ( 'NONE', ( #1509, #1253, #1015, #112 ) ) ;
#892 = CYLINDRICAL_SURFACE ( 'NONE', #77, 0.1499999999999999667 ) ;
#893 = COLOUR_RGB ( '',0.9686274509803921573, 0.8784313725490195957, 0.5999999999999999778 ) ;
#894 = ORIENTED_EDGE ( 'NONE', *, *, #1372, .T. ) ;
#895 = DIRECTION ( 'NONE',  ( 0.000000000000000000, -1.000000000000000000, -3.854941057726234744E-15 ) ) ;
#896 = CARTESIAN_POINT ( 'NONE',  ( 2.064751801064729886, -2.064751801064707681, -1.019512550942195003E-14 ) ) ;
#897 = VECTOR ( 'NONE', #1070, 1000.000000000000000 ) ;
#898 = CARTESIAN_POINT ( 'NONE',  ( -2.920000000000001705, -0.2250000000000010325, 0.1000000000000066530 ) ) ;
#899 = ADVANCED_FACE ( 'NONE', ( #1886, #1753 ), #1310, .T. ) ;
#900 = EDGE_LOOP ( 'NONE', ( #824, #377, #1894, #212 ) ) ;
#901 = AXIS2_PLACEMENT_3D ( 'NONE', #761, #1680, #1207 ) ;
#902 = CARTESIAN_POINT ( 'NONE',  ( -2.920000000000014584, 0.2250000000000170752, -6.399999999999992362 ) ) ;
#903 = AXIS2_PLACEMENT_3D ( 'NONE', #432, #1651, #1200 ) ;
#904 = CARTESIAN_POINT ( 'NONE',  ( -1.647987302177966740E-14, -4.149999999999979927, -8.262823377231850230 ) ) ;
#905 = DIRECTION ( 'NONE',  ( 0.000000000000000000, -1.000000000000000000, -2.468850131082263766E-15 ) ) ;
#906 = CONICAL_SURFACE ( 'NONE', #1641, 0.3867949192431123784, 1.047197551196597409 ) ;
#907 = STYLED_ITEM ( 'NONE', ( #1425 ), #401 ) ;
#908 = ORIENTED_EDGE ( 'NONE', *, *, #1413, .T. ) ;
#909 = EDGE_LOOP ( 'NONE', ( #567, #113, #1616, #152 ) ) ;
#910 = PRESENTATION_STYLE_ASSIGNMENT (( #132 ) ) ;
#911 = CYLINDRICAL_SURFACE ( 'NONE', #20, 4.150000000000000355 ) ;
#912 =( LENGTH_UNIT ( ) NAMED_UNIT ( * ) SI_UNIT ( .MILLI., .METRE. ) );
#913 = VERTEX_POINT ( 'NONE', #1326 ) ;
#914 = CARTESIAN_POINT ( 'NONE',  ( 1.127570259384924611E-14, -4.650000000000015454, 5.599999999999988987 ) ) ;
#915 = EDGE_CURVE ( 'NONE', #369, #626, #1313, .T. ) ;
#916 = DIRECTION ( 'NONE',  ( -3.885780586188046905E-16, -1.000000000000000000, -2.508033941171287194E-15 ) ) ;
#917 = CARTESIAN_POINT ( 'NONE',  ( 2.064751801064730330, -2.064751801064708125, 0.09999999999998981925 ) ) ;
#918 = DIRECTION ( 'NONE',  ( -2.468850131082270077E-15, 2.468850131082261399E-15, -1.000000000000000000 ) ) ;
#919 = EDGE_CURVE ( 'NONE', #913, #997, #1358, .T. ) ;
#920 = DIRECTION ( 'NONE',  ( -2.468850131082270077E-15, 2.468850131082261399E-15, -1.000000000000000000 ) ) ;
#921 = ORIENTED_EDGE ( 'NONE', *, *, #1447, .T. ) ;
#922 = PLANE ( 'NONE',  #1809 ) ;
#923 = CARTESIAN_POINT ( 'NONE',  ( 2.919999999999986162, 1.387778780781445676E-14, -6.400000000000007461 ) ) ;
#924 = DIRECTION ( 'NONE',  ( -0.7071067811865487940, 0.7071067811865463515, 3.491481338843133355E-15 ) ) ;
#925 =( NAMED_UNIT ( * ) PLANE_ANGLE_UNIT ( ) SI_UNIT ( $, .RADIAN. ) );
#926 = PLANE ( 'NONE',  #1852 ) ;
#927 = COLOUR_RGB ( '',0.2235294117647058654, 0.2235294117647058654, 0.2235294117647058654 ) ;
#928 = PRESENTATION_STYLE_ASSIGNMENT (( #880 ) ) ;
#929 = STYLED_ITEM ( 'NONE', ( #838 ), #1838 ) ;
#930 = EDGE_CURVE ( 'NONE', #38, #80, #726, .T. ) ;
#931 = ORIENTED_EDGE ( 'NONE', *, *, #1010, .F. ) ;
#932 =( GEOMETRIC_REPRESENTATION_CONTEXT ( 3 ) GLOBAL_UNCERTAINTY_ASSIGNED_CONTEXT ( ( #1566 ) ) GLOBAL_UNIT_ASSIGNED_CONTEXT ( ( #1465, #1499, #6 ) ) REPRESENTATION_CONTEXT ( 'NONE', 'WORKASPACE' ) );
#933 =( LENGTH_UNIT ( ) NAMED_UNIT ( * ) SI_UNIT ( .MILLI., .METRE. ) );
#934 = FILL_AREA_STYLE_COLOUR ( '', #704 ) ;
#935 = COLOUR_RGB ( '',0.2235294117647058654, 0.2235294117647058654, 0.2235294117647058654 ) ;
#936 = CYLINDRICAL_SURFACE ( 'NONE', #871, 1.300000000000000044 ) ;
#937 = FILL_AREA_STYLE_COLOUR ( '', #413 ) ;
#938 = MECHANICAL_DESIGN_GEOMETRIC_PRESENTATION_REPRESENTATION (  '', ( #680 ), #1716 ) ;
#939 = DIRECTION ( 'NONE',  ( -2.468850131082270077E-15, 2.468850131082261399E-15, -1.000000000000000000 ) ) ;
#940 = CARTESIAN_POINT ( 'NONE',  ( -5.066142743002007620, 1.827866982996325884, 0.5000000000000169864 ) ) ;
#941 = DIRECTION ( 'NONE',  ( -2.468850131082270077E-15, 2.468850131082261399E-15, -1.000000000000000000 ) ) ;
#942 =( GEOMETRIC_REPRESENTATION_CONTEXT ( 3 ) GLOBAL_UNCERTAINTY_ASSIGNED_CONTEXT ( ( #234 ) ) GLOBAL_UNIT_ASSIGNED_CONTEXT ( ( #788, #1684, #335 ) ) REPRESENTATION_CONTEXT ( 'NONE', 'WORKASPACE' ) );
#943 = EDGE_CURVE ( 'NONE', #408, #997, #422, .T. ) ;
#944 = ORIENTED_EDGE ( 'NONE', *, *, #219, .F. ) ;
#945 = CARTESIAN_POINT ( 'NONE',  ( 2.468850131082270077E-16, -2.468850131082261202E-16, 0.1000000000000000056 ) ) ;
#946 = PRESENTATION_STYLE_ASSIGNMENT (( #343 ) ) ;
#947 = CYLINDRICAL_SURFACE ( 'NONE', #768, 0.2249999999999999500 ) ;
#948 = CARTESIAN_POINT ( 'NONE',  ( 2.064751801064730330, -2.064751801064708125, 0.09999999999998981925 ) ) ;
#949 = VERTEX_POINT ( 'NONE', #1054 ) ;
#950 = LINE ( 'NONE', #940, #1190 ) ;
#951 = LINE ( 'NONE', #797, #1184 ) ;
#952 = EDGE_LOOP ( 'NONE', ( #1920, #1872, #1694, #658 ) ) ;
#953 = EDGE_CURVE ( 'NONE', #1317, #86, #599, .T. ) ;
#954 = SURFACE_SIDE_STYLE ('',( #1699 ) ) ;
#955 = PLANE ( 'NONE',  #520 ) ;
#956 = CIRCLE ( 'NONE', #201, 0.2249999999999999500 ) ;
#957 = DIRECTION ( 'NONE',  ( 2.468850131082270077E-15, -2.468850131082261399E-15, 1.000000000000000000 ) ) ;
#958 = CIRCLE ( 'NONE', #95, 4.570000000000000284 ) ;
#959 = VERTEX_POINT ( 'NONE', #1066 ) ;
#960 = FACE_OUTER_BOUND ( 'NONE', #217, .T. ) ;
#961 =( NAMED_UNIT ( * ) SI_UNIT ( $, .STERADIAN. ) SOLID_ANGLE_UNIT ( ) );
#962 = EDGE_CURVE ( 'NONE', #1530, #38, #180, .T. ) ;
#963 = VERTEX_POINT ( 'NONE', #285 ) ;
#964 = UNCERTAINTY_MEASURE_WITH_UNIT (LENGTH_MEASURE( 1.000000000000000082E-05 ), #1115, 'distance_accuracy_value', 'NONE');
#965 = AXIS2_PLACEMENT_3D ( 'NONE', #89, #1442, #1292 ) ;
#966 = CARTESIAN_POINT ( 'NONE',  ( -4.874801026819467253, 2.289806749251975582, 0.1000000000000176859 ) ) ;
#967 = AXIS2_PLACEMENT_3D ( 'NONE', #1910, #564, #126 ) ;
#968 = CARTESIAN_POINT ( 'NONE',  ( 1.851637598311702656E-15, -1.851637598311695951E-15, 0.7500000000000000000 ) ) ;
#969 = FACE_OUTER_BOUND ( 'NONE', #1186, .T. ) ;
#970 = AXIS2_PLACEMENT_3D ( 'NONE', #313, #1016, #184 ) ;
#971 = CIRCLE ( 'NONE', #455, 0.2250000000000001721 ) ;
#972 = VERTEX_POINT ( 'NONE', #1022 ) ;
#973 = AXIS2_PLACEMENT_3D ( 'NONE', #102, #1906, #1715 ) ;
#974 = CARTESIAN_POINT ( 'NONE',  ( 2.168404344971008868E-15, -4.570000000000005613, 0.4999999999999887312 ) ) ;
#975 = ORIENTED_EDGE ( 'NONE', *, *, #349, .F. ) ;
#976 = CARTESIAN_POINT ( 'NONE',  ( -2.064751801064745873, 2.064751801064723669, -6.399999999999989697 ) ) ;
#977 = CARTESIAN_POINT ( 'NONE',  ( 2.920000000000002149, -2.168404344971008868E-15, -7.466540398725544684E-15 ) ) ;
#978 = EDGE_CURVE ( 'NONE', #1194, #562, #1348, .T. ) ;
#979 = CARTESIAN_POINT ( 'NONE',  ( -2.920000000000018137, 1.799775606325937360E-14, -6.399999999999993250 ) ) ;
#980 = EDGE_LOOP ( 'NONE', ( #407, #1556 ) ) ;
#981 = CARTESIAN_POINT ( 'NONE',  ( 2.064751801064729886, -2.064751801064707681, -1.019512550942195003E-14 ) ) ;
#982 = ORIENTED_EDGE ( 'NONE', *, *, #674, .T. ) ;
#983 = UNCERTAINTY_MEASURE_WITH_UNIT (LENGTH_MEASURE( 1.000000000000000082E-05 ), #338, 'distance_accuracy_value', 'NONE');
#984 = DIRECTION ( 'NONE',  ( 2.468850131082270077E-15, -2.468850131082261399E-15, 1.000000000000000000 ) ) ;
#985 = CARTESIAN_POINT ( 'NONE',  ( 2.919999999999986162, 0.2250000000000164091, -6.400000000000007461 ) ) ;
#986 = DIRECTION ( 'NONE',  ( -2.468850131082270077E-15, 2.468850131082261399E-15, -1.000000000000000000 ) ) ;
#987 = EDGE_CURVE ( 'NONE', #1843, #861, #1793, .T. ) ;
#988 = VERTEX_POINT ( 'NONE', #575 ) ;
#989 =( GEOMETRIC_REPRESENTATION_CONTEXT ( 3 ) GLOBAL_UNCERTAINTY_ASSIGNED_CONTEXT ( ( #650 ) ) GLOBAL_UNIT_ASSIGNED_CONTEXT ( ( #535, #251, #961 ) ) REPRESENTATION_CONTEXT ( 'NONE', 'WORKASPACE' ) );
#990 =( GEOMETRIC_REPRESENTATION_CONTEXT ( 3 ) GLOBAL_UNCERTAINTY_ASSIGNED_CONTEXT ( ( #70 ) ) GLOBAL_UNIT_ASSIGNED_CONTEXT ( ( #1824, #646, #5 ) ) REPRESENTATION_CONTEXT ( 'NONE', 'WORKASPACE' ) );
#991 = FACE_OUTER_BOUND ( 'NONE', #1725, .T. ) ;
#992 = FACE_OUTER_BOUND ( 'NONE', #1933, .T. ) ;
#993 = EDGE_LOOP ( 'NONE', ( #1237, #1473 ) ) ;
#994 =( GEOMETRIC_REPRESENTATION_CONTEXT ( 3 ) GLOBAL_UNCERTAINTY_ASSIGNED_CONTEXT ( ( #1117 ) ) GLOBAL_UNIT_ASSIGNED_CONTEXT ( ( #561, #1629, #284 ) ) REPRESENTATION_CONTEXT ( 'NONE', 'WORKASPACE' ) );
#995 = DIRECTION ( 'NONE',  ( -2.468850131082270077E-15, 2.468850131082261399E-15, -1.000000000000000000 ) ) ;
#996 = VECTOR ( 'NONE', #633, 1000.000000000000000 ) ;
#997 = VERTEX_POINT ( 'NONE', #1672 ) ;
#998 = PRESENTATION_LAYER_ASSIGNMENT (  '', '', ( #585 ) ) ;
#999 = ADVANCED_FACE ( 'NONE', ( #1191, #1938 ), #1784, .F. ) ;
#1000 = CIRCLE ( 'NONE', #1778, 4.649999999999999467 ) ;
#1001 = SURFACE_STYLE_USAGE ( .BOTH. , #1647 ) ;
#1002 = ADVANCED_FACE ( 'NONE', ( #766 ), #756, .T. ) ;
#1003 = CIRCLE ( 'NONE', #398, 0.3867949192431128225 ) ;
#1004 = CARTESIAN_POINT ( 'NONE',  ( 1.012228553743730712E-14, -1.012228553743727083E-14, 4.100000000000000533 ) ) ;
#1005 = DIRECTION ( 'NONE',  ( -2.468850131082270077E-15, 2.468850131082261399E-15, -1.000000000000000000 ) ) ;
#1006 = DIRECTION ( 'NONE',  ( 0.000000000000000000, -1.000000000000000000, -2.439454888092385371E-15 ) ) ;
#1007 = ORIENTED_EDGE ( 'NONE', *, *, #848, .T. ) ;
#1008 = PLANE ( 'NONE',  #265 ) ;
#1009 = SURFACE_STYLE_USAGE ( .BOTH. , #151 ) ;
#1010 = EDGE_CURVE ( 'NONE', #1268, #1756, #1688, .T. ) ;
#1011 = DIRECTION ( 'NONE',  ( -2.468850131082270077E-15, 2.468850131082261399E-15, -1.000000000000000000 ) ) ;
#1012 = SURFACE_STYLE_FILL_AREA ( #696 ) ;
#1013 = DIRECTION ( 'NONE',  ( -2.468850131082270077E-15, 2.468850131082261399E-15, -1.000000000000000000 ) ) ;
#1014 = ORIENTED_EDGE ( 'NONE', *, *, #1926, .F. ) ;
#1015 = ORIENTED_EDGE ( 'NONE', *, *, #1413, .F. ) ;
#1016 = DIRECTION ( 'NONE',  ( 2.468850131082270077E-15, -2.468850131082261399E-15, 1.000000000000000000 ) ) ;
#1017 = AXIS2_PLACEMENT_3D ( 'NONE', #402, #1896, #547 ) ;
#1018 = SURFACE_STYLE_FILL_AREA ( #1758 ) ;
#1019 = MECHANICAL_DESIGN_GEOMETRIC_PRESENTATION_REPRESENTATION (  '', ( #1305 ), #1461 ) ;
#1020 = ORIENTED_EDGE ( 'NONE', *, *, #1323, .F. ) ;
#1021 = EDGE_CURVE ( 'NONE', #1045, #1476, #1376, .T. ) ;
#1022 = CARTESIAN_POINT ( 'NONE',  ( -2.064751801064731662, 1.839751801064710257, 0.1000000000000096367 ) ) ;
#1023 = DIRECTION ( 'NONE',  ( 0.000000000000000000, 1.000000000000000000, 2.468850131082260216E-15 ) ) ;
#1024 = CIRCLE ( 'NONE', #1143, 0.2249999999999999500 ) ;
#1025 = ORIENTED_EDGE ( 'NONE', *, *, #1594, .T. ) ;
#1026 = CIRCLE ( 'NONE', #178, 4.570000000000000284 ) ;
#1027 = AXIS2_PLACEMENT_3D ( 'NONE', #1236, #2, #1361 ) ;
#1028 = VERTEX_POINT ( 'NONE', #1371 ) ;
#1029 = FILL_AREA_STYLE_COLOUR ( '', #1773 ) ;
#1030 =( LENGTH_UNIT ( ) NAMED_UNIT ( * ) SI_UNIT ( .MILLI., .METRE. ) );
#1031 = DIRECTION ( 'NONE',  ( 2.468850131082270077E-15, -2.468850131082261399E-15, 1.000000000000000000 ) ) ;
#1032 = STYLED_ITEM ( 'NONE', ( #290 ), #1162 ) ;
#1033 = CIRCLE ( 'NONE', #1931, 4.649999999999999467 ) ;
#1034 = DIRECTION ( 'NONE',  ( -3.885780586188048385E-16, -1.000000000000000000, -2.467330983336814992E-15 ) ) ;
#1035 = AXIS2_PLACEMENT_3D ( 'NONE', #1249, #50, #1559 ) ;
#1036 = CARTESIAN_POINT ( 'NONE',  ( 1.234425065541135038E-15, -1.234425065541130700E-15, 0.5000000000000000000 ) ) ;
#1037 = EDGE_CURVE ( 'NONE', #86, #1520, #682, .T. ) ;
#1038 = VERTEX_POINT ( 'NONE', #1810 ) ;
#1039 = ORIENTED_EDGE ( 'NONE', *, *, #1731, .F. ) ;
#1040 = SURFACE_STYLE_USAGE ( .BOTH. , #261 ) ;
#1041 = LINE ( 'NONE', #1649, #215 ) ;
#1042 = DIRECTION ( 'NONE',  ( -2.468850131082270077E-15, 2.468850131082261399E-15, -1.000000000000000000 ) ) ;
#1043 = CARTESIAN_POINT ( 'NONE',  ( 2.919999999999986162, 1.387778780781445676E-14, -6.400000000000007461 ) ) ;
#1044 = PLANE ( 'NONE',  #903 ) ;
#1045 = VERTEX_POINT ( 'NONE', #754 ) ;
#1046 = ADVANCED_FACE ( 'NONE', ( #159 ), #892, .T. ) ;
#1047 = EDGE_LOOP ( 'NONE', ( #1007, #572 ) ) ;
#1048 = CARTESIAN_POINT ( 'NONE',  ( -2.064751801064745873, 2.064751801064723669, -6.399999999999989697 ) ) ;
#1049 = SURFACE_STYLE_FILL_AREA ( #1198 ) ;
#1050 = AXIS2_PLACEMENT_3D ( 'NONE', #1226, #653, #1084 ) ;
#1051 = ORIENTED_EDGE ( 'NONE', *, *, #1705, .T. ) ;
#1052 = DIRECTION ( 'NONE',  ( 2.468850131082270077E-15, -2.468850131082261399E-15, 1.000000000000000000 ) ) ;
#1053 = MECHANICAL_DESIGN_GEOMETRIC_PRESENTATION_REPRESENTATION (  '', ( #1833 ), #1533 ) ;
#1054 = CARTESIAN_POINT ( 'NONE',  ( -2.919999999999998153, 0.2250000000000008105, 0.1000000000000077771 ) ) ;
#1055 = DIRECTION ( 'NONE',  ( 3.885780586188048385E-16, 1.000000000000000000, 2.455783234063551946E-15 ) ) ;
#1056 = EDGE_LOOP ( 'NONE', ( #1903, #1897 ) ) ;
#1057 = MECHANICAL_DESIGN_GEOMETRIC_PRESENTATION_REPRESENTATION (  '', ( #907 ), #74 ) ;
#1058 = ORIENTED_EDGE ( 'NONE', *, *, #859, .T. ) ;
#1059 = AXIS2_PLACEMENT_3D ( 'NONE', #256, #1467, #1168 ) ;
#1060 = DIRECTION ( 'NONE',  ( 0.000000000000000000, 1.000000000000000000, 2.468850131082261399E-15 ) ) ;
#1061 = ADVANCED_FACE ( 'NONE', ( #769 ), #759, .T. ) ;
#1062 = DIRECTION ( 'NONE',  ( 3.885780586188049864E-16, 1.000000000000000000, 2.508033941171287194E-15 ) ) ;
#1063 = APPLICATION_PROTOCOL_DEFINITION ( 'draft international standard', 'automotive_design', 1998, #1394 ) ;
#1064 = CIRCLE ( 'NONE', #970, 4.150000000000000355 ) ;
#1065 = CIRCLE ( 'NONE', #836, 0.2250000000000001721 ) ;
#1066 = CARTESIAN_POINT ( 'NONE',  ( -4.052852050157262909, 2.111703165583667996, 0.1000000000000152295 ) ) ;
#1067 = FILL_AREA_STYLE ('',( #1504 ) ) ;
#1068 = CIRCLE ( 'NONE', #1577, 4.150000000000000355 ) ;
#1069 = CYLINDRICAL_SURFACE ( 'NONE', #862, 0.1499999999999999667 ) ;
#1070 = DIRECTION ( 'NONE',  ( 2.468850131082270077E-15, -2.468850131082261399E-15, 1.000000000000000000 ) ) ;
#1071 = ORIENTED_EDGE ( 'NONE', *, *, #349, .T. ) ;
#1072 =( NAMED_UNIT ( * ) PLANE_ANGLE_UNIT ( ) SI_UNIT ( $, .RADIAN. ) );
#1073 = DIRECTION ( 'NONE',  ( 0.000000000000000000, -1.000000000000000000, -2.468850131082262977E-15 ) ) ;
#1074 =( LENGTH_UNIT ( ) NAMED_UNIT ( * ) SI_UNIT ( .MILLI., .METRE. ) );
#1075 = EDGE_CURVE ( 'NONE', #75, #38, #13, .T. ) ;
#1076 = CARTESIAN_POINT ( 'NONE',  ( 2.064751801064732106, -1.839751801064710479, -9.639634229928451932E-15 ) ) ;
#1077 = CARTESIAN_POINT ( 'NONE',  ( 2.064751801064732106, -1.839751801064710701, 0.09999999999999037437 ) ) ;
#1078 = SURFACE_STYLE_USAGE ( .BOTH. , #1686 ) ;
#1079 = VERTEX_POINT ( 'NONE', #1674 ) ;
#1080 = DIRECTION ( 'NONE',  ( -2.468850131082270077E-15, 2.468850131082261399E-15, -1.000000000000000000 ) ) ;
#1081 = ADVANCED_BREP_SHAPE_REPRESENTATION ( 'MLX90640ESF-BAA-000-TU', ( #1838, #1157, #508, #1794, #1150, #1162, #1133, #1799, #478, #1177 ), #990 ) ;
#1082 = CARTESIAN_POINT ( 'NONE',  ( 2.920000000000002593, -0.3499999999999996447, -8.073139928639024117E-15 ) ) ;
#1083 = EDGE_CURVE ( 'NONE', #1710, #949, #167, .T. ) ;
#1084 = DIRECTION ( 'NONE',  ( -1.927470528863119344E-15, 1.000000000000000000, 3.854941057726238689E-15 ) ) ;
#1085 = CARTESIAN_POINT ( 'NONE',  ( -2.920000000000000817, -0.3867949192431132666, 6.254103695684917166E-15 ) ) ;
#1086 = ORIENTED_EDGE ( 'NONE', *, *, #615, .T. ) ;
#1087 = CIRCLE ( 'NONE', #1537, 4.150000000000000355 ) ;
#1088 = DIRECTION ( 'NONE',  ( -2.468850131082270077E-15, 2.468850131082261399E-15, -1.000000000000000000 ) ) ;
#1089 = AXIS2_PLACEMENT_3D ( 'NONE', #1870, #357, #501 ) ;
#1090 = CIRCLE ( 'NONE', #1874, 1.300000000000000044 ) ;
#1091 = CARTESIAN_POINT ( 'NONE',  ( 1.505998579960184648E-14, -1.505998579960179600E-14, 6.100000000000000533 ) ) ;
#1092 = VERTEX_POINT ( 'NONE', #456 ) ;
#1093 = DIRECTION ( 'NONE',  ( -2.468850131082270077E-15, 2.468850131082261399E-15, -1.000000000000000000 ) ) ;
#1094 = CIRCLE ( 'NONE', #51, 0.3867949192431128225 ) ;
#1095 = DIRECTION ( 'NONE',  ( 2.468850131082270077E-15, -2.468850131082261399E-15, 1.000000000000000000 ) ) ;
#1096 = ADVANCED_FACE ( 'NONE', ( #1216, #1830 ), #19, .T. ) ;
#1097 = EDGE_LOOP ( 'NONE', ( #475, #257, #1884, #1666 ) ) ;
#1098 = CARTESIAN_POINT ( 'NONE',  ( -5.066142743002007620, 1.827866982996325884, 0.5000000000000169864 ) ) ;
#1099 = CARTESIAN_POINT ( 'NONE',  ( 2.064751801064729886, -2.064751801064707681, -1.019512550942195003E-14 ) ) ;
#1100 = EDGE_LOOP ( 'NONE', ( #1802, #944, #1573, #1275 ) ) ;
#1101 = DIRECTION ( 'NONE',  ( -2.468850131082270077E-15, 2.468850131082261399E-15, -1.000000000000000000 ) ) ;
#1102 = ORIENTED_EDGE ( 'NONE', *, *, #166, .F. ) ;
#1103 = ADVANCED_FACE ( 'NONE', ( #474 ), #1471, .T. ) ;
#1104 = PLANE ( 'NONE',  #1382 ) ;
#1105 = LINE ( 'NONE', #1124, #232 ) ;
#1106 = DIRECTION ( 'NONE',  ( -1.927470528863119344E-15, 1.000000000000000000, 2.469571615105871956E-15 ) ) ;
#1107 = ORIENTED_EDGE ( 'NONE', *, *, #930, .T. ) ;
#1108 =( NAMED_UNIT ( * ) PLANE_ANGLE_UNIT ( ) SI_UNIT ( $, .RADIAN. ) );
#1109 = CARTESIAN_POINT ( 'NONE',  ( 2.920000000000002149, -2.168404344971008868E-15, -7.209042382760237381E-15 ) ) ;
#1110 = STYLED_ITEM ( 'NONE', ( #204 ), #1794 ) ;
#1111 = CARTESIAN_POINT ( 'NONE',  ( -5.066142743002009396, 1.827866982996327216, 0.1000000000000170336 ) ) ;
#1112 = ORIENTED_EDGE ( 'NONE', *, *, #1562, .T. ) ;
#1113 = VECTOR ( 'NONE', #224, 1000.000000000000000 ) ;
#1114 = ADVANCED_FACE ( 'NONE', ( #568, #1173 ), #922, .T. ) ;
#1115 =( LENGTH_UNIT ( ) NAMED_UNIT ( * ) SI_UNIT ( .MILLI., .METRE. ) );
#1116 = ORIENTED_EDGE ( 'NONE', *, *, #1594, .F. ) ;
#1117 = UNCERTAINTY_MEASURE_WITH_UNIT (LENGTH_MEASURE( 1.000000000000000082E-05 ), #561, 'distance_accuracy_value', 'NONE');
#1118 = AXIS2_PLACEMENT_3D ( 'NONE', #320, #920, #1529 ) ;
#1119 = LINE ( 'NONE', #1877, #1902 ) ;
#1120 = FACE_OUTER_BOUND ( 'NONE', #1056, .T. ) ;
#1121 = FACE_OUTER_BOUND ( 'NONE', #1142, .T. ) ;
#1122 = EDGE_LOOP ( 'NONE', ( #404, #1321, #230, #1051 ) ) ;
#1123 = AXIS2_PLACEMENT_3D ( 'NONE', #88, #522, #1299 ) ;
#1124 = CARTESIAN_POINT ( 'NONE',  ( -2.920000000000000817, -0.3867949192431132666, 6.254103695684917166E-15 ) ) ;
#1125 = DIRECTION ( 'NONE',  ( 0.000000000000000000, -1.000000000000000000, -2.468850131082262188E-15 ) ) ;
#1126 = EDGE_CURVE ( 'NONE', #1373, #1147, #1090, .T. ) ;
#1127 = DIRECTION ( 'NONE',  ( -2.468850131082270077E-15, 2.468850131082261399E-15, -1.000000000000000000 ) ) ;
#1128 = DIRECTION ( 'NONE',  ( -2.468850131082270077E-15, 2.468850131082261399E-15, -1.000000000000000000 ) ) ;
#1129 = ORIENTED_EDGE ( 'NONE', *, *, #1256, .F. ) ;
#1130 = DIRECTION ( 'NONE',  ( -0.7071067811865487940, 0.7071067811865463515, 3.491481338843133355E-15 ) ) ;
#1131 = UNCERTAINTY_MEASURE_WITH_UNIT (LENGTH_MEASURE( 1.000000000000000082E-05 ), #1174, 'distance_accuracy_value', 'NONE');
#1132 = DIRECTION ( 'NONE',  ( -2.468850131082270077E-15, 2.468850131082261399E-15, -1.000000000000000000 ) ) ;
#1133 = MANIFOLD_SOLID_BREP ( 'NONE', #751 ) ;
#1134 = SURFACE_STYLE_USAGE ( .BOTH. , #539 ) ;
#1135 = ADVANCED_FACE ( 'NONE', ( #170 ), #1329, .T. ) ;
#1136 = DIRECTION ( 'NONE',  ( 0.000000000000000000, 1.000000000000000000, 2.469571615105869195E-15 ) ) ;
#1137 = EDGE_CURVE ( 'NONE', #481, #1908, #1340, .T. ) ;
#1138 = CIRCLE ( 'NONE', #93, 0.5600000000000006084 ) ;
#1139 = ORIENTED_EDGE ( 'NONE', *, *, #221, .T. ) ;
#1140 = MECHANICAL_DESIGN_GEOMETRIC_PRESENTATION_REPRESENTATION (  '', ( #929 ), #989 ) ;
#1141 =( NAMED_UNIT ( * ) PLANE_ANGLE_UNIT ( ) SI_UNIT ( $, .RADIAN. ) );
#1142 = EDGE_LOOP ( 'NONE', ( #292, #634, #1774, #1424 ) ) ;
#1143 = AXIS2_PLACEMENT_3D ( 'NONE', #403, #410, #1324 ) ;
#1144 = AXIS2_PLACEMENT_3D ( 'NONE', #762, #619, #454 ) ;
#1145 = DIRECTION ( 'NONE',  ( 0.000000000000000000, -1.000000000000000000, -3.854941057726234744E-15 ) ) ;
#1146 = AXIS2_PLACEMENT_3D ( 'NONE', #625, #581, #1219 ) ;
#1147 = VERTEX_POINT ( 'NONE', #1788 ) ;
#1148 = EDGE_CURVE ( 'NONE', #312, #1038, #142, .T. ) ;
#1149 = VECTOR ( 'NONE', #190, 1000.000000000000000 ) ;
#1150 = MANIFOLD_SOLID_BREP ( 'NONE', #373 ) ;
#1151 = CARTESIAN_POINT ( 'NONE',  ( 1.778091562876227272E-14, 4.649999999999987921, 6.100000000000012079 ) ) ;
#1152 = CONICAL_SURFACE ( 'NONE', #1318, 0.3867949192431128225, 1.047197551196597409 ) ;
#1153 = FACE_OUTER_BOUND ( 'NONE', #513, .T. ) ;
#1154 = VECTOR ( 'NONE', #803, 1000.000000000000000 ) ;
#1155 =( NAMED_UNIT ( * ) SI_UNIT ( $, .STERADIAN. ) SOLID_ANGLE_UNIT ( ) );
#1156 = CARTESIAN_POINT ( 'NONE',  ( -4.678816582088008325, 2.370986164273907626, 0.1000000000000174083 ) ) ;
#1157 = MANIFOLD_SOLID_BREP ( 'NONE', #659 ) ;
#1158 =( NAMED_UNIT ( * ) PLANE_ANGLE_UNIT ( ) SI_UNIT ( $, .RADIAN. ) );
#1159 = FACE_OUTER_BOUND ( 'NONE', #1495, .T. ) ;
#1160 = ORIENTED_EDGE ( 'NONE', *, *, #361, .F. ) ;
#1161 = ORIENTED_EDGE ( 'NONE', *, *, #229, .F. ) ;
#1162 = MANIFOLD_SOLID_BREP ( 'NONE', #685 ) ;
#1163 = EDGE_CURVE ( 'NONE', #1194, #1506, #1064, .T. ) ;
#1164 = FILL_AREA_STYLE_COLOUR ( '', #1893 ) ;
#1165 = DIRECTION ( 'NONE',  ( 2.468850131082270077E-15, -2.468850131082261399E-15, 1.000000000000000000 ) ) ;
#1166 = ORIENTED_EDGE ( 'NONE', *, *, #587, .F. ) ;
#1167 = DIRECTION ( 'NONE',  ( -2.468850131082270077E-15, 2.468850131082261399E-15, -1.000000000000000000 ) ) ;
#1168 = DIRECTION ( 'NONE',  ( 0.000000000000000000, -1.000000000000000000, -3.854941057726238689E-15 ) ) ;
#1169 =( LENGTH_UNIT ( ) NAMED_UNIT ( * ) SI_UNIT ( .MILLI., .METRE. ) );
#1170 = ORIENTED_EDGE ( 'NONE', *, *, #837, .T. ) ;
#1171 = AXIS2_PLACEMENT_3D ( 'NONE', #469, #1080, #1835 ) ;
#1172 = ORIENTED_EDGE ( 'NONE', *, *, #1549, .F. ) ;
#1173 = FACE_OUTER_BOUND ( 'NONE', #1353, .T. ) ;
#1174 =( LENGTH_UNIT ( ) NAMED_UNIT ( * ) SI_UNIT ( .MILLI., .METRE. ) );
#1175 = VECTOR ( 'NONE', #1031, 1000.000000000000000 ) ;
#1176 = PLANE ( 'NONE',  #1709 ) ;
#1177 = AXIS2_PLACEMENT_3D ( 'NONE', #635, #1689, #791 ) ;
#1178 = ORIENTED_EDGE ( 'NONE', *, *, #57, .F. ) ;
#1179 = CARTESIAN_POINT ( 'NONE',  ( 2.919999999999986162, 0.2250000000000164091, -6.400000000000007461 ) ) ;
#1180 = ADVANCED_FACE ( 'NONE', ( #1355 ), #911, .T. ) ;
#1181 = SURFACE_SIDE_STYLE ('',( #872 ) ) ;
#1182 = CIRCLE ( 'NONE', #367, 1.300000000000000044 ) ;
#1183 = SURFACE_STYLE_FILL_AREA ( #118 ) ;
#1184 = VECTOR ( 'NONE', #1320, 1000.000000000000000 ) ;
#1185 = ORIENTED_EDGE ( 'NONE', *, *, #85, .T. ) ;
#1186 = EDGE_LOOP ( 'NONE', ( #169, #1448, #921, #1287 ) ) ;
#1187 = FILL_AREA_STYLE ('',( #1029 ) ) ;
#1188 = PRESENTATION_STYLE_ASSIGNMENT (( #1463 ) ) ;
#1189 = AXIS2_PLACEMENT_3D ( 'NONE', #1592, #540, #248 ) ;
#1190 = VECTOR ( 'NONE', #1243, 1000.000000000000000 ) ;
#1191 = FACE_BOUND ( 'NONE', #993, .T. ) ;
#1192 = ADVANCED_FACE ( 'NONE', ( #969 ), #627, .T. ) ;
#1193 =( NAMED_UNIT ( * ) PLANE_ANGLE_UNIT ( ) SI_UNIT ( $, .RADIAN. ) );
#1194 = VERTEX_POINT ( 'NONE', #1363 ) ;
#1195 = VERTEX_POINT ( 'NONE', #1111 ) ;
#1196 = DIRECTION ( 'NONE',  ( -2.468850131082270077E-15, 2.468850131082261399E-15, -1.000000000000000000 ) ) ;
#1197 = CARTESIAN_POINT ( 'NONE',  ( -2.919999999999998153, 0.2250000000000008105, 0.1000000000000077771 ) ) ;
#1198 = FILL_AREA_STYLE ('',( #583 ) ) ;
#1199 = DIRECTION ( 'NONE',  ( -2.468850131082270077E-15, 2.468850131082261399E-15, -1.000000000000000000 ) ) ;
#1200 = DIRECTION ( 'NONE',  ( -0.7071067811865487940, 0.7071067811865463515, 3.491481338843133355E-15 ) ) ;
#1201 = ADVANCED_FACE ( 'NONE', ( #1934 ), #372, .T. ) ;
#1202 = ORIENTED_EDGE ( 'NONE', *, *, #221, .F. ) ;
#1203 = CARTESIAN_POINT ( 'NONE',  ( -4.984963327980072023, 1.631882538264870730, 0.5000000000000164313 ) ) ;
#1204 = ADVANCED_FACE ( 'NONE', ( #228 ), #1443, .F. ) ;
#1205 = ORIENTED_EDGE ( 'NONE', *, *, #919, .T. ) ;
#1206 = CARTESIAN_POINT ( 'NONE',  ( -2.920000000000001705, 1.734723475976807094E-15, 0.1000000000000072081 ) ) ;
#1207 = DIRECTION ( 'NONE',  ( -3.885780586188047891E-16, -1.000000000000000000, -2.424882278247149939E-15 ) ) ;
#1208 = DIRECTION ( 'NONE',  ( 2.468850131082270077E-15, -2.468850131082261399E-15, 1.000000000000000000 ) ) ;
#1209 =( GEOMETRIC_REPRESENTATION_CONTEXT ( 3 ) GLOBAL_UNCERTAINTY_ASSIGNED_CONTEXT ( ( #1440 ) ) GLOBAL_UNIT_ASSIGNED_CONTEXT ( ( #208, #1108, #491 ) ) REPRESENTATION_CONTEXT ( 'NONE', 'WORKASPACE' ) );
#1210 = SURFACE_STYLE_USAGE ( .BOTH. , #607 ) ;
#1211 = AXIS2_PLACEMENT_3D ( 'NONE', #1610, #1580, #1261 ) ;
#1212 = ORIENTED_EDGE ( 'NONE', *, *, #412, .T. ) ;
#1213 = CARTESIAN_POINT ( 'NONE',  ( -2.064751801064745873, 2.064751801064723669, -6.399999999999989697 ) ) ;
#1214 = DIRECTION ( 'NONE',  ( -2.942091015256662071E-15, 0.7071067811865485719, -0.7071067811865465735 ) ) ;
#1215 = CARTESIAN_POINT ( 'NONE',  ( 1.485356976305141075E-14, 1.299999999999984723, 6.100000000000004086 ) ) ;
#1216 = FACE_BOUND ( 'NONE', #1296, .T. ) ;
#1217 = ORIENTED_EDGE ( 'NONE', *, *, #1759, .T. ) ;
#1218 = PRESENTATION_LAYER_ASSIGNMENT (  '', '', ( #1468 ) ) ;
#1219 = DIRECTION ( 'NONE',  ( 3.885780586188049864E-16, 1.000000000000000000, 2.508033941171287194E-15 ) ) ;
#1220 = EDGE_CURVE ( 'NONE', #1710, #94, #1343, .T. ) ;
#1221 = CARTESIAN_POINT ( 'NONE',  ( 2.920000000000003038, -0.3500000000000000333, 0.09999999999999192868 ) ) ;
#1222 = PRESENTATION_LAYER_ASSIGNMENT (  '', '', ( #140 ) ) ;
#1223 = DIRECTION ( 'NONE',  ( 0.000000000000000000, 1.000000000000000000, 3.854941057726234744E-15 ) ) ;
#1224 = AXIS2_PLACEMENT_3D ( 'NONE', #1422, #1013, #73 ) ;
#1225 = FACE_OUTER_BOUND ( 'NONE', #1426, .T. ) ;
#1226 = CARTESIAN_POINT ( 'NONE',  ( 2.064751801064713899, -2.064751801064692138, -6.400000000000011013 ) ) ;
#1227 = CIRCLE ( 'NONE', #278, 0.2249999999999999500 ) ;
#1228 = FILL_AREA_STYLE_COLOUR ( '', #1898 ) ;
#1229 = ORIENTED_EDGE ( 'NONE', *, *, #205, .F. ) ;
#1230 = EDGE_CURVE ( 'NONE', #1476, #1548, #1880, .T. ) ;
#1231 = FILL_AREA_STYLE_COLOUR ( '', #396 ) ;
#1232 = FACE_OUTER_BOUND ( 'NONE', #1646, .T. ) ;
#1233 = DIRECTION ( 'NONE',  ( -2.468850131082270077E-15, 2.468850131082261399E-15, -1.000000000000000000 ) ) ;
#1234 = LINE ( 'NONE', #1702, #1149 ) ;
#1235 = CARTESIAN_POINT ( 'NONE',  ( 2.064751801064731218, -2.289751801064709547, -1.075061678891546548E-14 ) ) ;
#1236 = CARTESIAN_POINT ( 'NONE',  ( -2.039967257798847012E-14, 2.039967257798840070E-14, -8.262823377231839572 ) ) ;
#1237 = ORIENTED_EDGE ( 'NONE', *, *, #874, .T. ) ;
#1238 =( LENGTH_UNIT ( ) NAMED_UNIT ( * ) SI_UNIT ( .MILLI., .METRE. ) );
#1239 = FILL_AREA_STYLE ('',( #937 ) ) ;
#1240 = CARTESIAN_POINT ( 'NONE',  ( -2.064751801064729442, 2.064751801064707681, 0.1000000000000101918 ) ) ;
#1241 = VECTOR ( 'NONE', #1281, 1000.000000000000114 ) ;
#1242 = VERTEX_POINT ( 'NONE', #1738 ) ;
#1243 = DIRECTION ( 'NONE',  ( -2.468850131082270077E-15, 2.468850131082261399E-15, -1.000000000000000000 ) ) ;
#1244 = ADVANCED_FACE ( 'NONE', ( #1623 ), #83, .T. ) ;
#1245 = MECHANICAL_DESIGN_GEOMETRIC_PRESENTATION_REPRESENTATION (  '', ( #443 ), #442 ) ;
#1246 = DIRECTION ( 'NONE',  ( 2.468850131082270471E-15, -2.468850131082261794E-15, 1.000000000000000000 ) ) ;
#1247 = EDGE_LOOP ( 'NONE', ( #851, #1638, #1462, #1913 ) ) ;
#1248 =( NAMED_UNIT ( * ) PLANE_ANGLE_UNIT ( ) SI_UNIT ( $, .RADIAN. ) );
#1249 = CARTESIAN_POINT ( 'NONE',  ( -2.920000000000018137, 1.799775606325937360E-14, -6.399999999999993250 ) ) ;
#1250 = CARTESIAN_POINT ( 'NONE',  ( 9.974659986866640793E-15, 1.299999999999989608, 4.100000000000004086 ) ) ;
#1251 = DIRECTION ( 'NONE',  ( -2.468850131082270077E-15, 2.468850131082261399E-15, -1.000000000000000000 ) ) ;
#1252 = AXIS2_PLACEMENT_3D ( 'NONE', #1656, #1510, #1060 ) ;
#1253 = ORIENTED_EDGE ( 'NONE', *, *, #157, .T. ) ;
#1254 = AXIS2_PLACEMENT_3D ( 'NONE', #1636, #576, #905 ) ;
#1255 = DIRECTION ( 'NONE',  ( 0.000000000000000000, 1.000000000000000000, 2.468850131082261399E-15 ) ) ;
#1256 = EDGE_CURVE ( 'NONE', #1548, #1195, #692, .T. ) ;
#1257 = AXIS2_PLACEMENT_3D ( 'NONE', #736, #1923, #584 ) ;
#1258 = AXIS2_PLACEMENT_3D ( 'NONE', #1368, #640, #794 ) ;
#1259 = VERTEX_POINT ( 'NONE', #1459 ) ;
#1260 = DIRECTION ( 'NONE',  ( 1.165734175856414959E-15, 0.8660254037844372643, 0.5000000000000024425 ) ) ;
#1261 = DIRECTION ( 'NONE',  ( 0.000000000000000000, 1.000000000000000000, 2.468850131082260216E-15 ) ) ;
#1262 = FACE_OUTER_BOUND ( 'NONE', #980, .T. ) ;
#1263 = EDGE_LOOP ( 'NONE', ( #380, #426 ) ) ;
#1264 = UNCERTAINTY_MEASURE_WITH_UNIT (LENGTH_MEASURE( 1.000000000000000082E-05 ), #1766, 'distance_accuracy_value', 'NONE');
#1265 = CARTESIAN_POINT ( 'NONE',  ( 2.919999999999982609, -0.2249999999999851841, -6.400000000000008349 ) ) ;
#1266 = DIRECTION ( 'NONE',  ( -2.468850131082270077E-15, 2.468850131082261399E-15, -1.000000000000000000 ) ) ;
#1267 = ADVANCED_FACE ( 'NONE', ( #1451 ), #1604, .F. ) ;
#1268 = VERTEX_POINT ( 'NONE', #63 ) ;
#1269 = FACE_BOUND ( 'NONE', #1787, .T. ) ;
#1270 = ORIENTED_EDGE ( 'NONE', *, *, #325, .F. ) ;
#1271 = SURFACE_STYLE_USAGE ( .BOTH. , #61 ) ;
#1272 = CIRCLE ( 'NONE', #672, 0.5600000000000006084 ) ;
#1273 = LINE ( 'NONE', #1282, #552 ) ;
#1274 = CYLINDRICAL_SURFACE ( 'NONE', #271, 0.2250000000000001721 ) ;
#1275 = ORIENTED_EDGE ( 'NONE', *, *, #1434, .T. ) ;
#1276 = AXIS2_PLACEMENT_3D ( 'NONE', #1781, #1488, #1319 ) ;
#1277 = ADVANCED_FACE ( 'NONE', ( #1159 ), #98, .T. ) ;
#1278 = PRESENTATION_LAYER_ASSIGNMENT (  '', '', ( #907 ) ) ;
#1279 = EDGE_LOOP ( 'NONE', ( #856, #1393 ) ) ;
#1280 = CIRCLE ( 'NONE', #1769, 0.2249999999999999500 ) ;
#1281 = DIRECTION ( 'NONE',  ( 1.332267629550188440E-15, -0.8660254037844397068, 0.4999999999999981126 ) ) ;
#1282 = CARTESIAN_POINT ( 'NONE',  ( -2.064751801064728109, 2.451546720307818727, 1.115006419649725210E-14 ) ) ;
#1283 = CARTESIAN_POINT ( 'NONE',  ( 2.920000000000002593, -0.3499999999999996447, -8.073139928639024117E-15 ) ) ;
#1284 = CARTESIAN_POINT ( 'NONE',  ( -4.736219096942768658, 2.232404234397209475, 0.1000000000000172001 ) ) ;
#1285 = MECHANICAL_DESIGN_GEOMETRIC_PRESENTATION_REPRESENTATION (  '', ( #244 ), #1602 ) ;
#1286 = COLOUR_RGB ( '',0.2235294117647058654, 0.2235294117647058654, 0.2235294117647058654 ) ;
#1287 = ORIENTED_EDGE ( 'NONE', *, *, #23, .F. ) ;
#1288 = SURFACE_SIDE_STYLE ('',( #813 ) ) ;
#1289 = EDGE_CURVE ( 'NONE', #1630, #645, #588, .T. ) ;
#1290 = CARTESIAN_POINT ( 'NONE',  ( -2.919999999999998597, 0.2250000000000010325, 7.764533662253735477E-15 ) ) ;
#1291 = EDGE_LOOP ( 'NONE', ( #263, #340, #309, #603 ) ) ;
#1292 = DIRECTION ( 'NONE',  ( -3.885780586188047891E-16, -1.000000000000000000, -2.471514629751903005E-15 ) ) ;
#1293 =( NAMED_UNIT ( * ) SI_UNIT ( $, .STERADIAN. ) SOLID_ANGLE_UNIT ( ) );
#1294 = EDGE_LOOP ( 'NONE', ( #1014, #1930, #1881, #490 ) ) ;
#1295 = DIRECTION ( 'NONE',  ( -2.468850131082270077E-15, 2.468850131082261399E-15, -1.000000000000000000 ) ) ;
#1296 = EDGE_LOOP ( 'NONE', ( #47, #384 ) ) ;
#1297 = UNCERTAINTY_MEASURE_WITH_UNIT (LENGTH_MEASURE( 1.000000000000000082E-05 ), #1030, 'distance_accuracy_value', 'NONE');
#1298 = DIRECTION ( 'NONE',  ( 2.468850131082270077E-15, -2.468850131082261399E-15, 1.000000000000000000 ) ) ;
#1299 = DIRECTION ( 'NONE',  ( -0.7071067811865487940, 0.7071067811865463515, 3.491481338843133355E-15 ) ) ;
#1300 = ADVANCED_FACE ( 'NONE', ( #90 ), #707, .F. ) ;
#1301 = EDGE_CURVE ( 'NONE', #1908, #481, #1065, .T. ) ;
#1302 = DIRECTION ( 'NONE',  ( 0.000000000000000000, 1.000000000000000000, 3.854941057726234744E-15 ) ) ;
#1303 = ORIENTED_EDGE ( 'NONE', *, *, #943, .F. ) ;
#1304 = AXIS2_PLACEMENT_3D ( 'NONE', #1464, #438, #1780 ) ;
#1305 = STYLED_ITEM ( 'NONE', ( #1385 ), #1081 ) ;
#1306 = FILL_AREA_STYLE ('',( #245 ) ) ;
#1307 = CARTESIAN_POINT ( 'NONE',  ( -2.064751801064731218, 2.289751801064709547, 1.075061678891546548E-14 ) ) ;
#1308 = MECHANICAL_DESIGN_GEOMETRIC_PRESENTATION_REPRESENTATION (  '', ( #578 ), #994 ) ;
#1309 = DIRECTION ( 'NONE',  ( 0.000000000000000000, -1.000000000000000000, -2.468850131082262188E-15 ) ) ;
#1310 = PLANE ( 'NONE',  #967 ) ;
#1311 = AXIS2_PLACEMENT_3D ( 'NONE', #1403, #28, #655 ) ;
#1312 = DIRECTION ( 'NONE',  ( -2.468850131082270077E-15, 2.468850131082261399E-15, -1.000000000000000000 ) ) ;
#1313 = CIRCLE ( 'NONE', #106, 0.2249999999999999500 ) ;
#1314 = ADVANCED_FACE ( 'NONE', ( #1121 ), #1615, .T. ) ;
#1315 = ORIENTED_EDGE ( 'NONE', *, *, #1635, .T. ) ;
#1316 = AXIS2_PLACEMENT_3D ( 'NONE', #565, #1663, #441 ) ;
#1317 = VERTEX_POINT ( 'NONE', #1754 ) ;
#1318 = AXIS2_PLACEMENT_3D ( 'NONE', #705, #1457, #1309 ) ;
#1319 = DIRECTION ( 'NONE',  ( -3.885780586188048385E-16, -1.000000000000000000, -2.470296525384094957E-15 ) ) ;
#1320 = DIRECTION ( 'NONE',  ( 2.468850131082270077E-15, -2.468850131082261399E-15, 1.000000000000000000 ) ) ;
#1321 = ORIENTED_EDGE ( 'NONE', *, *, #1854, .F. ) ;
#1322 = VERTEX_POINT ( 'NONE', #406 ) ;
#1323 = EDGE_CURVE ( 'NONE', #258, #1593, #1475, .T. ) ;
#1324 = DIRECTION ( 'NONE',  ( 0.000000000000000000, 1.000000000000000000, 2.468850131082263766E-15 ) ) ;
#1325 = CARTESIAN_POINT ( 'NONE',  ( 2.064751801064730330, -2.064751801064708125, 0.09999999999998981925 ) ) ;
#1326 = CARTESIAN_POINT ( 'NONE',  ( 6.938893903907228378E-15, -4.150000000000003908, 1.149999999999989697 ) ) ;
#1327 = AXIS2_PLACEMENT_3D ( 'NONE', #273, #1011, #107 ) ;
#1328 = ORIENTED_EDGE ( 'NONE', *, *, #1472, .T. ) ;
#1329 = CYLINDRICAL_SURFACE ( 'NONE', #1507, 0.2250000000000001721 ) ;
#1330 = VECTOR ( 'NONE', #609, 1000.000000000000000 ) ;
#1331 = DIRECTION ( 'NONE',  ( 0.000000000000000000, 1.000000000000000000, 2.468850131082261399E-15 ) ) ;
#1332 = LINE ( 'NONE', #1479, #831 ) ;
#1333 = EDGE_CURVE ( 'NONE', #1045, #645, #308, .T. ) ;
#1334 = DIRECTION ( 'NONE',  ( 0.000000000000000000, 1.000000000000000000, 2.439454888092381821E-15 ) ) ;
#1335 = DIRECTION ( 'NONE',  ( -2.468850131082270077E-15, 2.468850131082261399E-15, -1.000000000000000000 ) ) ;
#1336 =( GEOMETRIC_REPRESENTATION_CONTEXT ( 3 ) GLOBAL_UNCERTAINTY_ASSIGNED_CONTEXT ( ( #87 ) ) GLOBAL_UNIT_ASSIGNED_CONTEXT ( ( #1238, #636, #477 ) ) REPRESENTATION_CONTEXT ( 'NONE', 'WORKASPACE' ) );
#1337 = CARTESIAN_POINT ( 'NONE',  ( -4.736219096942764217, 2.382404234397208498, 0.5000000000000175415 ) ) ;
#1338 = VECTOR ( 'NONE', #96, 1000.000000000000000 ) ;
#1339 = ORIENTED_EDGE ( 'NONE', *, *, #1220, .T. ) ;
#1340 = CIRCLE ( 'NONE', #654, 0.2250000000000001721 ) ;
#1341 = EDGE_LOOP ( 'NONE', ( #566, #1687, #729, #418 ) ) ;
#1342 = DIRECTION ( 'NONE',  ( -2.468850131082270077E-15, 2.468850131082261399E-15, -1.000000000000000000 ) ) ;
#1343 = CIRCLE ( 'NONE', #517, 0.2250000000000001721 ) ;
#1344 = CIRCLE ( 'NONE', #146, 0.5600000000000006084 ) ;
#1345 = DIRECTION ( 'NONE',  ( 2.468850131082270077E-15, -2.468850131082261399E-15, 1.000000000000000000 ) ) ;
#1346 = ADVANCED_FACE ( 'NONE', ( #890 ), #1911, .F. ) ;
#1347 = CIRCLE ( 'NONE', #314, 0.2249999999999999500 ) ;
#1348 = LINE ( 'NONE', #1917, #1844 ) ;
#1349 = DIRECTION ( 'NONE',  ( -2.468850131082270077E-15, 2.468850131082261399E-15, -1.000000000000000000 ) ) ;
#1350 = ADVANCED_FACE ( 'NONE', ( #1928 ), #1044, .T. ) ;
#1351 = EDGE_LOOP ( 'NONE', ( #1172, #434, #411, #1400 ) ) ;
#1352 = DIRECTION ( 'NONE',  ( -2.468850131082270077E-15, 2.468850131082261399E-15, -1.000000000000000000 ) ) ;
#1353 = EDGE_LOOP ( 'NONE', ( #1625, #1626 ) ) ;
#1354 = CARTESIAN_POINT ( 'NONE',  ( 1.505998579960184648E-14, -1.505998579960179600E-14, 6.100000000000000533 ) ) ;
#1355 = FACE_OUTER_BOUND ( 'NONE', #507, .T. ) ;
#1356 = SHAPE_DEFINITION_REPRESENTATION ( #1795, #1081 ) ;
#1357 = DIRECTION ( 'NONE',  ( 0.000000000000000000, -1.000000000000000000, -2.468850131082262977E-15 ) ) ;
#1358 = LINE ( 'NONE', #904, #1637 ) ;
#1359 = DIRECTION ( 'NONE',  ( -2.468850131082270077E-15, 2.468850131082261399E-15, -1.000000000000000000 ) ) ;
#1360 = EDGE_CURVE ( 'NONE', #466, #949, #971, .T. ) ;
#1361 = DIRECTION ( 'NONE',  ( 3.885780586188049864E-16, 1.000000000000000000, 2.508033941171287194E-15 ) ) ;
#1362 = EDGE_LOOP ( 'NONE', ( #528, #1161 ) ) ;
#1363 = CARTESIAN_POINT ( 'NONE',  ( 1.084202172485504434E-14, 4.149999999999985256, 6.100000000000011191 ) ) ;
#1364 =( NAMED_UNIT ( * ) SI_UNIT ( $, .STERADIAN. ) SOLID_ANGLE_UNIT ( ) );
#1365 = AXIS2_PLACEMENT_3D ( 'NONE', #1501, #1042, #439 ) ;
#1366 = DIRECTION ( 'NONE',  ( 0.000000000000000000, -1.000000000000000000, -2.468850131082263766E-15 ) ) ;
#1367 = DIRECTION ( 'NONE',  ( -3.885780586188047891E-16, -1.000000000000000000, -2.424882278247149939E-15 ) ) ;
#1368 = CARTESIAN_POINT ( 'NONE',  ( 1.234425065541135038E-15, -1.234425065541130700E-15, 0.5000000000000000000 ) ) ;
#1369 = DIRECTION ( 'NONE',  ( 3.885780586188047891E-16, 1.000000000000000000, 2.481908587617419570E-15 ) ) ;
#1370 = CARTESIAN_POINT ( 'NONE',  ( 1.647987302177966740E-14, 4.649999999999987921, 5.600000000000011191 ) ) ;
#1371 = CARTESIAN_POINT ( 'NONE',  ( -2.064751801064732106, 1.677956881821597079, 9.240186822346647958E-15 ) ) ;
#1372 = EDGE_CURVE ( 'NONE', #641, #1665, #1379, .T. ) ;
#1373 = VERTEX_POINT ( 'NONE', #1215 ) ;
#1374 = AXIS2_PLACEMENT_3D ( 'NONE', #923, #1524, #1223 ) ;
#1375 = FILL_AREA_STYLE ('',( #934 ) ) ;
#1376 = CIRCLE ( 'NONE', #451, 0.1499999999999999667 ) ;
#1377 = PRESENTATION_LAYER_ASSIGNMENT (  '', '', ( #244 ) ) ;
#1378 =( NAMED_UNIT ( * ) PLANE_ANGLE_UNIT ( ) SI_UNIT ( $, .RADIAN. ) );
#1379 = CIRCLE ( 'NONE', #1316, 0.2250000000000001721 ) ;
#1380 = DIRECTION ( 'NONE',  ( 0.000000000000000000, -1.000000000000000000, -2.168404344971009262E-15 ) ) ;
#1381 = SURFACE_STYLE_USAGE ( .BOTH. , #356 ) ;
#1382 = AXIS2_PLACEMENT_3D ( 'NONE', #784, #1706, #924 ) ;
#1383 = CARTESIAN_POINT ( 'NONE',  ( -2.920000000000002149, 2.168404344971008868E-15, 7.209042382760237381E-15 ) ) ;
#1384 = ORIENTED_EDGE ( 'NONE', *, *, #919, .F. ) ;
#1385 = PRESENTATION_STYLE_ASSIGNMENT (( #783 ) ) ;
#1386 = ADVANCED_FACE ( 'NONE', ( #141 ), #860, .T. ) ;
#1387 = PLANE ( 'NONE',  #247 ) ;
#1388 = CARTESIAN_POINT ( 'NONE',  ( -2.064751801064729886, 2.064751801064707681, 1.019512550942195003E-14 ) ) ;
#1389 = CARTESIAN_POINT ( 'NONE',  ( 2.064751801064713899, -2.064751801064692138, -6.400000000000011013 ) ) ;
#1390 = VERTEX_POINT ( 'NONE', #750 ) ;
#1391 = CARTESIAN_POINT ( 'NONE',  ( -4.052852050157261132, 2.111703165583666664, 0.5000000000000152101 ) ) ;
#1392 = DIRECTION ( 'NONE',  ( -1.927470528863119344E-15, 1.000000000000000000, 2.469571615105871956E-15 ) ) ;
#1393 = ORIENTED_EDGE ( 'NONE', *, *, #1301, .T. ) ;
#1394 = APPLICATION_CONTEXT ( 'automotive_design' ) ;
#1395 = FACE_OUTER_BOUND ( 'NONE', #550, .T. ) ;
#1396 = CARTESIAN_POINT ( 'NONE',  ( 2.602085213965210642E-15, -4.570000000000006501, 0.7499999999999887867 ) ) ;
#1397 = EDGE_CURVE ( 'NONE', #1028, #1079, #1094, .T. ) ;
#1398 = CARTESIAN_POINT ( 'NONE',  ( 0.000000000000000000, -4.650000000000004796, 1.149999999999988587 ) ) ;
#1399 = AXIS2_PLACEMENT_3D ( 'NONE', #694, #1298, #1613 ) ;
#1400 = ORIENTED_EDGE ( 'NONE', *, *, #793, .F. ) ;
#1401 = UNCERTAINTY_MEASURE_WITH_UNIT (LENGTH_MEASURE( 1.000000000000000082E-05 ), #1603, 'distance_accuracy_value', 'NONE');
#1402 = MECHANICAL_DESIGN_GEOMETRIC_PRESENTATION_REPRESENTATION (  '', ( #1110 ), #738 ) ;
#1403 = CARTESIAN_POINT ( 'NONE',  ( -4.927560813125309025, 1.770464468141559111, 0.5000000000000166533 ) ) ;
#1404 = ORIENTED_EDGE ( 'NONE', *, *, #1800, .T. ) ;
#1405 = CIRCLE ( 'NONE', #833, 0.2250000000000001721 ) ;
#1406 = CARTESIAN_POINT ( 'NONE',  ( -4.984963327980073799, 1.631882538264872062, 0.1000000000000163397 ) ) ;
#1407 = CARTESIAN_POINT ( 'NONE',  ( -2.064751801064730774, 2.289751801064709102, 0.1000000000000107470 ) ) ;
#1408 = ORIENTED_EDGE ( 'NONE', *, *, #1816, .T. ) ;
#1409 = EDGE_CURVE ( 'NONE', #1804, #913, #341, .T. ) ;
#1410 = PRESENTATION_STYLE_ASSIGNMENT (( #1381 ) ) ;
#1411 = COLOUR_RGB ( '',0.2235294117647058654, 0.2235294117647058654, 0.2235294117647058654 ) ;
#1412 = FACE_OUTER_BOUND ( 'NONE', #1341, .T. ) ;
#1413 = EDGE_CURVE ( 'NONE', #1776, #562, #1033, .T. ) ;
#1414 = AXIS2_PLACEMENT_3D ( 'NONE', #1677, #1693, #1380 ) ;
#1415 = ORIENTED_EDGE ( 'NONE', *, *, #1759, .F. ) ;
#1416 = CARTESIAN_POINT ( 'NONE',  ( 2.602085213965210642E-15, 4.150000000000001243, 1.150000000000010125 ) ) ;
#1417 = DIRECTION ( 'NONE',  ( -2.468850131082270077E-15, 2.468850131082261399E-15, -1.000000000000000000 ) ) ;
#1418 = ORIENTED_EDGE ( 'NONE', *, *, #674, .F. ) ;
#1419 = UNCERTAINTY_MEASURE_WITH_UNIT (LENGTH_MEASURE( 1.000000000000000082E-05 ), #722, 'distance_accuracy_value', 'NONE');
#1420 = DIRECTION ( 'NONE',  ( -0.9238795325112895140, 0.3826834323650831204, 3.225708147102268212E-15 ) ) ;
#1421 = CARTESIAN_POINT ( 'NONE',  ( -2.064751801064731662, 1.839751801064710257, 0.1000000000000096367 ) ) ;
#1422 = CARTESIAN_POINT ( 'NONE',  ( -2.064751801064729442, 2.064751801064707681, 0.1000000000000101918 ) ) ;
#1423 = ADVANCED_FACE ( 'NONE', ( #108 ), #873, .T. ) ;
#1424 = ORIENTED_EDGE ( 'NONE', *, *, #1839, .F. ) ;
#1425 = PRESENTATION_STYLE_ASSIGNMENT (( #1572 ) ) ;
#1426 = EDGE_LOOP ( 'NONE', ( #742, #1589, #1598, #498, #119, #504, #1107, #494 ) ) ;
#1427 =( NAMED_UNIT ( * ) PLANE_ANGLE_UNIT ( ) SI_UNIT ( $, .RADIAN. ) );
#1428 = AXIS2_PLACEMENT_3D ( 'NONE', #36, #918, #18 ) ;
#1429 = CARTESIAN_POINT ( 'NONE',  ( -2.920000000000002149, 2.168404344971008868E-15, 7.209042382760237381E-15 ) ) ;
#1430 = CIRCLE ( 'NONE', #129, 0.2250000000000001721 ) ;
#1431 = DIRECTION ( 'NONE',  ( 0.000000000000000000, -1.000000000000000000, -3.854941057726234744E-15 ) ) ;
#1432 = PRODUCT_DEFINITION_FORMATION_WITH_SPECIFIED_SOURCE ( '�κ�', '', #1888, .NOT_KNOWN. ) ;
#1433 = VERTEX_POINT ( 'NONE', #1859 ) ;
#1434 = EDGE_CURVE ( 'NONE', #1582, #1195, #950, .T. ) ;
#1435 = PRESENTATION_LAYER_ASSIGNMENT (  '', '', ( #333 ) ) ;
#1436 = DIRECTION ( 'NONE',  ( 1.332267629550188440E-15, -0.8660254037844397068, 0.4999999999999981126 ) ) ;
#1437 = CIRCLE ( 'NONE', #1144, 0.2250000000000001721 ) ;
#1438 = CARTESIAN_POINT ( 'NONE',  ( 1.029992063861229212E-14, -1.300000000000009814, 4.099999999999996980 ) ) ;
#1439 = VERTEX_POINT ( 'NONE', #1077 ) ;
#1440 = UNCERTAINTY_MEASURE_WITH_UNIT (LENGTH_MEASURE( 1.000000000000000082E-05 ), #208, 'distance_accuracy_value', 'NONE');
#1441 = COLOUR_RGB ( '',0.2235294117647058654, 0.2235294117647058654, 0.2235294117647058654 ) ;
#1442 = DIRECTION ( 'NONE',  ( 2.468850131082270077E-15, -2.468850131082261399E-15, 1.000000000000000000 ) ) ;
#1443 = PLANE ( 'NONE',  #1224 ) ;
#1444 = CLOSED_SHELL ( 'NONE', ( #1914, #542, #999, #401, #471, #1201 ) ) ;
#1445 = EDGE_LOOP ( 'NONE', ( #1484, #1212 ) ) ;
#1446 = CLOSED_SHELL ( 'NONE', ( #1300, #241, #1875, #1244 ) ) ;
#1447 = EDGE_CURVE ( 'NONE', #258, #1776, #1234, .T. ) ;
#1448 = ORIENTED_EDGE ( 'NONE', *, *, #883, .T. ) ;
#1449 = CYLINDRICAL_SURFACE ( 'NONE', #1399, 1.300000000000000044 ) ;
#1450 = DIRECTION ( 'NONE',  ( -1.927470528863119344E-15, 1.000000000000000000, 3.854941057726238689E-15 ) ) ;
#1451 = FACE_OUTER_BOUND ( 'NONE', #287, .T. ) ;
#1452 = ORIENTED_EDGE ( 'NONE', *, *, #1826, .T. ) ;
#1453 =( NAMED_UNIT ( * ) PLANE_ANGLE_UNIT ( ) SI_UNIT ( $, .RADIAN. ) );
#1454 =( NAMED_UNIT ( * ) SI_UNIT ( $, .STERADIAN. ) SOLID_ANGLE_UNIT ( ) );
#1455 = CARTESIAN_POINT ( 'NONE',  ( -4.678816582088007436, 2.370986164273906738, 0.5000000000000174305 ) ) ;
#1456 = EDGE_CURVE ( 'NONE', #1493, #844, #310, .T. ) ;
#1457 = DIRECTION ( 'NONE',  ( 2.468850131082270077E-15, -2.468850131082261399E-15, 1.000000000000000000 ) ) ;
#1458 = DIRECTION ( 'NONE',  ( 0.000000000000000000, 1.000000000000000000, 2.469571615105871956E-15 ) ) ;
#1459 = CARTESIAN_POINT ( 'NONE',  ( 2.064751801064731218, -1.504751801064709182, 0.09999999999999119316 ) ) ;
#1460 = EDGE_LOOP ( 'NONE', ( #804, #1617, #147, #533 ) ) ;
#1461 =( GEOMETRIC_REPRESENTATION_CONTEXT ( 3 ) GLOBAL_UNCERTAINTY_ASSIGNED_CONTEXT ( ( #1850 ) ) GLOBAL_UNIT_ASSIGNED_CONTEXT ( ( #30, #1248, #1364 ) ) REPRESENTATION_CONTEXT ( 'NONE', 'WORKASPACE' ) );
#1462 = ORIENTED_EDGE ( 'NONE', *, *, #639, .T. ) ;
#1463 = SURFACE_STYLE_USAGE ( .BOTH. , #1779 ) ;
#1464 = CARTESIAN_POINT ( 'NONE',  ( 2.064751801064713899, -2.064751801064692138, -6.400000000000011013 ) ) ;
#1465 =( LENGTH_UNIT ( ) NAMED_UNIT ( * ) SI_UNIT ( .MILLI., .METRE. ) );
#1466 = CARTESIAN_POINT ( 'NONE',  ( -5.066142743002007620, 1.827866982996325884, 0.5000000000000169864 ) ) ;
#1467 = DIRECTION ( 'NONE',  ( 2.468850131082270077E-15, -2.468850131082261399E-15, 1.000000000000000000 ) ) ;
#1468 = STYLED_ITEM ( 'NONE', ( #553 ), #899 ) ;
#1469 = EDGE_CURVE ( 'NONE', #1740, #1322, #1590, .T. ) ;
#1470 = CARTESIAN_POINT ( 'NONE',  ( -2.064751801064729886, 2.064751801064707681, 1.019512550942195003E-14 ) ) ;
#1471 = CONICAL_SURFACE ( 'NONE', #1146, 4.150000000000000355, 0.7853981633974461696 ) ;
#1472 = EDGE_CURVE ( 'NONE', #641, #1675, #1828, .T. ) ;
#1473 = ORIENTED_EDGE ( 'NONE', *, *, #720, .T. ) ;
#1474 = PRESENTATION_LAYER_ASSIGNMENT (  '', '', ( #1032 ) ) ;
#1475 = CIRCLE ( 'NONE', #779, 4.649999999999999467 ) ;
#1476 = VERTEX_POINT ( 'NONE', #500 ) ;
#1477 = CLOSED_SHELL ( 'NONE', ( #194, #825, #123, #1096, #706, #1892 ) ) ;
#1478 = SURFACE_SIDE_STYLE ('',( #1915 ) ) ;
#1479 = CARTESIAN_POINT ( 'NONE',  ( 2.920000000000001705, 0.3500000000000028644, -6.344944836881432500E-15 ) ) ;
#1480 = CARTESIAN_POINT ( 'NONE',  ( -2.064751801064747205, 2.289751801064725090, -6.399999999999989697 ) ) ;
#1481 = CARTESIAN_POINT ( 'NONE',  ( -2.064751801064732106, 1.839751801064710479, 9.639634229928451932E-15 ) ) ;
#1482 = DIRECTION ( 'NONE',  ( 0.000000000000000000, 1.000000000000000000, 2.469571615105871956E-15 ) ) ;
#1483 = SURFACE_SIDE_STYLE ('',( #589 ) ) ;
#1484 = ORIENTED_EDGE ( 'NONE', *, *, #1010, .T. ) ;
#1485 = EDGE_CURVE ( 'NONE', #693, #1317, #1707, .T. ) ;
#1486 = CARTESIAN_POINT ( 'NONE',  ( -2.920000000000017693, -0.2249999999999847677, -6.399999999999993250 ) ) ;
#1487 = APPLICATION_CONTEXT ( 'automotive_design' ) ;
#1488 = DIRECTION ( 'NONE',  ( 2.468850131082270077E-15, -2.468850131082261399E-15, 1.000000000000000000 ) ) ;
#1489 = CARTESIAN_POINT ( 'NONE',  ( -4.358998796049327495, 1.372599539574636651, 0.5000000000000142109 ) ) ;
#1490 = DIRECTION ( 'NONE',  ( 0.000000000000000000, 1.000000000000000000, 3.854941057726238689E-15 ) ) ;
#1491 = CARTESIAN_POINT ( 'NONE',  ( 2.064751801064715231, -2.289751801064693559, -6.400000000000011013 ) ) ;
#1492 = DIRECTION ( 'NONE',  ( -2.468850131082270077E-15, 2.468850131082261399E-15, -1.000000000000000000 ) ) ;
#1493 = VERTEX_POINT ( 'NONE', #796 ) ;
#1494 = AXIS2_PLACEMENT_3D ( 'NONE', #888, #1345, #1334 ) ;
#1495 = EDGE_LOOP ( 'NONE', ( #445, #1588, #593, #64 ) ) ;
#1496 = CARTESIAN_POINT ( 'NONE',  ( 2.920000000000002149, -2.168404344971008868E-15, -7.209042382760237381E-15 ) ) ;
#1497 = ADVANCED_FACE ( 'NONE', ( #1536 ), #165, .T. ) ;
#1498 = CYLINDRICAL_SURFACE ( 'NONE', #1304, 0.2249999999999999500 ) ;
#1499 =( NAMED_UNIT ( * ) PLANE_ANGLE_UNIT ( ) SI_UNIT ( $, .RADIAN. ) );
#1500 = DIRECTION ( 'NONE',  ( -2.468850131082270077E-15, 2.468850131082261399E-15, -1.000000000000000000 ) ) ;
#1501 = CARTESIAN_POINT ( 'NONE',  ( -2.920000000000002149, 2.168404344971008868E-15, 7.209042382760237381E-15 ) ) ;
#1502 = DIRECTION ( 'NONE',  ( 0.000000000000000000, -1.000000000000000000, -3.854941057726234744E-15 ) ) ;
#1503 = VECTOR ( 'NONE', #814, 1000.000000000000000 ) ;
#1504 = FILL_AREA_STYLE_COLOUR ( '', #1411 ) ;
#1505 = CIRCLE ( 'NONE', #1571, 0.2249999999999999500 ) ;
#1506 = VERTEX_POINT ( 'NONE', #1584 ) ;
#1507 = AXIS2_PLACEMENT_3D ( 'NONE', #594, #437, #895 ) ;
#1508 = DIRECTION ( 'NONE',  ( 0.000000000000000000, -1.000000000000000000, -2.168404344971009262E-15 ) ) ;
#1509 = ORIENTED_EDGE ( 'NONE', *, *, #1323, .T. ) ;
#1510 = DIRECTION ( 'NONE',  ( -2.468850131082270077E-15, 2.468850131082261399E-15, -1.000000000000000000 ) ) ;
#1511 =( LENGTH_UNIT ( ) NAMED_UNIT ( * ) SI_UNIT ( .MILLI., .METRE. ) );
#1512 = DIRECTION ( 'NONE',  ( -3.885780586188048385E-16, -1.000000000000000000, -2.470296525384094957E-15 ) ) ;
#1513 = AXIS2_PLACEMENT_3D ( 'NONE', #389, #697, #1145 ) ;
#1514 = DIRECTION ( 'NONE',  ( -2.468850131082270077E-15, 2.468850131082261399E-15, -1.000000000000000000 ) ) ;
#1515 = ORIENTED_EDGE ( 'NONE', *, *, #845, .F. ) ;
#1516 = CARTESIAN_POINT ( 'NONE',  ( -4.927560813125309025, 1.770464468141559111, 0.5000000000000166533 ) ) ;
#1517 = COLOUR_RGB ( '',0.2235294117647058654, 0.2235294117647058654, 0.2235294117647058654 ) ;
#1518 = ADVANCED_FACE ( 'NONE', ( #821 ), #521, .T. ) ;
#1519 = CARTESIAN_POINT ( 'NONE',  ( -4.358998796049327495, 1.372599539574636651, 0.5000000000000142109 ) ) ;
#1520 = VERTEX_POINT ( 'NONE', #1868 ) ;
#1521 = EDGE_LOOP ( 'NONE', ( #58, #795, #280, #1755 ) ) ;
#1522 = SURFACE_STYLE_USAGE ( .BOTH. , #605 ) ;
#1523 = CARTESIAN_POINT ( 'NONE',  ( 2.064751801064729886, -2.064751801064707681, -1.019512550942195003E-14 ) ) ;
#1524 = DIRECTION ( 'NONE',  ( -2.468850131082270077E-15, 2.468850131082261399E-15, -1.000000000000000000 ) ) ;
#1525 = FACE_OUTER_BOUND ( 'NONE', #543, .T. ) ;
#1526 = LINE ( 'NONE', #1836, #839 ) ;
#1527 =( NAMED_UNIT ( * ) PLANE_ANGLE_UNIT ( ) SI_UNIT ( $, .RADIAN. ) );
#1528 = EDGE_CURVE ( 'NONE', #730, #199, #551, .T. ) ;
#1529 = DIRECTION ( 'NONE',  ( -0.7071067811865487940, 0.7071067811865463515, 3.491481338843133355E-15 ) ) ;
#1530 = VERTEX_POINT ( 'NONE', #847 ) ;
#1531 = SURFACE_STYLE_USAGE ( .BOTH. , #818 ) ;
#1532 = SURFACE_STYLE_FILL_AREA ( #171 ) ;
#1533 =( GEOMETRIC_REPRESENTATION_CONTEXT ( 3 ) GLOBAL_UNCERTAINTY_ASSIGNED_CONTEXT ( ( #1599 ) ) GLOBAL_UNIT_ASSIGNED_CONTEXT ( ( #1074, #1378, #526 ) ) REPRESENTATION_CONTEXT ( 'NONE', 'WORKASPACE' ) );
#1534 = FILL_AREA_STYLE_COLOUR ( '', #1866 ) ;
#1535 = DIRECTION ( 'NONE',  ( 0.9238795325112894030, -0.3826834323650835090, -3.225708147102269395E-15 ) ) ;
#1536 = FACE_OUTER_BOUND ( 'NONE', #1445, .T. ) ;
#1537 = AXIS2_PLACEMENT_3D ( 'NONE', #136, #1514, #1791 ) ;
#1538 = CIRCLE ( 'NONE', #1597, 4.570000000000000284 ) ;
#1539 = EDGE_CURVE ( 'NONE', #436, #53, #956, .T. ) ;
#1540 = EDGE_LOOP ( 'NONE', ( #688, #1679, #819, #1086 ) ) ;
#1541 = CIRCLE ( 'NONE', #419, 0.2249999999999999500 ) ;
#1542 = SURFACE_STYLE_FILL_AREA ( #1375 ) ;
#1543 = DIRECTION ( 'NONE',  ( -2.468850131082270077E-15, 2.468850131082261399E-15, -1.000000000000000000 ) ) ;
#1544 = DIRECTION ( 'NONE',  ( -3.885780586188046905E-16, -1.000000000000000000, -2.668805347656626087E-15 ) ) ;
#1545 = MECHANICAL_DESIGN_GEOMETRIC_PRESENTATION_REPRESENTATION (  '', ( #424 ), #942 ) ;
#1546 = DIRECTION ( 'NONE',  ( 2.468850131082270077E-15, -2.468850131082261399E-15, 1.000000000000000000 ) ) ;
#1547 = CARTESIAN_POINT ( 'NONE',  ( 2.468850131082270077E-16, -2.468850131082261202E-16, 0.1000000000000000056 ) ) ;
#1548 = VERTEX_POINT ( 'NONE', #966 ) ;
#1549 = EDGE_CURVE ( 'NONE', #1322, #246, #1743, .T. ) ;
#1550 =( NAMED_UNIT ( * ) PLANE_ANGLE_UNIT ( ) SI_UNIT ( $, .RADIAN. ) );
#1551 = DIRECTION ( 'NONE',  ( -2.468850131082270077E-15, 2.468850131082261399E-15, -1.000000000000000000 ) ) ;
#1552 = CARTESIAN_POINT ( 'NONE',  ( -2.920000000000002149, 2.168404344971008868E-15, 7.209042382760237381E-15 ) ) ;
#1553 = ORIENTED_EDGE ( 'NONE', *, *, #1126, .T. ) ;
#1554 = DIRECTION ( 'NONE',  ( 0.000000000000000000, 1.000000000000000000, 2.468850131082263766E-15 ) ) ;
#1555 = FACE_OUTER_BOUND ( 'NONE', #1100, .T. ) ;
#1556 = ORIENTED_EDGE ( 'NONE', *, *, #1926, .T. ) ;
#1557 =( NAMED_UNIT ( * ) PLANE_ANGLE_UNIT ( ) SI_UNIT ( $, .RADIAN. ) );
#1558 = ADVANCED_FACE ( 'NONE', ( #690 ), #1449, .F. ) ;
#1559 = DIRECTION ( 'NONE',  ( 0.000000000000000000, 1.000000000000000000, 3.854941057726234744E-15 ) ) ;
#1560 = MECHANICAL_DESIGN_GEOMETRIC_PRESENTATION_REPRESENTATION (  '', ( #39 ), #385 ) ;
#1561 = SURFACE_STYLE_USAGE ( .BOTH. , #954 ) ;
#1562 = EDGE_CURVE ( 'NONE', #1530, #359, #255, .T. ) ;
#1563 = CARTESIAN_POINT ( 'NONE',  ( -5.066142743002007620, 1.827866982996325884, 0.5000000000000169864 ) ) ;
#1564 = AXIS2_PLACEMENT_3D ( 'NONE', #302, #487, #476 ) ;
#1565 = ORIENTED_EDGE ( 'NONE', *, *, #1148, .T. ) ;
#1566 = UNCERTAINTY_MEASURE_WITH_UNIT (LENGTH_MEASURE( 1.000000000000000082E-05 ), #1465, 'distance_accuracy_value', 'NONE');
#1567 = DIRECTION ( 'NONE',  ( 2.468850131082270077E-15, -2.468850131082261399E-15, 1.000000000000000000 ) ) ;
#1568 = AXIS2_PLACEMENT_3D ( 'NONE', #1388, #1551, #197 ) ;
#1569 = CARTESIAN_POINT ( 'NONE',  ( -4.736219096942765994, 2.382404234397210274, 0.1000000000000175887 ) ) ;
#1570 = ORIENTED_EDGE ( 'NONE', *, *, #97, .T. ) ;
#1571 = AXIS2_PLACEMENT_3D ( 'NONE', #397, #1005, #858 ) ;
#1572 = SURFACE_STYLE_USAGE ( .BOTH. , #701 ) ;
#1573 = ORIENTED_EDGE ( 'NONE', *, *, #1717, .F. ) ;
#1574 = FILL_AREA_STYLE_COLOUR ( '', #927 ) ;
#1575 = EDGE_CURVE ( 'NONE', #1843, #105, #852, .T. ) ;
#1576 = DIRECTION ( 'NONE',  ( 2.468850131082270077E-15, -2.468850131082261399E-15, 1.000000000000000000 ) ) ;
#1577 = AXIS2_PLACEMENT_3D ( 'NONE', #1729, #984, #916 ) ;
#1578 = SURFACE_STYLE_FILL_AREA ( #502 ) ;
#1579 = ORIENTED_EDGE ( 'NONE', *, *, #1301, .F. ) ;
#1580 = DIRECTION ( 'NONE',  ( -2.468850131082270077E-15, 2.468850131082261399E-15, -1.000000000000000000 ) ) ;
#1581 = SURFACE_STYLE_FILL_AREA ( #1306 ) ;
#1582 = VERTEX_POINT ( 'NONE', #1466 ) ;
#1583 = UNCERTAINTY_MEASURE_WITH_UNIT (LENGTH_MEASURE( 1.000000000000000082E-05 ), #318, 'distance_accuracy_value', 'NONE');
#1584 = CARTESIAN_POINT ( 'NONE',  ( 1.908195823574487804E-14, -4.150000000000015454, 6.099999999999989875 ) ) ;
#1585 = DIRECTION ( 'NONE',  ( 0.000000000000000000, 1.000000000000000000, 2.469571615105871956E-15 ) ) ;
#1586 = EDGE_CURVE ( 'NONE', #709, #1390, #1681, .T. ) ;
#1587 = DIRECTION ( 'NONE',  ( -0.3826834323650834535, -0.9238795325112892920, -1.336132062787165193E-15 ) ) ;
#1588 = ORIENTED_EDGE ( 'NONE', *, *, #85, .F. ) ;
#1589 = ORIENTED_EDGE ( 'NONE', *, *, #1575, .F. ) ;
#1590 = CIRCLE ( 'NONE', #610, 0.2249999999999999500 ) ;
#1591 = DIRECTION ( 'NONE',  ( -2.468850131082270077E-15, 2.468850131082261399E-15, -1.000000000000000000 ) ) ;
#1592 = CARTESIAN_POINT ( 'NONE',  ( -4.984963327980072023, 1.631882538264870730, 0.5000000000000164313 ) ) ;
#1593 = VERTEX_POINT ( 'NONE', #573 ) ;
#1594 = EDGE_CURVE ( 'NONE', #199, #1259, #1138, .T. ) ;
#1595 = STYLED_ITEM ( 'NONE', ( #193 ), #531 ) ;
#1596 = DIRECTION ( 'NONE',  ( 0.7071067811865463515, 0.7071067811865487940, 0.000000000000000000 ) ) ;
#1597 = AXIS2_PLACEMENT_3D ( 'NONE', #968, #472, #62 ) ;
#1598 = ORIENTED_EDGE ( 'NONE', *, *, #987, .T. ) ;
#1599 = UNCERTAINTY_MEASURE_WITH_UNIT (LENGTH_MEASURE( 1.000000000000000082E-05 ), #1074, 'distance_accuracy_value', 'NONE');
#1600 = VECTOR ( 'NONE', #1199, 1000.000000000000000 ) ;
#1601 = CARTESIAN_POINT ( 'NONE',  ( 2.920000000000002149, -2.168404344971008868E-15, -7.209042382760237381E-15 ) ) ;
#1602 =( GEOMETRIC_REPRESENTATION_CONTEXT ( 3 ) GLOBAL_UNCERTAINTY_ASSIGNED_CONTEXT ( ( #842 ) ) GLOBAL_UNIT_ASSIGNED_CONTEXT ( ( #1511, #1789, #460 ) ) REPRESENTATION_CONTEXT ( 'NONE', 'WORKASPACE' ) );
#1603 =( LENGTH_UNIT ( ) NAMED_UNIT ( * ) SI_UNIT ( .MILLI., .METRE. ) );
#1604 = PLANE ( 'NONE',  #1189 ) ;
#1605 = MECHANICAL_DESIGN_GEOMETRIC_PRESENTATION_REPRESENTATION (  '', ( #1932 ), #1724 ) ;
#1606 = ORIENTED_EDGE ( 'NONE', *, *, #1333, .T. ) ;
#1607 = AXIS2_PLACEMENT_3D ( 'NONE', #1091, #1848, #42 ) ;
#1608 = EDGE_CURVE ( 'NONE', #1028, #120, #1792, .T. ) ;
#1609 = DIRECTION ( 'NONE',  ( -2.468850131082270077E-15, 2.468850131082261399E-15, -1.000000000000000000 ) ) ;
#1610 = CARTESIAN_POINT ( 'NONE',  ( -2.064751801064729886, 2.064751801064707681, 1.019512550942195003E-14 ) ) ;
#1611 = FACE_OUTER_BOUND ( 'NONE', #1733, .T. ) ;
#1612 = ORIENTED_EDGE ( 'NONE', *, *, #1705, .F. ) ;
#1613 = DIRECTION ( 'NONE',  ( -3.885780586188046905E-16, -1.000000000000000000, -2.668805347656626087E-15 ) ) ;
#1614 = CYLINDRICAL_SURFACE ( 'NONE', #1059, 0.2249999999999999500 ) ;
#1615 = CYLINDRICAL_SURFACE ( 'NONE', #1513, 0.2250000000000001721 ) ;
#1616 = ORIENTED_EDGE ( 'NONE', *, *, #229, .T. ) ;
#1617 = ORIENTED_EDGE ( 'NONE', *, *, #1434, .F. ) ;
#1618 = EDGE_CURVE ( 'NONE', #281, #1786, #1736, .T. ) ;
#1619 = VERTEX_POINT ( 'NONE', #737 ) ;
#1620 = CARTESIAN_POINT ( 'NONE',  ( 1.851637598311702656E-15, -1.851637598311695951E-15, 0.7500000000000000000 ) ) ;
#1621 = FACE_BOUND ( 'NONE', #1263, .T. ) ;
#1622 = DIRECTION ( 'NONE',  ( 0.000000000000000000, -1.000000000000000000, -2.439454888092385371E-15 ) ) ;
#1623 = FACE_OUTER_BOUND ( 'NONE', #909, .T. ) ;
#1624 = CIRCLE ( 'NONE', #1017, 0.3499999999999999778 ) ;
#1625 = ORIENTED_EDGE ( 'NONE', *, *, #1854, .T. ) ;
#1626 = ORIENTED_EDGE ( 'NONE', *, *, #1456, .T. ) ;
#1627 = FILL_AREA_STYLE ('',( #854 ) ) ;
#1628 = SURFACE_SIDE_STYLE ('',( #1018 ) ) ;
#1629 =( NAMED_UNIT ( * ) PLANE_ANGLE_UNIT ( ) SI_UNIT ( $, .RADIAN. ) );
#1630 = VERTEX_POINT ( 'NONE', #1156 ) ;
#1631 = CARTESIAN_POINT ( 'NONE',  ( -2.064751801064732106, 1.677956881821597079, 9.240186822346647958E-15 ) ) ;
#1632 = AXIS2_PLACEMENT_3D ( 'NONE', #1865, #1417, #1130 ) ;
#1633 = CARTESIAN_POINT ( 'NONE',  ( 4.336808689942017736E-16, 4.570000000000002949, 0.5000000000000113243 ) ) ;
#1634 = CIRCLE ( 'NONE', #774, 0.2249999999999999500 ) ;
#1635 = EDGE_CURVE ( 'NONE', #53, #436, #823, .T. ) ;
#1636 = CARTESIAN_POINT ( 'NONE',  ( -2.064751801064729886, 2.064751801064707681, 1.019512550942195003E-14 ) ) ;
#1637 = VECTOR ( 'NONE', #117, 1000.000000000000000 ) ;
#1638 = ORIENTED_EDGE ( 'NONE', *, *, #1539, .F. ) ;
#1639 = VECTOR ( 'NONE', #1587, 1000.000000000000114 ) ;
#1640 = EDGE_LOOP ( 'NONE', ( #14, #1415, #829, #1129, #800, #239, #254, #815, #1166 ) ) ;
#1641 = AXIS2_PLACEMENT_3D ( 'NONE', #620, #462, #1073 ) ;
#1642 = DIRECTION ( 'NONE',  ( 0.000000000000000000, 1.000000000000000000, 2.168404344971006107E-15 ) ) ;
#1643 = PRESENTATION_STYLE_ASSIGNMENT (( #276 ) ) ;
#1644 = ADVANCED_FACE ( 'NONE', ( #870 ), #879, .F. ) ;
#1645 = EDGE_LOOP ( 'NONE', ( #99, #444, #755, #662 ) ) ;
#1646 = EDGE_LOOP ( 'NONE', ( #207, #1102 ) ) ;
#1647 = SURFACE_SIDE_STYLE ('',( #122 ) ) ;
#1648 = FACE_OUTER_BOUND ( 'NONE', #158, .T. ) ;
#1649 = CARTESIAN_POINT ( 'NONE',  ( 1.908195823574487804E-14, -4.150000000000015454, 6.099999999999989875 ) ) ;
#1650 = FILL_AREA_STYLE_COLOUR ( '', #776 ) ;
#1651 = DIRECTION ( 'NONE',  ( -2.468850131082270077E-15, 2.468850131082261399E-15, -1.000000000000000000 ) ) ;
#1652 = ORIENTED_EDGE ( 'NONE', *, *, #1717, .T. ) ;
#1653 = DIRECTION ( 'NONE',  ( -3.885780586188046905E-16, -1.000000000000000000, -2.668805347656626087E-15 ) ) ;
#1654 = AXIS2_PLACEMENT_3D ( 'NONE', #1516, #725, #1642 ) ;
#1655 = ORIENTED_EDGE ( 'NONE', *, *, #806, .F. ) ;
#1656 = CARTESIAN_POINT ( 'NONE',  ( -2.920000000000002149, 2.168404344971008868E-15, 7.209042382760237381E-15 ) ) ;
#1657 = CIRCLE ( 'NONE', #1211, 0.3867949192431128225 ) ;
#1658 = EDGE_CURVE ( 'NONE', #120, #1433, #1272, .T. ) ;
#1659 = FACE_OUTER_BOUND ( 'NONE', #400, .T. ) ;
#1660 = FILL_AREA_STYLE ('',( #1768 ) ) ;
#1661 = DIRECTION ( 'NONE',  ( -2.468850131082270077E-15, 2.468850131082261399E-15, -1.000000000000000000 ) ) ;
#1662 = COLOUR_RGB ( '',0.2509803921568627416, 0.2509803921568627416, 0.2509803921568627416 ) ;
#1663 = DIRECTION ( 'NONE',  ( -2.468850131082270077E-15, 2.468850131082261399E-15, -1.000000000000000000 ) ) ;
#1664 = AXIS2_PLACEMENT_3D ( 'NONE', #977, #1101, #209 ) ;
#1665 = VERTEX_POINT ( 'NONE', #1179 ) ;
#1666 = ORIENTED_EDGE ( 'NONE', *, *, #1696, .F. ) ;
#1667 = AXIS2_PLACEMENT_3D ( 'NONE', #671, #1871, #850 ) ;
#1668 = EDGE_CURVE ( 'NONE', #1195, #668, #358, .T. ) ;
#1669 = CLOSED_SHELL ( 'NONE', ( #1739, #1061, #1644, #1180 ) ) ;
#1670 =( LENGTH_UNIT ( ) NAMED_UNIT ( * ) SI_UNIT ( .MILLI., .METRE. ) );
#1671 = AXIS2_PLACEMENT_3D ( 'NONE', #1827, #764, #775 ) ;
#1672 = CARTESIAN_POINT ( 'NONE',  ( 5.637851296924623057E-15, -4.150000000000003020, 0.7499999999999896749 ) ) ;
#1673 = DIRECTION ( 'NONE',  ( 0.000000000000000000, 1.000000000000000000, 2.469571615105869195E-15 ) ) ;
#1674 = CARTESIAN_POINT ( 'NONE',  ( -2.064751801064728109, 2.451546720307818727, 1.115006419649725210E-14 ) ) ;
#1675 = VERTEX_POINT ( 'NONE', #1761 ) ;
#1676 = DIRECTION ( 'NONE',  ( -2.468850131082270077E-15, 2.468850131082261399E-15, -1.000000000000000000 ) ) ;
#1677 = CARTESIAN_POINT ( 'NONE',  ( -4.736219096942767770, 2.232404234397207698, 0.5000000000000172085 ) ) ;
#1678 = PRESENTATION_STYLE_ASSIGNMENT (( #1078 ) ) ;
#1679 = ORIENTED_EDGE ( 'NONE', *, *, #859, .F. ) ;
#1680 = DIRECTION ( 'NONE',  ( 2.468850131082270077E-15, -2.468850131082261399E-15, 1.000000000000000000 ) ) ;
#1681 = CIRCLE ( 'NONE', #1365, 0.3867949192431128225 ) ;
#1682 = FACE_OUTER_BOUND ( 'NONE', #952, .T. ) ;
#1683 = DIRECTION ( 'NONE',  ( 2.468850131082270077E-15, -2.468850131082261399E-15, 1.000000000000000000 ) ) ;
#1684 =( NAMED_UNIT ( * ) PLANE_ANGLE_UNIT ( ) SI_UNIT ( $, .RADIAN. ) );
#1685 = DIRECTION ( 'NONE',  ( 0.000000000000000000, -1.000000000000000000, -2.468850131082261399E-15 ) ) ;
#1686 = SURFACE_SIDE_STYLE ('',( #465 ) ) ;
#1687 = ORIENTED_EDGE ( 'NONE', *, *, #435, .T. ) ;
#1688 = CIRCLE ( 'NONE', #242, 1.300000000000000044 ) ;
#1689 = DIRECTION ( 'NONE',  ( 0.000000000000000000, 0.000000000000000000, 1.000000000000000000 ) ) ;
#1690 =( GEOMETRIC_REPRESENTATION_CONTEXT ( 3 ) GLOBAL_UNCERTAINTY_ASSIGNED_CONTEXT ( ( #1131 ) ) GLOBAL_UNIT_ASSIGNED_CONTEXT ( ( #1174, #409, #546 ) ) REPRESENTATION_CONTEXT ( 'NONE', 'WORKASPACE' ) );
#1691 = AXIS2_PLACEMENT_3D ( 'NONE', #1284, #383, #1006 ) ;
#1692 = DIRECTION ( 'NONE',  ( -2.468850131082270077E-15, 2.468850131082261399E-15, -1.000000000000000000 ) ) ;
#1693 = DIRECTION ( 'NONE',  ( 2.468850131082270077E-15, -2.468850131082261399E-15, 1.000000000000000000 ) ) ;
#1694 = ORIENTED_EDGE ( 'NONE', *, *, #915, .T. ) ;
#1695 = FACE_OUTER_BOUND ( 'NONE', #1351, .T. ) ;
#1696 = EDGE_CURVE ( 'NONE', #1740, #972, #598, .T. ) ;
#1697 = ORIENTED_EDGE ( 'NONE', *, *, #505, .F. ) ;
#1698 = CARTESIAN_POINT ( 'NONE',  ( 2.064751801064731662, -2.289751801064709547, 0.09999999999998926414 ) ) ;
#1699 = SURFACE_STYLE_FILL_AREA ( #1239 ) ;
#1700 = LINE ( 'NONE', #175, #1154 ) ;
#1701 = ORIENTED_EDGE ( 'NONE', *, *, #1658, .F. ) ;
#1702 = CARTESIAN_POINT ( 'NONE',  ( 1.214306433183764966E-14, -4.650000000000017231, 6.099999999999988987 ) ) ;
#1703 = LINE ( 'NONE', #642, #368 ) ;
#1704 = EDGE_LOOP ( 'NONE', ( #1418, #790 ) ) ;
#1705 = EDGE_CURVE ( 'NONE', #1919, #1242, #66, .T. ) ;
#1706 = DIRECTION ( 'NONE',  ( -2.468850131082270077E-15, 2.468850131082261399E-15, -1.000000000000000000 ) ) ;
#1707 = CIRCLE ( 'NONE', #1050, 0.2249999999999999500 ) ;
#1708 = LINE ( 'NONE', #1076, #554 ) ;
#1709 = AXIS2_PLACEMENT_3D ( 'NONE', #745, #1342, #1935 ) ;
#1710 = VERTEX_POINT ( 'NONE', #902 ) ;
#1711 = UNCERTAINTY_MEASURE_WITH_UNIT (LENGTH_MEASURE( 1.000000000000000082E-05 ), #1169, 'distance_accuracy_value', 'NONE');
#1712 = DIRECTION ( 'NONE',  ( -2.468850131082270077E-15, 2.468850131082261399E-15, -1.000000000000000000 ) ) ;
#1713 = EDGE_LOOP ( 'NONE', ( #1160, #931, #143, #297 ) ) ;
#1714 = AXIS2_PLACEMENT_3D ( 'NONE', #523, #414, #1458 ) ;
#1715 = DIRECTION ( 'NONE',  ( 3.885780586188048385E-16, 1.000000000000000000, 2.455783234063551946E-15 ) ) ;
#1716 =( GEOMETRIC_REPRESENTATION_CONTEXT ( 3 ) GLOBAL_UNCERTAINTY_ASSIGNED_CONTEXT ( ( #1264 ) ) GLOBAL_UNIT_ASSIGNED_CONTEXT ( ( #1766, #282, #604 ) ) REPRESENTATION_CONTEXT ( 'NONE', 'WORKASPACE' ) );
#1717 = EDGE_CURVE ( 'NONE', #1582, #75, #534, .T. ) ;
#1718 = CARTESIAN_POINT ( 'NONE',  ( 2.064751801064729886, -2.064751801064707681, -1.019512550942195003E-14 ) ) ;
#1719 =( GEOMETRIC_REPRESENTATION_CONTEXT ( 3 ) GLOBAL_UNCERTAINTY_ASSIGNED_CONTEXT ( ( #387 ) ) GLOBAL_UNIT_ASSIGNED_CONTEXT ( ( #250, #1453, #467 ) ) REPRESENTATION_CONTEXT ( 'NONE', 'WORKASPACE' ) );
#1720 = ORIENTED_EDGE ( 'NONE', *, *, #461, .T. ) ;
#1721 = FILL_AREA_STYLE ('',( #1574 ) ) ;
#1722 = VECTOR ( 'NONE', #740, 1000.000000000000000 ) ;
#1723 = LINE ( 'NONE', #1853, #306 ) ;
#1724 =( GEOMETRIC_REPRESENTATION_CONTEXT ( 3 ) GLOBAL_UNCERTAINTY_ASSIGNED_CONTEXT ( ( #355 ) ) GLOBAL_UNIT_ASSIGNED_CONTEXT ( ( #172, #1550, #195 ) ) REPRESENTATION_CONTEXT ( 'NONE', 'WORKASPACE' ) );
#1725 = EDGE_LOOP ( 'NONE', ( #321, #1112, #329, #1905, #69, #1652, #249 ) ) ;
#1726 = CARTESIAN_POINT ( 'NONE',  ( 1.301042606982605321E-15, 4.570000000000002949, 0.7500000000000113243 ) ) ;
#1727 = UNCERTAINTY_MEASURE_WITH_UNIT (LENGTH_MEASURE( 1.000000000000000082E-05 ), #912, 'distance_accuracy_value', 'NONE');
#1728 = SURFACE_STYLE_FILL_AREA ( #1721 ) ;
#1729 = CARTESIAN_POINT ( 'NONE',  ( 1.505998579960184648E-14, -1.505998579960179600E-14, 6.100000000000000533 ) ) ;
#1730 = DIRECTION ( 'NONE',  ( 0.000000000000000000, -1.000000000000000000, -2.468850131082261399E-15 ) ) ;
#1731 = EDGE_CURVE ( 'NONE', #963, #1259, #8, .T. ) ;
#1732 = DIRECTION ( 'NONE',  ( 0.000000000000000000, -1.000000000000000000, -2.468850131082260216E-15 ) ) ;
#1733 = EDGE_LOOP ( 'NONE', ( #841, #1071, #616, #1764 ) ) ;
#1734 = PLANE ( 'NONE',  #618 ) ;
#1735 = PRESENTATION_STYLE_ASSIGNMENT (( #1271 ) ) ;
#1736 = CIRCLE ( 'NONE', #1327, 0.5600000000000004974 ) ;
#1737 = CIRCLE ( 'NONE', #1568, 0.2249999999999999500 ) ;
#1738 = CARTESIAN_POINT ( 'NONE',  ( 2.920000000000001705, 0.3500000000000024203, 0.09999999999999366340 ) ) ;
#1739 = ADVANCED_FACE ( 'NONE', ( #1232 ), #41, .F. ) ;
#1740 = VERTEX_POINT ( 'NONE', #332 ) ;
#1741 = PRESENTATION_LAYER_ASSIGNMENT (  '', '', ( #1767 ) ) ;
#1742 =( GEOMETRIC_REPRESENTATION_CONTEXT ( 3 ) GLOBAL_UNCERTAINTY_ASSIGNED_CONTEXT ( ( #983 ) ) GLOBAL_UNIT_ASSIGNED_CONTEXT ( ( #338, #459, #617 ) ) REPRESENTATION_CONTEXT ( 'NONE', 'WORKASPACE' ) );
#1743 = LINE ( 'NONE', #1307, #1864 ) ;
#1744 = STYLED_ITEM ( 'NONE', ( #1188 ), #1157 ) ;
#1745 = CYLINDRICAL_SURFACE ( 'NONE', #678, 0.2250000000000001721 ) ;
#1746 = CARTESIAN_POINT ( 'NONE',  ( -4.874801026819466365, 2.289806749251974249, 0.5000000000000176525 ) ) ;
#1747 = CIRCLE ( 'NONE', #1257, 0.5600000000000004974 ) ;
#1748 = ORIENTED_EDGE ( 'NONE', *, *, #720, .F. ) ;
#1749 = EDGE_CURVE ( 'NONE', #959, #1630, #647, .T. ) ;
#1750 = CIRCLE ( 'NONE', #1414, 0.1499999999999999667 ) ;
#1751 = EDGE_CURVE ( 'NONE', #1476, #1582, #323, .T. ) ;
#1752 = CYLINDRICAL_SURFACE ( 'NONE', #479, 0.2249999999999999500 ) ;
#1753 = FACE_OUTER_BOUND ( 'NONE', #875, .T. ) ;
#1754 = CARTESIAN_POINT ( 'NONE',  ( 2.064751801064715231, -2.289751801064693559, -6.400000000000011013 ) ) ;
#1755 = ORIENTED_EDGE ( 'NONE', *, *, #382, .F. ) ;
#1756 = VERTEX_POINT ( 'NONE', #1250 ) ;
#1757 = FILL_AREA_STYLE ('',( #196 ) ) ;
#1758 = FILL_AREA_STYLE ('',( #1164 ) ) ;
#1759 = EDGE_CURVE ( 'NONE', #668, #80, #763, .T. ) ;
#1760 = EDGE_LOOP ( 'NONE', ( #416, #386, #1058, #558 ) ) ;
#1761 = CARTESIAN_POINT ( 'NONE',  ( 2.919999999999998597, -0.2250000000000010325, -8.022031678219042780E-15 ) ) ;
#1762 = DIRECTION ( 'NONE',  ( 2.468850131082270077E-15, -2.468850131082261399E-15, 1.000000000000000000 ) ) ;
#1763 = AXIS2_PLACEMENT_3D ( 'NONE', #116, #1661, #305 ) ;
#1764 = ORIENTED_EDGE ( 'NONE', *, *, #628, .F. ) ;
#1765 = ORIENTED_EDGE ( 'NONE', *, *, #519, .T. ) ;
#1766 =( LENGTH_UNIT ( ) NAMED_UNIT ( * ) SI_UNIT ( .MILLI., .METRE. ) );
#1767 = STYLED_ITEM ( 'NONE', ( #885 ), #508 ) ;
#1768 = FILL_AREA_STYLE_COLOUR ( '', #893 ) ;
#1769 = AXIS2_PLACEMENT_3D ( 'NONE', #677, #1128, #1450 ) ;
#1770 = EDGE_CURVE ( 'NONE', #1322, #1740, #1737, .T. ) ;
#1771 = AXIS2_PLACEMENT_3D ( 'NONE', #1927, #1820, #440 ) ;
#1772 = DIRECTION ( 'NONE',  ( -3.885780586188047891E-16, -1.000000000000000000, -2.471514629751903005E-15 ) ) ;
#1773 = COLOUR_RGB ( '',0.9686274509803921573, 0.8784313725490195957, 0.5999999999999999778 ) ;
#1774 = ORIENTED_EDGE ( 'NONE', *, *, #559, .T. ) ;
#1775 = COLOUR_RGB ( '',0.2509803921568627416, 0.2509803921568627416, 0.2509803921568627416 ) ;
#1776 = VERTEX_POINT ( 'NONE', #914 ) ;
#1777 = SURFACE_SIDE_STYLE ('',( #121 ) ) ;
#1778 = AXIS2_PLACEMENT_3D ( 'NONE', #161, #7, #1367 ) ;
#1779 = SURFACE_SIDE_STYLE ('',( #865 ) ) ;
#1780 = DIRECTION ( 'NONE',  ( 1.927470528863119344E-15, -1.000000000000000000, -3.854941057726238689E-15 ) ) ;
#1781 = CARTESIAN_POINT ( 'NONE',  ( 2.468850131082270077E-16, -2.468850131082261202E-16, 0.1000000000000000056 ) ) ;
#1782 = CARTESIAN_POINT ( 'NONE',  ( -4.984963327980072023, 1.631882538264870730, 0.5000000000000164313 ) ) ;
#1783 = CARTESIAN_POINT ( 'NONE',  ( 1.851637598311702656E-15, -1.851637598311695951E-15, 0.7500000000000000000 ) ) ;
#1784 = PLANE ( 'NONE',  #863 ) ;
#1785 = ADVANCED_FACE ( 'NONE', ( #1682 ), #947, .T. ) ;
#1786 = VERTEX_POINT ( 'NONE', #1847 ) ;
#1787 = EDGE_LOOP ( 'NONE', ( #702, #84 ) ) ;
#1788 = CARTESIAN_POINT ( 'NONE',  ( 1.517883041479706208E-14, -1.300000000000014699, 6.099999999999996980 ) ) ;
#1789 =( NAMED_UNIT ( * ) PLANE_ANGLE_UNIT ( ) SI_UNIT ( $, .RADIAN. ) );
#1790 = FACE_OUTER_BOUND ( 'NONE', #1645, .T. ) ;
#1791 = DIRECTION ( 'NONE',  ( 3.885780586188047891E-16, 1.000000000000000000, 2.481908587617419570E-15 ) ) ;
#1792 = LINE ( 'NONE', #1631, #262 ) ;
#1793 = LINE ( 'NONE', #1633, #272 ) ;
#1794 = MANIFOLD_SOLID_BREP ( 'NONE', #1446 ) ;
#1795 = PRODUCT_DEFINITION_SHAPE ( 'NONE', 'NONE',  #708 ) ;
#1796 = EDGE_LOOP ( 'NONE', ( #354, #395, #1408, #160 ) ) ;
#1797 = COLOUR_RGB ( '',0.7529411764705882248, 0.7529411764705882248, 0.7529411764705882248 ) ;
#1798 = CARTESIAN_POINT ( 'NONE',  ( -2.920000000000014584, 0.2250000000000170752, -6.399999999999992362 ) ) ;
#1799 = MANIFOLD_SOLID_BREP ( 'NONE', #1669 ) ;
#1800 = EDGE_CURVE ( 'NONE', #1433, #120, #613, .T. ) ;
#1801 = AXIS2_PLACEMENT_3D ( 'NONE', #1523, #1088, #15 ) ;
#1802 = ORIENTED_EDGE ( 'NONE', *, *, #1668, .T. ) ;
#1803 = CARTESIAN_POINT ( 'NONE',  ( 2.064751801064729886, -2.064751801064707681, -1.019512550942195003E-14 ) ) ;
#1804 = VERTEX_POINT ( 'NONE', #1416 ) ;
#1805 = DIRECTION ( 'NONE',  ( 1.165734175856414959E-15, 0.8660254037844372643, 0.5000000000000024425 ) ) ;
#1806 =( NAMED_UNIT ( * ) SI_UNIT ( $, .STERADIAN. ) SOLID_ANGLE_UNIT ( ) );
#1807 = DIRECTION ( 'NONE',  ( -3.885780586188047891E-16, -1.000000000000000000, -2.424882278247149939E-15 ) ) ;
#1808 = CIRCLE ( 'NONE', #965, 4.649999999999999467 ) ;
#1809 = AXIS2_PLACEMENT_3D ( 'NONE', #1496, #1676, #731 ) ;
#1810 = CARTESIAN_POINT ( 'NONE',  ( -2.920000000000001705, -0.2250000000000005884, 6.653551103266721141E-15 ) ) ;
#1811 = MECHANICAL_DESIGN_GEOMETRIC_PRESENTATION_REPRESENTATION (  '', ( #1032 ), #1719 ) ;
#1812 = EDGE_LOOP ( 'NONE', ( #876, #91 ) ) ;
#1813 = ADVANCED_FACE ( 'NONE', ( #991 ), #231, .T. ) ;
#1814 = PRESENTATION_LAYER_ASSIGNMENT (  '', '', ( #424 ) ) ;
#1815 = VECTOR ( 'NONE', #203, 1000.000000000000000 ) ;
#1816 = EDGE_CURVE ( 'NONE', #709, #281, #1105, .T. ) ;
#1817 = DIRECTION ( 'NONE',  ( 2.468850131082270077E-15, -2.468850131082261399E-15, 1.000000000000000000 ) ) ;
#1818 = DIRECTION ( 'NONE',  ( -0.3826834323650834535, -0.9238795325112892920, -1.336132062787165193E-15 ) ) ;
#1819 = CARTESIAN_POINT ( 'NONE',  ( -2.919999999999998597, 0.2250000000000010325, 7.764533662253735477E-15 ) ) ;
#1820 = DIRECTION ( 'NONE',  ( 2.468850131082270077E-15, -2.468850131082261399E-15, 1.000000000000000000 ) ) ;
#1821 = DIRECTION ( 'NONE',  ( 2.468850131082270471E-15, -2.468850131082261794E-15, 1.000000000000000000 ) ) ;
#1822 = FILL_AREA_STYLE ('',( #1228 ) ) ;
#1823 = ORIENTED_EDGE ( 'NONE', *, *, #1075, .F. ) ;
#1824 =( LENGTH_UNIT ( ) NAMED_UNIT ( * ) SI_UNIT ( .MILLI., .METRE. ) );
#1825 = DIRECTION ( 'NONE',  ( 0.000000000000000000, -1.000000000000000000, -3.854941057726238689E-15 ) ) ;
#1826 = EDGE_CURVE ( 'NONE', #1079, #1028, #1657, .T. ) ;
#1827 = CARTESIAN_POINT ( 'NONE',  ( 2.468850131082270077E-16, -2.468850131082261202E-16, 0.1000000000000000056 ) ) ;
#1828 = LINE ( 'NONE', #1265, #571 ) ;
#1829 = CARTESIAN_POINT ( 'NONE',  ( 2.920000000000002593, -2.385244779468109755E-15, 0.09999999999999278910 ) ) ;
#1830 = FACE_OUTER_BOUND ( 'NONE', #835, .T. ) ;
#1831 = ORIENTED_EDGE ( 'NONE', *, *, #1409, .T. ) ;
#1832 = PRODUCT_CONTEXT ( 'NONE', #1487, 'mechanical' ) ;
#1833 = STYLED_ITEM ( 'NONE', ( #463 ), #1799 ) ;
#1834 = LINE ( 'NONE', #351, #1815 ) ;
#1835 = DIRECTION ( 'NONE',  ( -0.7071067811865487940, 0.7071067811865463515, 3.491481338843133355E-15 ) ) ;
#1836 = CARTESIAN_POINT ( 'NONE',  ( -2.920000000000001705, -0.2250000000000005884, 6.653551103266721141E-15 ) ) ;
#1837 = ORIENTED_EDGE ( 'NONE', *, *, #930, .F. ) ;
#1838 = MANIFOLD_SOLID_BREP ( 'NONE', #342 ) ;
#1839 = EDGE_CURVE ( 'NONE', #94, #466, #124, .T. ) ;
#1840 = LINE ( 'NONE', #1391, #580 ) ;
#1841 = PRESENTATION_LAYER_ASSIGNMENT (  '', '', ( #743 ) ) ;
#1842 = AXIS2_PLACEMENT_3D ( 'NONE', #366, #1246, #816 ) ;
#1843 = VERTEX_POINT ( 'NONE', #1726 ) ;
#1844 = VECTOR ( 'NONE', #1214, 1000.000000000000000 ) ;
#1845 = FILL_AREA_STYLE ('',( #1231 ) ) ;
#1846 = STYLED_ITEM ( 'NONE', ( #1643 ), #1350 ) ;
#1847 = CARTESIAN_POINT ( 'NONE',  ( -2.920000000000002593, 0.5599999999999992761, 0.1000000000000085959 ) ) ;
#1848 = DIRECTION ( 'NONE',  ( 2.468850131082270077E-15, -2.468850131082261399E-15, 1.000000000000000000 ) ) ;
#1849 = ORIENTED_EDGE ( 'NONE', *, *, #505, .T. ) ;
#1850 = UNCERTAINTY_MEASURE_WITH_UNIT (LENGTH_MEASURE( 1.000000000000000082E-05 ), #30, 'distance_accuracy_value', 'NONE');
#1851 = SURFACE_STYLE_FILL_AREA ( #27 ) ;
#1852 = AXIS2_PLACEMENT_3D ( 'NONE', #464, #489, #1683 ) ;
#1853 = CARTESIAN_POINT ( 'NONE',  ( -2.064751801064747649, 1.839751801064726466, -6.399999999999990585 ) ) ;
#1854 = EDGE_CURVE ( 'NONE', #844, #1493, #1624, .T. ) ;
#1855 = ORIENTED_EDGE ( 'NONE', *, *, #1800, .F. ) ;
#1856 = CARTESIAN_POINT ( 'NONE',  ( -2.064751801064730330, 1.504751801064708738, 0.1000000000000088179 ) ) ;
#1857 = CARTESIAN_POINT ( 'NONE',  ( -2.064751801064730774, 2.289751801064709102, 0.1000000000000107470 ) ) ;
#1858 = ORIENTED_EDGE ( 'NONE', *, *, #1539, .T. ) ;
#1859 = CARTESIAN_POINT ( 'NONE',  ( -2.064751801064728554, 2.624751801064706846, 0.1000000000000115796 ) ) ;
#1860 = CARTESIAN_POINT ( 'NONE',  ( 2.064751801064728109, -2.451546720307818727, -1.115006419649725210E-14 ) ) ;
#1861 = FILL_AREA_STYLE_COLOUR ( '', #867 ) ;
#1862 = ORIENTED_EDGE ( 'NONE', *, *, #412, .F. ) ;
#1863 = EDGE_CURVE ( 'NONE', #1038, #312, #1430, .T. ) ;
#1864 = VECTOR ( 'NONE', #703, 1000.000000000000000 ) ;
#1865 = CARTESIAN_POINT ( 'NONE',  ( -2.064751801064729442, 2.064751801064707681, 0.1000000000000101918 ) ) ;
#1866 = COLOUR_RGB ( '',0.7960784313725489669, 0.8235294117647058432, 0.9372549019607843146 ) ;
#1867 = VERTEX_POINT ( 'NONE', #1907 ) ;
#1868 = CARTESIAN_POINT ( 'NONE',  ( 2.064751801064732550, -1.839751801064710479, 0.09999999999999037437 ) ) ;
#1869 = DIRECTION ( 'NONE',  ( 1.165734175856414959E-15, 0.8660254037844372643, 0.5000000000000024425 ) ) ;
#1870 = CARTESIAN_POINT ( 'NONE',  ( -2.064751801064729886, 2.064751801064707681, 1.019512550942195003E-14 ) ) ;
#1871 = DIRECTION ( 'NONE',  ( 2.468850131082270077E-15, -2.468850131082261399E-15, 1.000000000000000000 ) ) ;
#1872 = ORIENTED_EDGE ( 'NONE', *, *, #770, .T. ) ;
#1873 = AXIS2_PLACEMENT_3D ( 'NONE', #1916, #1543, #449 ) ;
#1874 = AXIS2_PLACEMENT_3D ( 'NONE', #1354, #148, #300 ) ;
#1875 = ADVANCED_FACE ( 'NONE', ( #884 ), #1498, .T. ) ;
#1876 = DIRECTION ( 'NONE',  ( 0.000000000000000000, 1.000000000000000000, 3.854941057726238689E-15 ) ) ;
#1877 = CARTESIAN_POINT ( 'NONE',  ( -4.984963327980072023, 1.631882538264870730, 0.5000000000000164313 ) ) ;
#1878 = DIRECTION ( 'NONE',  ( 2.468850131082270077E-15, -2.468850131082261399E-15, 1.000000000000000000 ) ) ;
#1879 = AXIS2_PLACEMENT_3D ( 'NONE', #1552, #1233, #198 ) ;
#1880 = LINE ( 'NONE', #1746, #624 ) ;
#1881 = ORIENTED_EDGE ( 'NONE', *, *, #57, .T. ) ;
#1882 = DIRECTION ( 'NONE',  ( 0.000000000000000000, 1.000000000000000000, 2.468496017712529881E-15 ) ) ;
#1883 = CARTESIAN_POINT ( 'NONE',  ( 1.734723475976807094E-15, 4.150000000000003020, 0.7500000000000103251 ) ) ;
#1884 = ORIENTED_EDGE ( 'NONE', *, *, #288, .F. ) ;
#1885 = ADVANCED_FACE ( 'NONE', ( #1153 ), #1008, .T. ) ;
#1886 = FACE_BOUND ( 'NONE', #1912, .T. ) ;
#1887 = EDGE_LOOP ( 'NONE', ( #29, #1565, #289, #1579 ) ) ;
#1888 = PRODUCT ( 'MLX90640ESF-BAA-000-TU', 'MLX90640ESF-BAA-000-TU', '', ( #1832 ) ) ;
#1889 = SURFACE_SIDE_STYLE ('',( #1581 ) ) ;
#1890 = ORIENTED_EDGE ( 'NONE', *, *, #166, .T. ) ;
#1891 = VECTOR ( 'NONE', #1818, 1000.000000000000114 ) ;
#1892 = ADVANCED_FACE ( 'NONE', ( #1790 ), #799, .T. ) ;
#1893 = COLOUR_RGB ( '',0.2235294117647058654, 0.2235294117647058654, 0.2235294117647058654 ) ;
#1894 = ORIENTED_EDGE ( 'NONE', *, *, #686, .T. ) ;
#1895 = MECHANICAL_DESIGN_GEOMETRIC_PRESENTATION_REPRESENTATION (  '', ( #1767 ), #932 ) ;
#1896 = DIRECTION ( 'NONE',  ( -2.468850131082270077E-15, 2.468850131082261399E-15, -1.000000000000000000 ) ) ;
#1897 = ORIENTED_EDGE ( 'NONE', *, *, #665, .T. ) ;
#1898 = COLOUR_RGB ( '',0.2235294117647058654, 0.2235294117647058654, 0.2235294117647058654 ) ;
#1899 = CARTESIAN_POINT ( 'NONE',  ( 2.064751801064729442, -2.624751801064707291, 0.09999999999998843148 ) ) ;
#1900 = FACE_OUTER_BOUND ( 'NONE', #1887, .T. ) ;
#1901 = DIRECTION ( 'NONE',  ( 2.468850131082270077E-15, -2.468850131082261399E-15, 1.000000000000000000 ) ) ;
#1902 = VECTOR ( 'NONE', #1127, 1000.000000000000000 ) ;
#1903 = ORIENTED_EDGE ( 'NONE', *, *, #1575, .T. ) ;
#1904 = ADVANCED_FACE ( 'NONE', ( #134 ), #1176, .T. ) ;
#1905 = ORIENTED_EDGE ( 'NONE', *, *, #1021, .T. ) ;
#1906 = DIRECTION ( 'NONE',  ( -2.468850131082270077E-15, 2.468850131082261399E-15, -1.000000000000000000 ) ) ;
#1907 = CARTESIAN_POINT ( 'NONE',  ( 2.920000000000001705, 0.2250000000000005884, -6.911049119232028444E-15 ) ) ;
#1908 = VERTEX_POINT ( 'NONE', #1197 ) ;
#1909 = DIRECTION ( 'NONE',  ( 0.7071067811865463515, 0.7071067811865487940, 0.000000000000000000 ) ) ;
#1910 = CARTESIAN_POINT ( 'NONE',  ( -4.149999999999985256, -1.864827736675067626E-14, 6.100000000000011191 ) ) ;
#1911 = CYLINDRICAL_SURFACE ( 'NONE', #1254, 0.2249999999999999500 ) ;
#1912 = EDGE_LOOP ( 'NONE', ( #233, #608 ) ) ;
#1913 = ORIENTED_EDGE ( 'NONE', *, *, #782, .T. ) ;
#1914 = ADVANCED_FACE ( 'NONE', ( #1659 ), #644, .T. ) ;
#1915 = SURFACE_STYLE_FILL_AREA ( #1757 ) ;
#1916 = CARTESIAN_POINT ( 'NONE',  ( 1.505998579960184648E-14, -1.505998579960179600E-14, 6.100000000000000533 ) ) ;
#1917 = CARTESIAN_POINT ( 'NONE',  ( 1.084202172485504434E-14, 4.149999999999985256, 6.100000000000011191 ) ) ;
#1918 = AXIS2_PLACEMENT_3D ( 'NONE', #1783, #423, #1034 ) ;
#1919 = VERTEX_POINT ( 'NONE', #1221 ) ;
#1920 = ORIENTED_EDGE ( 'NONE', *, *, #1635, .F. ) ;
#1921 = CIRCLE ( 'NONE', #1276, 4.570000000000000284 ) ;
#1922 = FACE_OUTER_BOUND ( 'NONE', #21, .T. ) ;
#1923 = DIRECTION ( 'NONE',  ( -2.468850131082270077E-15, 2.468850131082261399E-15, -1.000000000000000000 ) ) ;
#1924 = DIRECTION ( 'NONE',  ( -2.468850131082270077E-15, 2.468850131082261399E-15, -1.000000000000000000 ) ) ;
#1925 =( GEOMETRIC_REPRESENTATION_CONTEXT ( 3 ) GLOBAL_UNCERTAINTY_ASSIGNED_CONTEXT ( ( #1727 ) ) GLOBAL_UNIT_ASSIGNED_CONTEXT ( ( #912, #1557, #801 ) ) REPRESENTATION_CONTEXT ( 'NONE', 'WORKASPACE' ) );
#1926 = EDGE_CURVE ( 'NONE', #963, #730, #700, .T. ) ;
#1927 = CARTESIAN_POINT ( 'NONE',  ( 1.234425065541135038E-15, -1.234425065541130700E-15, 0.5000000000000000000 ) ) ;
#1928 = FACE_OUTER_BOUND ( 'NONE', #537, .T. ) ;
#1929 = PRESENTATION_LAYER_ASSIGNMENT (  '', '', ( #1744 ) ) ;
#1930 = ORIENTED_EDGE ( 'NONE', *, *, #1731, .T. ) ;
#1931 = AXIS2_PLACEMENT_3D ( 'NONE', #10, #612, #1807 ) ;
#1932 = STYLED_ITEM ( 'NONE', ( #946 ), #137 ) ;
#1933 = EDGE_LOOP ( 'NONE', ( #1701, #1855 ) ) ;
#1934 = FACE_OUTER_BOUND ( 'NONE', #1294, .T. ) ;
#1935 = DIRECTION ( 'NONE',  ( -0.7071067811865487940, 0.7071067811865463515, 3.491481338843133355E-15 ) ) ;
#1936 = FILL_AREA_STYLE ('',( #428 ) ) ;
#1937 = ORIENTED_EDGE ( 'NONE', *, *, #557, .T. ) ;
#1938 = FACE_OUTER_BOUND ( 'NONE', #681, .T. ) ;
#1939 = EDGE_CURVE ( 'NONE', #80, #1619, #958, .T. ) ;
#1940 = CARTESIAN_POINT ( 'NONE',  ( 2.839177650744610292E-15, -2.839177650744600432E-15, 1.149999999999999911 ) ) ;
ENDSEC;
END-ISO-10303-21;
