v -2.758579 1.1 -1.075
v -2.758579 2.2 -1.075
v -1.425 2.2 -1.075
newmtl 1
Ka 0.2980392156862745 0.2980392156862745 0.2980392156862745
Kd 0.20784313725490197 0.20784313725490197 0.20784313725490197
Ks 0.01568627450980392 0.01568627450980392 0.01568627450980392
d 0.0
endmtl
v -1.175 2.2 -1.075
v -0.775 2.2 -1.075
v -1.175 1.517157 -1.075
v -0.775 1.517157 -1.075
v -1.425 1.517157 -1.075
v 2.758579 1.1 -1.075
v -0.525 1.517157 -1.075
v 0.525 1.517157 -1.075
v 0.775 1.517157 -1.075
v 0.125 1.517157 -1.075
v 0.125 2.2 -1.075
v 0.525 2.2 -1.075
v -0.125 1.517157 -1.075
v -0.125 2.2 -1.075
v -0.525 2.2 -1.075
v 1.425 2.2 -1.075
v 2.758579 2.2 -1.075
v 1.425 1.517157 -1.075
v 1.175 1.517157 -1.075
v 1.175 2.2 -1.075
v 0.775 2.2 -1.075
v -1.5 -1.3 0.025
v -1.5 0.5 0.025
v -1.49 -1.3 0.025
v -1.49 0.5 0.025
v -1.11 -1.3 0.025
v -1.11 0.5 0.025
v -0.84 -1.3 0.025
v -0.84 0.5 0.025
v 0.84 -1.3 0.025
v 0.84 0.5 0.025
v 1.11 -1.3 0.025
v 1.11 0.5 0.025
v 0.19 -1.3 0.025
v 0.19 0.5 0.025
v 0.46 -1.3 0.025
v 0.46 0.5 0.025
v -0.46 -1.3 0.025
v -0.46 0.5 0.025
v -0.19 -1.3 0.025
v -0.19 0.5 0.025
v 0.19 -1.5 0.245
v 0.19 -1.5 0.225
v 0.46 -1.5 0.225
v -1.11 -1.5 0.245
v -1.5 -1.5 0.425
v -1.49 -1.5 0.245
v -1.5 -1.5 0.225
v -1.49 -1.5 0.225
v 0.84 -1.5 0.225
v 1.11 -1.5 0.225
v 0.84 -1.5 0.245
v 1.11 -1.5 0.245
v -1.11 -1.5 0.225
v -0.84 -1.5 0.225
v -0.84 -1.5 0.245
v -0.46 -1.5 0.245
v 0.46 -1.5 0.245
v -0.19 -1.5 0.245
v -0.19 -1.5 0.225
v -0.46 -1.5 0.225
v 1.49 -1.5 0.225
v 1.5 -1.5 0.225
v 1.49 -1.5 0.245
v 1.5 -1.5 0.425
v 1.5 0.5 0.625
v -1.5 0.5 0.625
v 1.5 -1.3 0.625
v -1.5 -1.3 0.625
v -1.7 -1.3 0.225
v -1.7 -1.3 0.425
v -1.7 0.5 0.225
v -1.7 0.5 0.425
v 1.49 -1.3 0.025
v 1.49 0.5 0.025
v 1.5 -1.3 0.025
v 1.5 0.5 0.025
v 1.7 0.5 0.225
v 1.7 0.5 0.425
v 1.7 -1.3 0.225
v 1.7 -1.3 0.425
v -0.19 0.5 0.245
v -0.19 -1.493185 0.173236
v -0.19 -1.4 0.051795
v -0.19 -1.351764 0.031815
v -0.19 -1.441421 0.083579
v -0.19 -1.473205 0.125
v 0.19 0.5 0.245
v 0.19 -1.493185 0.173236
v 0.19 -1.351764 0.031815
v 0.19 -1.4 0.051795
v 0.19 -1.473205 0.125
v 0.19 -1.441421 0.083579
v 0.46 0.5 0.245
v 0.46 -1.493185 0.173236
v 0.46 -1.4 0.051795
v 0.46 -1.351764 0.031815
v 0.46 -1.441421 0.083579
v 0.46 -1.473205 0.125
v 0.84 0.5 0.245
v 0.84 -1.493185 0.173236
v 0.84 -1.351764 0.031815
v 0.84 -1.4 0.051795
v 0.84 -1.473205 0.125
v 0.84 -1.441421 0.083579
v 1.11 0.5 0.245
v 1.11 -1.493185 0.173236
v 1.11 -1.4 0.051795
v 1.11 -1.351764 0.031815
v 1.11 -1.441421 0.083579
v 1.11 -1.473205 0.125
v 1.49 0.5 0.245
v 1.49 -1.493185 0.173236
v 1.49 -1.351764 0.031815
v 1.49 -1.4 0.051795
v 1.49 -1.473205 0.125
v 1.49 -1.441421 0.083579
v -0.84 0.5 0.245
v -0.84 -1.493185 0.173236
v -0.84 -1.4 0.051795
v -0.84 -1.351764 0.031815
v -0.84 -1.441421 0.083579
v -0.84 -1.473205 0.125
v -0.46 0.5 0.245
v -0.46 -1.493185 0.173236
v -0.46 -1.351764 0.031815
v -0.46 -1.4 0.051795
v -0.46 -1.473205 0.125
v -0.46 -1.441421 0.083579
v -1.49 0.5 0.245
v -1.49 -1.493185 0.173236
v -1.49 -1.4 0.051795
v -1.49 -1.351764 0.031815
v -1.49 -1.441421 0.083579
v -1.49 -1.473205 0.125
v -1.11 0.5 0.245
v -1.11 -1.493185 0.173236
v -1.11 -1.351764 0.031815
v -1.11 -1.4 0.051795
v -1.11 -1.473205 0.125
v -1.11 -1.441421 0.083579
v -1.5 -1.351764 0.031815
v -1.5 -1.4 0.051795
v -1.5 -1.441421 0.083579
v -1.5 -1.473205 0.125
v -1.5 -1.493185 0.173236
v -1.551764 -1.3 0.031815
v -1.551764 0.5 0.031815
v -1.6 -1.3 0.051795
v -1.6 0.5 0.051795
v -1.641421 -1.3 0.083579
v -1.641421 0.5 0.083579
v -1.673205 -1.3 0.125
v -1.673205 0.5 0.125
v -1.693185 -1.3 0.173236
v -1.693185 0.5 0.173236
v -1.55 -1.351764 0.038397
v -1.55 -1.473205 0.138397
v -1.525882 -1.493185 0.180171
v -1.536602 -1.493185 0.188397
v -1.551764 -1.493185 0.225
v -1.55 -1.493185 0.211603
v -1.513397 -1.493185 0.175
v -1.525882 -1.473205 0.128407
v -1.536602 -1.441421 0.088397
v -1.570711 -1.473205 0.154289
v -1.544829 -1.493185 0.199118
v -1.586603 -1.473205 0.175
v -1.596593 -1.473205 0.199118
v -1.6 -1.473205 0.225
v -1.570711 -1.441421 0.102526
v -1.6 -1.441421 0.125
v -1.622475 -1.441421 0.154289
v -1.636603 -1.441421 0.188397
v -1.641421 -1.441421 0.225
v -1.544829 -1.4 0.057697
v -1.586603 -1.4 0.075
v -1.622475 -1.4 0.102526
v -1.65 -1.4 0.138397
v -1.667303 -1.4 0.180171
v -1.673205 -1.4 0.225
v -1.596593 -1.351764 0.057697
v -1.636603 -1.351764 0.088397
v -1.667303 -1.351764 0.128407
v -1.686603 -1.351764 0.175
v -1.693185 -1.351764 0.225
v -1.693185 -1.351764 0.425
v -1.673205 -1.4 0.425
v -1.641421 -1.441421 0.425
v -1.6 -1.473205 0.425
v -1.551764 -1.493185 0.425
v -1.693185 -1.3 0.476764
v -1.693185 0.5 0.476764
v -1.673205 -1.3 0.525
v -1.673205 0.5 0.525
v -1.641421 -1.3 0.566421
v -1.641421 0.5 0.566421
v -1.6 -1.3 0.598205
v -1.6 0.5 0.598205
v -1.551764 -1.3 0.618185
v -1.551764 0.5 0.618185
v -1.686603 -1.351764 0.475
v -1.586603 -1.473205 0.475
v -1.544829 -1.493185 0.450882
v -1.536602 -1.493185 0.461603
v -1.5 -1.493185 0.476764
v -1.513397 -1.493185 0.475
v -1.55 -1.493185 0.438397
v -1.596593 -1.473205 0.450882
v -1.636603 -1.441421 0.461603
v -1.570711 -1.473205 0.495711
v -1.525882 -1.493185 0.469829
v -1.55 -1.473205 0.511603
v -1.525882 -1.473205 0.521593
v -1.5 -1.473205 0.525
v -1.622475 -1.441421 0.495711
v -1.6 -1.441421 0.525
v -1.570711 -1.441421 0.547475
v -1.536602 -1.441421 0.561603
v -1.5 -1.441421 0.566421
v -1.667303 -1.4 0.469829
v -1.65 -1.4 0.511603
v -1.622475 -1.4 0.547475
v -1.586603 -1.4 0.575
v -1.544829 -1.4 0.592303
v -1.5 -1.4 0.598205
v -1.667303 -1.351764 0.521593
v -1.636603 -1.351764 0.561603
v -1.596593 -1.351764 0.592303
v -1.55 -1.351764 0.611603
v -1.5 -1.351764 0.618185
v 1.5 -1.351764 0.618185
v 1.5 -1.4 0.598205
v 1.5 -1.441421 0.566421
v 1.5 -1.473205 0.525
v 1.5 -1.493185 0.476764
v 1.551764 -1.3 0.618185
v 1.551764 0.5 0.618185
v 1.6 -1.3 0.598205
v 1.6 0.5 0.598205
v 1.641421 -1.3 0.566421
v 1.641421 0.5 0.566421
v 1.673205 -1.3 0.525
v 1.673205 0.5 0.525
v 1.693185 -1.3 0.476764
v 1.693185 0.5 0.476764
v 1.55 -1.351764 0.611603
v 1.55 -1.473205 0.511603
v 1.525882 -1.493185 0.469829
v 1.536602 -1.493185 0.461603
v 1.551764 -1.493185 0.425
v 1.55 -1.493185 0.438397
v 1.513397 -1.493185 0.475
v 1.525882 -1.473205 0.521593
v 1.536602 -1.441421 0.561603
v 1.570711 -1.473205 0.495711
v 1.544829 -1.493185 0.450882
v 1.586603 -1.473205 0.475
v 1.596593 -1.473205 0.450882
v 1.6 -1.473205 0.425
v 1.570711 -1.441421 0.547475
v 1.6 -1.441421 0.525
v 1.622475 -1.441421 0.495711
v 1.636603 -1.441421 0.461603
v 1.641421 -1.441421 0.425
v 1.544829 -1.4 0.592303
v 1.586603 -1.4 0.575
v 1.622475 -1.4 0.547475
v 1.65 -1.4 0.511603
v 1.667303 -1.4 0.469829
v 1.673205 -1.4 0.425
v 1.596593 -1.351764 0.592303
v 1.636603 -1.351764 0.561603
v 1.667303 -1.351764 0.521593
v 1.686603 -1.351764 0.475
v 1.693185 -1.351764 0.425
v 1.693185 -1.351764 0.225
v 1.673205 -1.4 0.225
v 1.641421 -1.441421 0.225
v 1.6 -1.473205 0.225
v 1.551764 -1.493185 0.225
v 1.693185 -1.3 0.173236
v 1.693185 0.5 0.173236
v 1.673205 -1.3 0.125
v 1.673205 0.5 0.125
v 1.641421 -1.3 0.083579
v 1.641421 0.5 0.083579
v 1.6 -1.3 0.051795
v 1.6 0.5 0.051795
v 1.551764 -1.3 0.031815
v 1.551764 0.5 0.031815
v 1.686603 -1.351764 0.175
v 1.586603 -1.473205 0.175
v 1.544829 -1.493185 0.199118
v 1.536602 -1.493185 0.188397
v 1.5 -1.493185 0.173236
v 1.513397 -1.493185 0.175
v 1.55 -1.493185 0.211603
v 1.596593 -1.473205 0.199118
v 1.636603 -1.441421 0.188397
v 1.570711 -1.473205 0.154289
v 1.525882 -1.493185 0.180171
v 1.55 -1.473205 0.138397
v 1.525882 -1.473205 0.128407
v 1.5 -1.473205 0.125
v 1.622475 -1.441421 0.154289
v 1.6 -1.441421 0.125
v 1.570711 -1.441421 0.102526
v 1.536602 -1.441421 0.088397
v 1.5 -1.441421 0.083579
v 1.667303 -1.4 0.180171
v 1.65 -1.4 0.138397
v 1.622475 -1.4 0.102526
v 1.586603 -1.4 0.075
v 1.544829 -1.4 0.057697
v 1.5 -1.4 0.051795
v 1.667303 -1.351764 0.128407
v 1.636603 -1.351764 0.088397
v 1.596593 -1.351764 0.057697
v 1.55 -1.351764 0.038397
v 1.5 -1.351764 0.031815
v -2.617157 0.5 -0.925
v 2.617157 0.5 -0.925
v 2.656175 0.5 -0.921157
v 2.693694 0.5 -0.909776
v 3.25 0.5 0.925
v 3.294504 0.5 0.919986
v 3.434776 0.5 -0.168694
v 3.446157 0.5 -0.131175
v 3.45 0.5 -0.092157
v -3.25 0.5 0.925
v 3.45 0.5 0.725
v 3.444985 0.5 0.769504
v 3.430194 0.5 0.811777
v 3.406366 0.5 0.849698
v 3.374698 0.5 0.881366
v 3.336777 0.5 0.905194
v 2.728271 0.5 -0.891294
v 2.758579 0.5 -0.866421
v 3.391421 0.5 -0.233579
v 3.416294 0.5 -0.203271
v -3.406366 0.5 0.849698
v -3.430194 0.5 0.811777
v -2.656175 0.5 -0.921157
v -2.693694 0.5 -0.909776
v -2.728271 0.5 -0.891294
v -3.446157 0.5 -0.131175
v -3.434776 0.5 -0.168694
v -3.416294 0.5 -0.203271
v -3.391421 0.5 -0.233579
v -2.758579 0.5 -0.866421
v -3.444985 0.5 0.769504
v -3.45 0.5 0.725
v -3.45 0.5 -0.092157
v -3.294504 0.5 0.919986
v -3.336777 0.5 0.905194
v -3.374698 0.5 0.881366
v -2.617157 1.1 -0.925
v -2.656175 1.1 -0.921157
v -2.693694 1.1 -0.909776
v -2.728271 1.1 -0.891294
v -2.758579 1.1 -0.866421
v -3.391421 2.2 -0.233579
v -2.758579 2.2 -0.866421
v -3.416294 2.2 -0.203271
v -3.434776 2.2 -0.168694
v -3.446157 2.2 -0.131175
v -3.45 2.2 -0.092157
v -3.45 2.2 0.725
v -3.444985 2.2 0.769504
v -3.430194 2.2 0.811777
v -3.406366 2.2 0.849698
v -3.374698 2.2 0.881366
v -3.336777 2.2 0.905194
v -3.294504 2.2 0.919986
v -3.25 2.2 0.925
v 3.25 2.2 0.925
v 3.294504 2.2 0.919986
v 3.336777 2.2 0.905194
v 3.374698 2.2 0.881366
v 3.406366 2.2 0.849698
v 3.430194 2.2 0.811777
v 3.444985 2.2 0.769504
v 3.45 2.2 0.725
v 3.45 2.2 -0.092157
v 3.446157 2.2 -0.131175
v 3.434776 2.2 -0.168694
v 3.416294 2.2 -0.203271
v 3.391421 2.2 -0.233579
v 2.758579 2.2 -0.866421
v 2.758579 1.1 -0.866421
v 2.728271 1.1 -0.891294
v 2.693694 1.1 -0.909776
v 2.656175 1.1 -0.921157
v 2.617157 1.1 -0.925
v -0.125 1.550057 -1.140917
newmtl 2
Ka 0.8274509803921568 0.6666666666666666 0.12941176470588237
Kd 0.8274509803921568 0.6666666666666666 0.12941176470588237
Ks 0.8274509803921568 0.6666666666666666 0.12941176470588237
d 0.0
endmtl
v 0.125 1.550057 -1.140917
v -0.125 1.598029 -1.196828
v 0.125 1.598029 -1.196828
v -0.125 1.658182 -1.239362
v 0.125 1.658182 -1.239362
v -0.125 1.726886 -1.265954
v 0.125 1.726886 -1.265954
v -0.125 1.8 -1.275
v 0.125 1.8 -1.275
v 0.125 2.5 -1.275
v 0.125 2.5 -1.075
v -0.125 2.5 -1.075
v -0.125 2.5 -1.275
v -0.775 1.550057 -1.140917
v -0.525 1.550057 -1.140917
v -0.775 1.598029 -1.196828
v -0.525 1.598029 -1.196828
v -0.775 1.658182 -1.239362
v -0.525 1.658182 -1.239362
v -0.775 1.726886 -1.265954
v -0.525 1.726886 -1.265954
v -0.775 1.8 -1.275
v -0.525 1.8 -1.275
v -0.525 2.5 -1.275
v -0.525 2.5 -1.075
v -0.775 2.5 -1.075
v -0.775 2.5 -1.275
v -1.425 1.550057 -1.140917
v -1.175 1.550057 -1.140917
v -1.425 1.598029 -1.196828
v -1.175 1.598029 -1.196828
v -1.425 1.658182 -1.239362
v -1.175 1.658182 -1.239362
v -1.425 1.726886 -1.265954
v -1.175 1.726886 -1.265954
v -1.425 1.8 -1.275
v -1.175 1.8 -1.275
v -1.175 2.5 -1.275
v -1.175 2.5 -1.075
v -1.425 2.5 -1.075
v -1.425 2.5 -1.275
v 0.525 1.550057 -1.140917
v 0.775 1.550057 -1.140917
v 0.525 1.598029 -1.196828
v 0.775 1.598029 -1.196828
v 0.525 1.658182 -1.239362
v 0.775 1.658182 -1.239362
v 0.525 1.726886 -1.265954
v 0.775 1.726886 -1.265954
v 0.525 1.8 -1.275
v 0.775 1.8 -1.275
v 0.775 2.5 -1.275
v 0.775 2.5 -1.075
v 0.525 2.5 -1.075
v 0.525 2.5 -1.275
v 1.175 1.550057 -1.140917
v 1.425 1.550057 -1.140917
v 1.175 1.598029 -1.196828
v 1.425 1.598029 -1.196828
v 1.175 1.658182 -1.239362
v 1.425 1.658182 -1.239362
v 1.175 1.726886 -1.265954
v 1.425 1.726886 -1.265954
v 1.175 1.8 -1.275
v 1.425 1.8 -1.275
v 1.425 2.5 -1.275
v 1.425 2.5 -1.075
v 1.175 2.5 -1.075
v 1.175 2.5 -1.275
v -0.216627 0.716979 -1.225
v -0.167846 0.745943 -1.225
v -0.216627 0.662101 -1.225
newmtl 3
Ka 0.6666666666666666 0.6666666666666666 0.6666666666666666
Kd 0.6666666666666666 0.6666666666666666 0.6666666666666666
Ks 0.4666666666666667 0.4666666666666667 0.4666666666666667
d 0.0
endmtl
v -0.167846 -2.5 -1.225
v -0.887358 0.242894 -1.225
v -1.256815 -1.051764 -1.225
v -0.887358 0.742894 -1.225
v -1.25 -1.0 -1.225
v -0.820285 0.688016 -1.225
v -0.631261 0.688016 -1.225
v -0.820285 0.242894 -1.225
v -1.256815 -0.948236 -1.225
v -1.276795 -0.9 -1.225
v -1.308579 -0.858579 -1.225
v -1.35 -1.173205 -1.225
v -1.308579 -1.141421 -1.225
v -0.333719 0.291674 -1.225
v -0.225588 0.667065 -1.225
v -0.272946 0.29957 -1.225
v -0.216627 0.323687 -1.225
v -0.216627 0.256613 -1.225
v -0.382949 0.29719 -1.225
v -0.420178 0.310647 -1.225
v -0.455604 0.334395 -1.225
v -0.485659 0.367893 -1.225
v -0.506063 0.406567 -1.225
v -0.519291 0.460702 -1.225
v -0.521505 0.498229 -1.225
v -0.51645 0.552318 -1.225
v -0.502877 0.595325 -1.225
v -0.344961 0.694113 -1.225
v -0.45884 0.654582 -1.225
v -0.391361 0.688938 -1.225
v -0.428136 0.675423 -1.225
v -0.48209 0.630054 -1.225
v -0.278591 0.686747 -1.225
v -2.617157 -2.5 -1.225
v -2.617157 -1.2 -1.225
v -2.4 -2.5 -1.225
v -1.45 -1.2 -1.225
v -1.398236 -1.193185 -1.225
v -1.276795 -1.1 -1.225
v -1.35 -0.826795 -1.225
v -1.398236 -0.806815 -1.225
v -1.45 -0.8 -1.225
v -0.383609 0.745943 -1.225
v -0.631261 0.742894 -1.225
v -0.415725 0.742613 -1.225
v -0.464277 0.725969 -1.225
v -0.532311 0.327033 -1.225
v -0.488677 0.285074 -1.225
v -0.44194 0.257829 -1.225
v -0.387089 0.241355 -1.225
v -0.504873 0.699928 -1.225
v -0.54147 0.661371 -1.225
v -0.568167 0.614317 -1.225
v -0.583664 0.560669 -1.225
v -1.276795 0.2 -1.225
v -1.256815 0.248236 -1.225
v -1.25 0.3 -1.225
v -0.588578 0.502326 -1.225
v -0.581395 0.431337 -1.225
v -0.562151 0.374378 -1.225
v -0.33429 0.236796 -1.225
v -0.274435 0.240926 -1.225
v -1.398236 0.106815 -1.225
v -1.35 0.126795 -1.225
v -1.308579 0.158579 -1.225
v -3.25 -0.8 -1.225
v -3.25 0.1 -1.225
v -1.45 0.1 -1.225
v -1.256815 0.351764 -1.225
v -1.276795 0.4 -1.225
v -1.308579 0.441421 -1.225
v -1.35 0.473205 -1.225
v -1.398236 0.493185 -1.225
v -1.45 0.5 -1.225
v 1.35 -0.826795 -1.225
v 1.308579 -0.858579 -1.225
v 0.874837 0.242894 -1.225
v 0.137032 0.297772 -1.225
v -0.051992 0.297772 -1.225
v -0.051992 0.462406 -1.225
v 1.398236 0.493185 -1.225
v 1.35 0.473205 -1.225
v 1.137032 0.742894 -1.225
v 0.124837 0.462406 -1.225
v 0.124837 0.517284 -1.225
v 0.246788 0.742894 -1.225
v 0.246788 0.242894 -1.225
v 0.38789 0.242894 -1.225
v 0.460125 0.250616 -1.225
v 0.518656 0.271154 -1.225
v 0.568185 0.303386 -1.225
v 0.624332 0.605619 -1.225
v 0.596282 0.649719 -1.225
v 0.685812 0.742894 -1.225
v 0.555415 0.689229 -1.225
v 0.503653 0.719709 -1.225
v 1.45 0.5 -1.225
v 1.25 0.3 -1.225
v 1.256815 0.248236 -1.225
v 0.94191 0.242894 -1.225
v 1.276795 0.2 -1.225
v 1.45 -0.8 -1.225
v 1.308579 0.158579 -1.225
v 1.35 0.126795 -1.225
v 0.137032 0.242894 -1.225
v -0.119066 0.242894 -1.225
v -0.119066 0.742894 -1.225
v 0.149227 0.742894 -1.225
v 1.398236 -0.806815 -1.225
v 0.587602 0.321388 -1.225
v 0.617584 0.360543 -1.225
v 0.638639 0.409073 -1.225
v 1.25 -1.0 -1.225
v 1.256815 -0.948236 -1.225
v 1.276795 -0.9 -1.225
v 1.256815 -1.051764 -1.225
v 1.276795 -1.1 -1.225
v 1.308579 -1.141421 -1.225
v 2.617157 -1.2 -1.225
v 2.617157 -2.5 -1.225
v 1.45 -1.2 -1.225
v 2.4 -2.5 -1.225
v 1.398236 -1.193185 -1.225
v 1.35 -1.173205 -1.225
v 1.308579 0.441421 -1.225
v 1.276795 0.4 -1.225
v 1.256815 0.351764 -1.225
v 3.25 0.1 -1.225
v 3.25 -0.8 -1.225
v 1.45 0.1 -1.225
v 1.398236 0.106815 -1.225
v 1.063861 0.742894 -1.225
v 2.617157 0.745943 -1.225
v 2.617157 0.5 -1.225
v 0.648273 0.461895 -1.225
v 0.649227 0.486606 -1.225
v 0.642224 0.553512 -1.225
v 1.013271 0.60265 -1.225
v 0.806716 0.60265 -1.225
v 0.758983 0.742894 -1.225
v 0.446095 0.737218 -1.225
v 0.382745 0.742894 -1.225
v -0.167846 1.1 -1.225
v 2.617157 1.1 -1.225
v 0.149227 0.688016 -1.225
v -0.051992 0.688016 -1.225
v -0.051992 0.517284 -1.225
v -0.269924 0.738863 -1.225
v -0.320448 0.745943 -1.225
v -0.340531 0.748757 -1.225
v -0.354203 0.748991 -1.225
v -2.617157 0.5 -1.225
v -2.617157 0.745943 -1.225
v -2.617157 1.1 -1.225
v 2.825882 -1.596593 1.225
v 2.8 -1.6 1.225
v 2.8 -1.9 1.225
v -1.974118 -1.596593 1.225
v -2.0 -1.6 1.225
v -2.0 -1.9 1.225
v 2.0 -1.9 1.225
v 2.0 -1.6 1.225
v 1.974118 -1.596593 1.225
v 1.903407 -1.525882 1.225
v 1.9 -1.5 1.225
v -2.05 0.186603 1.225
v 2.0 0.1 1.225
v 2.003407 0.125882 1.225
v -1.3 2.1 1.225
v 2.013397 0.15 1.225
v 2.029289 0.170711 1.225
v 1.5 1.8 1.225
v 1.448236 1.806815 1.225
v 2.05 0.186603 1.225
v -2.029289 0.170711 1.225
v -2.013397 0.15 1.225
v 3.075 -2.5 1.225
v -2.003407 0.125882 1.225
v -2.0 0.1 1.225
v 1.95 -1.586603 1.225
v 1.929289 -1.570711 1.225
v 1.913397 -1.55 1.225
v 1.4 1.826795 1.225
v 1.358579 1.858579 1.225
v 1.326795 1.9 1.225
v 1.841421 1.858579 1.225
v 1.8 1.826795 1.225
v 2.725882 0.196593 1.225
v 2.75 0.186603 1.225
v 3.25 2.5 1.225
v 2.770711 0.170711 1.225
v 2.786602 0.15 1.225
v 2.866913 -1.025686 1.225
v 2.880902 -1.041221 1.225
v 2.891355 -1.059326 1.225
v 2.896592 -1.525882 1.225
v 2.886603 -1.55 1.225
v 3.25 -2.5 1.225
v 2.870711 -1.570711 1.225
v 2.85 -1.586603 1.225
v -1.903407 -1.074118 1.225
v -1.9 -1.1 1.225
v -1.9 -1.5 1.225
v -1.903407 -1.525882 1.225
v 1.929289 -1.029289 1.225
v -1.3 2.0 1.225
v 2.802185 -0.947586 1.225
v 2.808645 -0.967469 1.225
v 2.8 -0.926795 1.225
v 2.8 0.1 1.225
v -2.0 -0.926795 1.225
v -1.996593 -0.952677 1.225
v -1.986603 -0.976795 1.225
v 1.306815 1.948236 1.225
v 1.3 2.0 1.225
v 1.3 2.1 1.225
v 2.897815 -1.079209 1.225
v 2.9 -1.1 1.225
v 2.9 -1.5 1.225
v -1.970711 -0.997506 1.225
v -1.95 -1.013397 1.225
v -1.929289 -1.029289 1.225
v -1.913397 -1.05 1.225
v -1.913397 -1.55 1.225
v -1.929289 -1.570711 1.225
v -1.95 -1.586603 1.225
v -2.825882 -1.596593 1.225
v -2.85 -1.586603 1.225
v -3.25 -2.5 1.225
v -2.870711 -1.570711 1.225
v -2.886603 -1.55 1.225
v -2.896592 -1.525882 1.225
v 1.95 -1.013397 1.225
v 1.970711 -0.997506 1.225
v 1.986603 -0.976795 1.225
v 1.996593 -0.952677 1.225
v 2.0 -0.926795 1.225
v 1.7 1.8 1.225
v 2.074118 0.196593 1.225
v 1.751764 1.806815 1.225
v 2.1 0.2 1.225
v 2.7 0.2 1.225
v 2.819098 -0.985573 1.225
v 2.833087 -1.001109 1.225
v 2.85 -1.013397 1.225
v 1.9 -1.1 1.225
v 1.903407 -1.074118 1.225
v -2.074118 0.196593 1.225
v -1.448236 1.806815 1.225
v -2.85 -1.013397 1.225
v -2.833087 -1.001109 1.225
v -2.819098 -0.985573 1.225
v -1.841421 1.858579 1.225
v -2.786602 0.15 1.225
v -1.8 1.826795 1.225
v -2.770711 0.170711 1.225
v -2.75 0.186603 1.225
v -1.306815 1.948236 1.225
v -1.326795 1.9 1.225
v 1.913397 -1.05 1.225
v -1.358579 1.858579 1.225
v -1.4 1.826795 1.225
v -2.725882 0.196593 1.225
v -2.7 0.2 1.225
v -1.751764 1.806815 1.225
v -2.1 0.2 1.225
v -1.7 1.8 1.225
v -1.5 1.8 1.225
v -3.075 -2.5 1.225
v -2.8 -1.9 1.225
v -2.8 -1.6 1.225
v 2.796593 0.125882 1.225
v -2.897815 -1.079209 1.225
v -3.25 2.5 1.225
v -2.9 -1.1 1.225
v -2.9 -1.5 1.225
v -2.866913 -1.025686 1.225
v -2.808645 -0.967469 1.225
v -2.802185 -0.947586 1.225
v 1.958579 2.441421 1.225
v 1.926795 2.4 1.225
v 2.0 2.473205 1.225
v 1.906815 2.351764 1.225
v 2.048236 2.493185 1.225
v 1.9 2.3 1.225
v 2.1 2.5 1.225
v 1.9 2.0 1.225
v 1.893185 1.948236 1.225
v 1.873205 1.9 1.225
v -2.891355 -1.059326 1.225
v -2.880902 -1.041221 1.225
v -1.906815 2.351764 1.225
v -1.926795 2.4 1.225
v -2.1 2.5 1.225
v -1.958579 2.441421 1.225
v -2.048236 2.493185 1.225
v -2.0 2.473205 1.225
v -1.873205 1.9 1.225
v -1.893185 1.948236 1.225
v -1.9 2.0 1.225
v -1.9 2.3 1.225
v -2.8 -0.926795 1.225
v -2.8 0.1 1.225
v -2.796593 0.125882 1.225
v 2.725882 0.196593 0.925
v 2.7 0.2 0.925
v 3.25 2.5 0.925
v -2.825882 -1.596593 0.925
v -2.8 -1.6 0.925
v -2.8 -1.9 0.925
v 1.974118 -1.596593 0.925
v 2.0 -1.6 0.925
v 2.0 -1.9 0.925
v -2.725882 0.196593 0.925
v -2.75 0.186603 0.925
v -3.25 2.5 0.925
v -2.770711 0.170711 0.925
v -2.786602 0.15 0.925
v 1.95 -1.586603 0.925
v 2.825882 -1.596593 0.925
v 2.85 -1.586603 0.925
v 3.25 -2.5 0.925
v -2.1 2.5 0.925
v -2.1 0.2 0.925
v -2.7 0.2 0.925
v -2.896592 -1.525882 0.925
v -2.886603 -1.55 0.925
v -3.25 -2.5 0.925
v -2.870711 -1.570711 0.925
v -2.85 -1.586603 0.925
v 2.029289 0.170711 0.925
v 2.013397 0.15 0.925
v -1.3 2.1 0.925
v 2.003407 0.125882 0.925
v 2.0 0.1 0.925
v -2.048236 2.493185 0.925
v -2.0 2.473205 0.925
v -1.958579 2.441421 0.925
v 1.893185 1.948236 0.925
v 1.873205 1.9 0.925
v 1.841421 1.858579 0.925
v 1.903407 -1.074118 0.925
v -1.913397 -1.05 0.925
v -1.929289 -1.029289 0.925
v 2.8 -1.6 0.925
v 2.870711 -1.570711 0.925
v 2.886603 -1.55 0.925
v 2.896592 -1.525882 0.925
v 2.85 -1.013397 0.925
v 2.833087 -1.001109 0.925
v 2.819098 -0.985573 0.925
v 2.786602 0.15 0.925
v 2.770711 0.170711 0.925
v 2.75 0.186603 0.925
v -2.866913 -1.025686 0.925
v -2.880902 -1.041221 0.925
v -2.891355 -1.059326 0.925
v -3.075 -2.5 0.925
v -2.0 -1.9 0.925
v 3.075 -2.5 0.925
v 2.8 -1.9 0.925
v 1.306815 1.948236 0.925
v 1.3 2.0 0.925
v 1.3 2.1 0.925
v -1.95 -1.586603 0.925
v -1.974118 -1.596593 0.925
v -2.0 -1.6 0.925
v -2.802185 -0.947586 0.925
v -2.808645 -0.967469 0.925
v -2.8 -0.926795 0.925
v -2.8 0.1 0.925
v 1.326795 1.9 0.925
v 1.358579 1.858579 0.925
v 1.4 1.826795 0.925
v 1.448236 1.806815 0.925
v 2.05 0.186603 0.925
v 1.5 1.8 0.925
v 2.074118 0.196593 0.925
v 1.7 1.8 0.925
v 2.1 0.2 0.925
v 1.751764 1.806815 0.925
v 1.8 1.826795 0.925
v 1.929289 -1.029289 0.925
v -1.3 2.0 0.925
v -1.306815 1.948236 0.925
v -2.0 0.1 0.925
v 1.913397 -1.05 0.925
v -2.003407 0.125882 0.925
v -2.013397 0.15 0.925
v -2.029289 0.170711 0.925
v -1.326795 1.9 0.925
v -2.05 0.186603 0.925
v -1.929289 -1.570711 0.925
v -1.913397 -1.55 0.925
v 1.913397 -1.55 0.925
v -1.903407 -1.525882 0.925
v 1.903407 -1.525882 0.925
v -1.986603 -0.976795 0.925
v -1.996593 -0.952677 0.925
v -2.0 -0.926795 0.925
v -2.897815 -1.079209 0.925
v -2.9 -1.1 0.925
v -2.9 -1.5 0.925
v 1.9 2.0 0.925
v 1.9 2.3 0.925
v 2.1 2.5 0.925
v 1.906815 2.351764 0.925
v 2.048236 2.493185 0.925
v 2.0 -0.926795 0.925
v 1.996593 -0.952677 0.925
v 1.986603 -0.976795 0.925
v 1.970711 -0.997506 0.925
v 1.95 -1.013397 0.925
v 2.897815 -1.079209 0.925
v 2.9 -1.1 0.925
v 2.9 -1.5 0.925
v 2.866913 -1.025686 0.925
v 2.808645 -0.967469 0.925
v 2.802185 -0.947586 0.925
v -2.819098 -0.985573 0.925
v -2.833087 -1.001109 0.925
v -2.85 -1.013397 0.925
v -1.448236 1.806815 0.925
v -1.4 1.826795 0.925
v -1.358579 1.858579 0.925
v 1.929289 -1.570711 0.925
v -1.95 -1.013397 0.925
v -1.970711 -0.997506 0.925
v 2.891355 -1.059326 0.925
v 2.880902 -1.041221 0.925
v -1.893185 1.948236 0.925
v -1.873205 1.9 0.925
v -1.841421 1.858579 0.925
v -1.8 1.826795 0.925
v -1.751764 1.806815 0.925
v -2.074118 0.196593 0.925
v -1.7 1.8 0.925
v -1.5 1.8 0.925
v -2.796593 0.125882 0.925
v 2.0 2.473205 0.925
v 1.926795 2.4 0.925
v 1.958579 2.441421 0.925
v -1.9 2.0 0.925
v -1.9 2.3 0.925
v -1.926795 2.4 0.925
v -1.906815 2.351764 0.925
v 2.8 -0.926795 0.925
v 2.8 0.1 0.925
v 2.796593 0.125882 0.925
v 1.9 -1.5 0.925
v -1.9 -1.5 0.925
v 1.9 -1.1 0.925
v -1.9 -1.1 0.925
v -1.903407 -1.074118 0.925
v -2.8 -1.6 1.009725
v -2.8 -1.615295 1.00066
v -2.8 -1.752707 0.944238
v -2.0 -1.752707 0.944238
v -2.0 -1.615295 1.00066
v -2.0 -1.6 1.009725
v 3.294504 2.5 0.919986
v 3.36126 2.5 1.212464
v 3.336777 2.5 0.905194
v 3.466942 2.5 1.175484
v 3.374698 2.5 0.881366
v 3.561745 2.5 1.115916
v 3.406366 2.5 0.849698
v 3.640916 2.5 1.036745
v 3.430194 2.5 0.811777
v 3.700485 2.5 0.941942
v 3.444985 2.5 0.769504
v 3.737464 2.5 0.83626
v 3.45 2.5 0.725
v 3.75 2.5 0.725
v 3.45 2.5 -0.092157
v 3.75 2.5 -0.092157
v 3.446157 2.5 -0.131175
v 3.740393 2.5 -0.189702
v 3.434776 2.5 -0.168694
v 3.71194 2.5 -0.283499
v 3.416294 2.5 -0.203271
v 3.665735 2.5 -0.369942
v 3.391421 2.5 -0.233579
v 3.603553 2.5 -0.445711
v 2.95 2.5 -0.675
v 3.162132 2.5 -0.887132
v 2.95 1.7 -0.675
v 3.162132 1.7 -0.887132
v 3.382843 1.7 -0.242157
v 3.603553 1.7 -0.445711
v 3.665735 1.7 -0.369942
v 3.71194 1.7 -0.283499
v 3.72697 1.7 -0.242157
v -3.75 -2.5 -0.092157
v -3.75 -1.2 -0.092157
v -3.740393 -1.2 -0.189702
v -3.740393 -2.5 -0.189702
v -3.71194 -1.2 -0.283499
v -3.71194 -2.5 -0.283499
v -3.665735 -1.2 -0.369942
v -3.665735 -2.5 -0.369942
v -3.603553 -1.2 -0.445711
v -3.603553 -2.5 -0.445711
v -3.75 0.5 -0.092157
v -3.75 1.1 -0.092157
v -3.740393 1.1 -0.189702
v -3.740393 0.5 -0.189702
v -3.71194 1.1 -0.283499
v -3.71194 0.5 -0.283499
v -3.665735 1.1 -0.369942
v -3.665735 0.5 -0.369942
v -3.603553 1.1 -0.445711
v -3.603553 0.5 -0.445711
v -2.970711 -2.5 -1.078553
v -2.970711 -1.2 -1.078553
v -2.970711 1.1 -1.078553
v -2.970711 0.5 -1.078553
v -2.894943 -1.2 -1.140735
v -2.894943 -2.5 -1.140735
v -2.808499 -1.2 -1.18694
v -2.808499 -2.5 -1.18694
v -2.714702 -1.2 -1.215393
v -2.714702 -2.5 -1.215393
v -2.714702 0.5 -1.215393
v -2.894943 1.1 -1.140735
v -2.894943 0.5 -1.140735
v -2.808499 1.1 -1.18694
v -2.808499 0.5 -1.18694
v -2.714702 1.1 -1.215393
v -3.391421 -2.5 -0.233579
v -3.391421 -1.2 -0.233579
v -3.416294 -2.5 -0.203271
v -3.416294 -1.2 -0.203271
v -3.434776 -2.5 -0.168694
v -3.434776 -1.2 -0.168694
v -3.446157 -2.5 -0.131175
v -3.446157 -1.2 -0.131175
v -3.45 -2.5 -0.092157
v -3.45 -1.2 -0.092157
v -3.391421 1.1 -0.233579
v -3.416294 1.1 -0.203271
v -3.434776 1.1 -0.168694
v -3.446157 1.1 -0.131175
v -3.45 1.1 -0.092157
v -2.758579 -1.2 -0.866421
v -2.758579 -2.5 -0.866421
v -2.617157 -2.5 -0.925
v -2.617157 -1.2 -0.925
v -2.656175 -2.5 -0.921157
v -2.656175 -1.2 -0.921157
v -2.693694 -2.5 -0.909776
v -2.693694 -1.2 -0.909776
v -2.728271 -2.5 -0.891294
v -2.728271 -1.2 -0.891294
v -1.45 0.1 -0.925
v -3.25 0.1 -0.925
v -3.25 -0.8 -0.925
v -1.398236 -0.806815 -0.925
v -1.35 -0.826795 -0.925
v 1.256815 0.248236 -0.925
v -1.398236 0.106815 -0.925
v 1.276795 -0.9 -0.925
v 1.308579 -0.858579 -0.925
v 1.35 0.126795 -0.925
v 1.256815 -0.948236 -0.925
v 1.276795 0.4 -0.925
v 1.308579 0.441421 -0.925
v -1.45 -0.8 -0.925
v -1.256815 0.248236 -0.925
v -1.276795 0.2 -0.925
v 1.35 0.473205 -0.925
v 1.398236 0.493185 -0.925
v 1.45 0.5 -0.925
v 1.45 -0.8 -0.925
v 3.25 -0.8 -0.925
v 3.25 0.1 -0.925
v 2.4 -2.5 -0.925
v 2.617157 -2.5 -0.925
v 2.617157 -1.2 -0.925
v 1.308579 -1.141421 -0.925
v 1.276795 -1.1 -0.925
v -2.4 -2.5 -0.925
v 1.256815 -1.051764 -0.925
v 1.25 -1.0 -0.925
v -1.308579 0.158579 -0.925
v -1.35 0.126795 -0.925
v 1.35 -0.826795 -0.925
v 1.398236 -0.806815 -0.925
v 1.398236 0.106815 -0.925
v 1.45 0.1 -0.925
v 1.45 -1.2 -0.925
v 1.398236 -1.193185 -0.925
v 1.35 -1.173205 -0.925
v -1.256815 -1.051764 -0.925
v -1.276795 -1.1 -0.925
v 1.308579 0.158579 -0.925
v -1.308579 -1.141421 -0.925
v -1.308579 0.441421 -0.925
v -1.276795 0.4 -0.925
v -1.256815 0.351764 -0.925
v -1.35 -1.173205 -0.925
v -1.45 -1.2 -0.925
v -1.398236 -1.193185 -0.925
v -1.45 0.5 -0.925
v -1.398236 0.493185 -0.925
v -1.35 0.473205 -0.925
v -1.308579 -0.858579 -0.925
v -1.276795 -0.9 -0.925
v 1.276795 0.2 -0.925
v -1.256815 -0.948236 -0.925
v -1.25 -1.0 -0.925
v -1.25 0.3 -0.925
v 1.25 0.3 -0.925
v 1.256815 0.351764 -0.925
v -3.75 0.493185 0.126764
v -3.75 2.5 0.725
v -3.75 0.5 0.075
v -3.75 2.5 -0.092157
v -3.75 0.473205 0.175
v -3.75 0.441421 0.216421
v -3.75 0.4 0.248205
v -3.75 1.55 -0.092157
v -3.75 -1.051764 0.268185
v -3.75 -1.1 0.248205
v -3.75 -2.5 0.725
v -3.75 -1.141421 0.216421
v -3.75 -1.2 0.075
v -3.75 -2.5 0.225
v -3.75 -1.193185 0.126764
v -3.75 -1.173205 0.175
v -3.75 0.351764 0.268185
v -3.75 0.3 0.275
v -3.75 -1.0 0.275
v -3.45 2.5 0.725
v -3.45 0.4 0.248205
v -3.45 0.441421 0.216421
v -3.45 0.5 0.075
v -3.45 -2.5 0.225
v -3.45 -1.2 0.075
v -3.45 -2.5 0.725
v -3.45 -1.193185 0.126764
v -3.45 -1.173205 0.175
v -3.45 -1.141421 0.216421
v -3.45 -1.1 0.248205
v -3.45 -1.051764 0.268185
v -3.45 0.473205 0.175
v -3.45 0.493185 0.126764
v -3.45 2.5 -0.092157
v -3.45 1.55 -0.092157
v -3.45 -1.0 0.275
v -3.45 0.3 0.275
v -3.45 0.351764 0.268185
v 3.603553 0.5 -0.445711
v 3.603553 1.1 -0.445711
v 3.665735 1.1 -0.369942
v 3.665735 0.5 -0.369942
v 3.71194 1.1 -0.283499
v 3.71194 0.5 -0.283499
v 3.740393 1.1 -0.189702
v 3.740393 0.5 -0.189702
v 3.75 1.1 -0.092157
v 3.75 0.5 -0.092157
v 2.714702 1.1 -1.215393
v 2.714702 0.5 -1.215393
v 2.808499 1.1 -1.18694
v 2.808499 0.5 -1.18694
v 2.894943 1.1 -1.140735
v 2.894943 0.5 -1.140735
v 2.970711 1.1 -1.078553
v 2.970711 0.5 -1.078553
v 3.45 1.1 -0.092157
v 3.446157 1.1 -0.131175
v 3.434776 1.1 -0.168694
v 3.416294 1.1 -0.203271
v 3.391421 1.1 -0.233579
v 3.736209 1.696239 -0.208779
v 3.75 1.55 -0.092157
v 3.749986 1.583378 -0.095918
v 3.749779 1.615083 -0.107012
v 3.748928 1.643523 -0.124883
v 3.7468 1.667275 -0.148634
v 3.742736 1.685145 -0.177075
v 3.740147 1.689546 -0.189652
v 3.45 1.55 -0.092157
v 3.449965 1.583378 -0.095918
v 3.449448 1.615083 -0.107012
v 3.434776 1.680779 -0.168694
v 3.44186 1.667275 -0.148634
v 3.445877 1.649753 -0.131112
v 3.447304 1.643523 -0.124883
v 3.391421 1.699754 -0.233579
v 3.412479 1.696239 -0.208779
v 3.416294 1.694872 -0.203271
v 3.431077 1.685145 -0.177075
v 2.656175 -2.5 -0.921157
v 2.714702 -2.5 -1.215393
v 2.693694 -2.5 -0.909776
v 2.808499 -2.5 -1.18694
v 2.728271 -2.5 -0.891294
v 2.894943 -2.5 -1.140735
v 2.758579 -2.5 -0.866421
v 2.970711 -2.5 -1.078553
v 3.391421 -2.5 -0.233579
v 3.603553 -2.5 -0.445711
v 3.416294 -2.5 -0.203271
v 3.665735 -2.5 -0.369942
v 3.434776 -2.5 -0.168694
v 3.71194 -2.5 -0.283499
v 3.446157 -2.5 -0.131175
v 3.740393 -2.5 -0.189702
v 3.45 -2.5 -0.092157
v 3.75 -2.5 -0.092157
v 3.45 -2.5 0.225
v 3.75 -2.5 0.225
v 3.45 -2.5 0.725
v 3.75 -2.5 0.725
v 3.444985 -2.5 0.769504
v 3.737464 -2.5 0.83626
v 3.430194 -2.5 0.811777
v 3.700485 -2.5 0.941942
v 3.406366 -2.5 0.849698
v 3.640916 -2.5 1.036745
v 3.374698 -2.5 0.881366
v 3.561745 -2.5 1.115916
v 3.336777 -2.5 0.905194
v 3.466942 -2.5 1.175484
v 3.294504 -2.5 0.919986
v 3.36126 -2.5 1.212464
v -3.294504 -2.5 0.919986
v -3.36126 -2.5 1.212464
v -3.336777 -2.5 0.905194
v -3.466942 -2.5 1.175484
v -3.374698 -2.5 0.881366
v -3.561745 -2.5 1.115916
v -3.406366 -2.5 0.849698
v -3.640916 -2.5 1.036745
v -3.430194 -2.5 0.811777
v -3.700485 -2.5 0.941942
v -3.444985 -2.5 0.769504
v -3.737464 -2.5 0.83626
v -2.95 2.5 -0.675
v -3.162132 2.5 -0.887132
v -3.391421 2.5 -0.233579
v -3.603553 2.5 -0.445711
v -3.416294 2.5 -0.203271
v -3.665735 2.5 -0.369942
v -3.434776 2.5 -0.168694
v -3.71194 2.5 -0.283499
v -3.446157 2.5 -0.131175
v -3.740393 2.5 -0.189702
v -3.444985 2.5 0.769504
v -3.737464 2.5 0.83626
v -3.430194 2.5 0.811777
v -3.700485 2.5 0.941942
v -3.406366 2.5 0.849698
v -3.640916 2.5 1.036745
v -3.374698 2.5 0.881366
v -3.561745 2.5 1.115916
v -3.336777 2.5 0.905194
v -3.466942 2.5 1.175484
v -3.294504 2.5 0.919986
v -3.36126 2.5 1.212464
v 3.603553 -1.2 -0.445711
v 3.665735 -1.2 -0.369942
v 3.71194 -1.2 -0.283499
v 3.740393 -1.2 -0.189702
v 3.75 -1.2 -0.092157
v 3.75 0.4 0.248205
v 3.75 0.441421 0.216421
v 3.75 0.5 0.075
v 3.75 -1.2 0.075
v 3.75 -1.193185 0.126764
v 3.75 -1.173205 0.175
v 3.75 -1.141421 0.216421
v 3.75 -1.1 0.248205
v 3.75 -1.051764 0.268185
v 3.75 0.473205 0.175
v 3.75 0.493185 0.126764
v 3.75 -1.0 0.275
v 3.75 0.3 0.275
v 3.75 0.351764 0.268185
v -3.74654 1.66903 -0.150878
v -3.748066 1.656066 -0.136091
v -3.749035 1.641383 -0.123207
v -3.749596 1.625 -0.112253
v -3.749869 1.607433 -0.103588
v -3.749974 1.588823 -0.097268
v -3.749998 1.569574 -0.09344
v -3.72697 1.7 -0.242157
v -3.732671 1.698726 -0.222651
v -3.71194 1.7 -0.283499
v -3.737145 1.693977 -0.203562
v -3.740393 1.690529 -0.189702
v -3.744343 1.679904 -0.167157
v -3.665735 1.7 -0.369942
v -3.603553 1.7 -0.445711
v -3.162132 1.7 -0.887132
v 2.714702 -1.2 -1.215393
v 2.808499 -1.2 -1.18694
v 2.894943 -1.2 -1.140735
v 2.970711 -1.2 -1.078553
v 3.45 -1.2 -0.092157
v 3.446157 -1.2 -0.131175
v 3.434776 -1.2 -0.168694
v 3.416294 -1.2 -0.203271
v 3.391421 -1.2 -0.233579
v 3.45 0.493185 0.126764
v 3.45 0.5 0.075
v 3.45 0.473205 0.175
v 3.45 0.441421 0.216421
v 3.45 0.4 0.248205
v 3.45 -1.051764 0.268185
v 3.45 -1.1 0.248205
v 3.45 -1.141421 0.216421
v 3.45 -1.2 0.075
v 3.45 -1.193185 0.126764
v 3.45 -1.173205 0.175
v 3.45 0.351764 0.268185
v 3.45 0.3 0.275
v 3.45 -1.0 0.275
v -3.391421 1.699754 -0.233579
v -3.40467 1.698194 -0.218953
v -3.416246 1.694885 -0.203335
v -3.426645 1.68907 -0.185948
v -3.416294 1.694872 -0.203271
v -3.444835 1.65572 -0.136409
v -3.441158 1.669098 -0.150968
v -3.435405 1.679904 -0.167157
v -3.434704 1.680637 -0.168661
v -3.449935 1.588823 -0.097268
v -3.449996 1.56967 -0.093453
v -3.449673 1.607414 -0.10358
v -3.448988 1.625 -0.112253
v -3.446157 1.650911 -0.131175
v -2.95 1.7 -0.675
v -3.382843 1.7 -0.242157
v 2.758579 -1.2 -0.866421
v 2.728271 -1.2 -0.891294
v 2.693694 -1.2 -0.909776
v 2.656175 -1.2 -0.921157
v 3.075 -2.526786 1.228526
v -3.075 -2.526786 1.228526
v 3.075 -2.551746 1.238865
v -3.075 -2.551746 1.238865
v 3.075 -2.57318 1.255312
v -3.075 -2.57318 1.255312
v 3.075 -2.817868 1.5
v -3.075 -2.817868 1.5
v 3.075 -3.03 1.287868
v -3.075 -3.03 1.287868
v 3.075 -2.785312 1.04318
v -3.075 -2.785312 1.04318
v -3.075 -2.701746 0.979058
v 3.075 -2.701746 0.979058
v -3.075 -2.604431 0.938749
v 3.075 -2.604431 0.938749
v -2.4 -2.604431 -0.938749
v 2.4 -2.604431 -0.938749
v -2.4 -2.701746 -0.979058
v 2.4 -2.701746 -0.979058
v -2.4 -2.785312 -1.04318
v 2.4 -2.785312 -1.04318
v 2.4 -3.03 -1.287868
v -2.4 -3.03 -1.287868
v 2.4 -2.817868 -1.5
v -2.4 -2.817868 -1.5
v 2.4 -2.57318 -1.255312
v -2.4 -2.57318 -1.255312
v 2.4 -2.526786 -1.228526
v -2.4 -2.526786 -1.228526
v -2.4 -2.551746 -1.238865
v 2.4 -2.551746 -1.238865
v 3.750058 -2.500571 0.225
v 3.750058 -2.500571 0.725
v 3.750231 -2.501118 0.225
v 3.750231 -2.501118 0.725
v 3.75051 -2.501619 0.225
v 3.75051 -2.501619 0.725
v 4.0 -2.857927 0.225
v 4.0 -2.857927 0.725
v 3.754254 -3.03 0.225
v 3.754254 -3.03 0.725
v 3.504765 -2.673692 0.225
v 3.504765 -2.673692 0.725
v 3.474766 -2.619942 0.725
v 3.474766 -2.619942 0.225
v 3.456256 -2.561236 0.725
v 3.456256 -2.561236 0.225
v -3.75051 -2.501619 0.225
v -3.75051 -2.501619 0.725
v -3.750231 -2.501118 0.225
v -3.750231 -2.501118 0.725
v -3.750058 -2.500571 0.225
v -3.750058 -2.500571 0.725
v -3.456256 -2.561236 0.725
v -3.456256 -2.561236 0.225
v -3.474766 -2.619942 0.725
v -3.474766 -2.619942 0.225
v -3.504765 -2.673692 0.725
v -3.504765 -2.673692 0.225
v -3.754254 -3.03 0.225
v -3.754254 -3.03 0.725
v -4.0 -2.857927 0.225
v -4.0 -2.857927 0.725
v 3.35 -0.8 -1.625
v 3.35 -0.8 -1.325
v 3.35 0.1 -1.325
v 3.35 0.1 -1.625
v 3.35 -0.1 -1.825
v 3.35 -0.6 -1.825
v 3.35 -0.7 -1.798205
v 3.35 -0.741421 -1.766421
v 3.35 -0.773205 -1.725
v 3.35 0.073205 -1.725
v 3.35 0.041421 -1.766421
v 3.35 0.0 -1.798205
v 3.35 -0.651764 -1.818185
v 3.35 -0.793185 -1.676764
v 3.35 0.093185 -1.676764
v 3.35 -0.048236 -1.818185
v 3.65 -0.1 -1.825
v 3.65 -0.6 -1.825
v 3.65 0.1 -1.325
v 3.65 -0.8 -1.325
v 3.65 0.1 -1.625
v 3.65 -0.8 -1.625
v 3.65 -0.773205 -1.725
v 3.65 -0.741421 -1.766421
v 3.65 -0.793185 -1.676764
v 3.65 -0.7 -1.798205
v 3.65 -0.651764 -1.818185
v 3.65 -0.048236 -1.818185
v 3.65 0.0 -1.798205
v 3.65 0.041421 -1.766421
v 3.65 0.073205 -1.725
v 3.65 0.093185 -1.676764
v 3.639971 0.1 -1.235992
v 3.639971 -0.8 -1.235992
v 3.610387 0.1 -1.151446
v 3.610387 -0.8 -1.151446
v 3.562733 0.1 -1.075604
v 3.562733 -0.8 -1.075604
v 3.499396 0.1 -1.012267
v 3.499396 -0.8 -1.012267
v 3.423553 0.1 -0.964612
v 3.423553 -0.8 -0.964612
v 3.339008 0.1 -0.935029
v 3.339008 -0.8 -0.935029
v 3.272252 -0.8 -1.227507
v 3.272252 0.1 -1.227507
v 3.293388 -0.8 -1.234903
v 3.293388 0.1 -1.234903
v 3.312349 -0.8 -1.246817
v 3.312349 0.1 -1.246817
v 3.328183 -0.8 -1.262651
v 3.328183 0.1 -1.262651
v 3.340097 -0.8 -1.281612
v 3.340097 0.1 -1.281612
v 3.347493 -0.8 -1.302748
v 3.347493 0.1 -1.302748
v -3.35 0.1 -1.325
v -3.35 -0.8 -1.325
v -3.35 0.1 -1.625
v -3.35 -0.8 -1.625
v -3.35 -0.7 -1.798205
v -3.35 -0.741421 -1.766421
v -3.35 -0.793185 -1.676764
v -3.35 -0.773205 -1.725
v -3.35 -0.048236 -1.818185
v -3.35 0.0 -1.798205
v -3.35 -0.651764 -1.818185
v -3.35 -0.6 -1.825
v -3.35 -0.1 -1.825
v -3.35 0.041421 -1.766421
v -3.35 0.073205 -1.725
v -3.35 0.093185 -1.676764
v -3.347493 -0.8 -1.302748
v -3.347493 0.1 -1.302748
v -3.340097 -0.8 -1.281612
v -3.340097 0.1 -1.281612
v -3.328183 -0.8 -1.262651
v -3.328183 0.1 -1.262651
v -3.312349 -0.8 -1.246817
v -3.312349 0.1 -1.246817
v -3.293388 -0.8 -1.234903
v -3.293388 0.1 -1.234903
v -3.272252 -0.8 -1.227507
v -3.272252 0.1 -1.227507
v -3.339008 0.1 -0.935029
v -3.339008 -0.8 -0.935029
v -3.423553 0.1 -0.964612
v -3.423553 -0.8 -0.964612
v -3.499396 0.1 -1.012267
v -3.499396 -0.8 -1.012267
v -3.562733 0.1 -1.075604
v -3.562733 -0.8 -1.075604
v -3.610387 0.1 -1.151446
v -3.610387 -0.8 -1.151446
v -3.639971 0.1 -1.235992
v -3.639971 -0.8 -1.235992
v -3.65 0.1 -1.325
v -3.65 -0.8 -1.325
v -3.65 -0.8 -1.625
v -3.65 0.1 -1.625
v -3.65 -0.1 -1.825
v -3.65 -0.6 -1.825
v -3.65 -0.7 -1.798205
v -3.65 -0.741421 -1.766421
v -3.65 -0.773205 -1.725
v -3.65 0.041421 -1.766421
v -3.65 0.073205 -1.725
v -3.65 0.093185 -1.676764
v -3.65 -0.651764 -1.818185
v -3.65 -0.793185 -1.676764
v -3.65 0.0 -1.798205
v -3.65 -0.048236 -1.818185
v -2.8 2.2 -1.625
v -2.2 2.2 -1.625
v -2.8 2.2 -0.092157
v -2.2 2.2 -0.482107
v -2.3 2.2 0.407843
v -2.010051 2.2 -0.292157
v -1.5 2.2 0.407843
v 2.3 2.2 0.407843
v 2.010051 2.2 -0.292157
v 2.8 2.2 -0.092157
v 2.2 2.2 -0.482107
v 2.8 2.2 -1.625
v 2.2 2.2 -1.625
v -2.793185 2.2 -1.676764
v -2.773205 2.2 -1.725
v -2.741421 2.2 -1.766421
v -2.7 2.2 -1.798205
v -2.348236 2.2 -1.818185
v -2.3 2.2 -1.798205
v -2.258579 2.2 -1.766421
v -2.206815 2.2 -1.676764
v -2.226795 2.2 -1.725
v -2.651764 2.2 -1.818185
v -2.6 2.2 -1.825
v -2.4 2.2 -1.825
v 2.3 2.2 -1.798205
v 2.258579 2.2 -1.766421
v 2.206815 2.2 -1.676764
v 2.226795 2.2 -1.725
v -1.326795 2.2 0.507843
v -1.358579 2.2 0.466421
v -1.4 2.2 0.434638
v -1.448236 2.2 0.414658
v 2.651764 2.2 -1.818185
v 2.7 2.2 -1.798205
v 2.741421 2.2 -1.766421
v 2.793185 2.2 -1.676764
v 2.773205 2.2 -1.725
v 2.348236 2.2 -1.818185
v 2.4 2.2 -1.825
v 2.6 2.2 -1.825
v 1.5 2.2 0.407843
v 1.448236 2.2 0.414658
v 1.4 2.2 0.434638
v 1.358579 2.2 0.466421
v 1.3 2.2 0.607843
v 1.3 2.2 0.825
v -1.3 2.2 0.825
v 1.326795 2.2 0.507843
v 1.306815 2.2 0.556079
v -1.306815 2.2 0.556079
v -1.3 2.2 0.607843
v -2.2 2.5 -1.625
v -2.8 2.5 -1.625
v -2.2 2.5 -0.482107
v -2.8 2.5 -0.092157
v -2.010051 2.5 -0.292157
v -2.3 2.5 0.407843
v -2.348236 2.5 -1.818185
v -2.4 2.5 -1.825
v -2.651764 2.5 -1.818185
v -2.7 2.5 -1.798205
v 2.8 2.5 -1.625
v 2.2 2.5 -1.625
v 2.8 2.5 -0.092157
v 2.2 2.5 -0.482107
v 2.3 2.5 0.407843
v 2.010051 2.5 -0.292157
v 1.5 2.5 0.407843
v -2.226795 2.5 -1.725
v -2.258579 2.5 -1.766421
v -2.3 2.5 -1.798205
v -2.6 2.5 -1.825
v -1.358579 2.5 0.466421
v -1.326795 2.5 0.507843
v -1.306815 2.5 0.556079
v -2.741421 2.5 -1.766421
v -2.773205 2.5 -1.725
v -2.793185 2.5 -1.676764
v -2.206815 2.5 -1.676764
v 2.793185 2.5 -1.676764
v 2.7 2.5 -1.798205
v 2.773205 2.5 -1.725
v 2.741421 2.5 -1.766421
v 2.348236 2.5 -1.818185
v 2.3 2.5 -1.798205
v 2.258579 2.5 -1.766421
v 2.206815 2.5 -1.676764
v 2.226795 2.5 -1.725
v -1.5 2.5 0.407843
v -1.448236 2.5 0.414658
v -1.4 2.5 0.434638
v 2.651764 2.5 -1.818185
v 2.6 2.5 -1.825
v 2.4 2.5 -1.825
v -1.3 2.5 0.607843
v -1.3 2.5 0.825
v 1.3 2.5 0.825
v 1.326795 2.5 0.507843
v 1.306815 2.5 0.556079
v 1.3 2.5 0.607843
v 1.358579 2.5 0.466421
v 1.4 2.5 0.434638
v 1.448236 2.5 0.414658
v -1.3 2.48637 0.928528
v 1.3 2.48637 0.928528
v -1.3 2.44641 1.025
v 1.3 2.44641 1.025
v -1.3 2.382843 1.107843
v 1.3 2.382843 1.107843
v -1.3 2.3 1.17141
v 1.3 2.3 1.17141
v -1.3 2.203528 1.21137
v 1.3 2.203528 1.21137
v 1.3 2.125882 0.921593
v -1.3 2.125882 0.921593
v 1.3 2.15 0.911602
v -1.3 2.15 0.911602
v 1.3 2.170711 0.895711
v -1.3 2.170711 0.895711
v 1.3 2.186602 0.875
v -1.3 2.186602 0.875
v 1.3 2.196593 0.850882
v -1.3 2.196593 0.850882
v -2.8 -1.664278 1.359806
v -2.8 -1.636565 1.425
v -2.8 -1.3476 1.344382
v -2.8 -1.496984 1.090482
v -2.8 -1.405711 1.207677
v -2.8 -1.707805 1.303917
v -2.8 -1.829757 1.234174
v -2.8 -1.764227 1.261082
v -2.0 -1.664278 1.359806
v -2.0 -1.707805 1.303917
v -2.0 -1.496984 1.090482
v -2.0 -1.636565 1.425
v -2.0 -1.3476 1.344382
v -2.0 -1.405711 1.207677
v -2.0 -1.764227 1.261082
v -2.0 -1.829757 1.234174
v 2.0 -1.6 1.009725
v 2.8 -1.6 1.009725
v 2.8 -1.752707 0.944238
v 2.8 -1.615295 1.00066
v 2.0 -1.615295 1.00066
v 2.0 -1.752707 0.944238
v 2.8 -1.829757 1.234174
v 2.8 -1.3476 1.344382
v 2.8 -1.636565 1.425
v 2.8 -1.664278 1.359806
v 2.8 -1.764227 1.261082
v 2.8 -1.496984 1.090482
v 2.8 -1.405711 1.207677
v 2.8 -1.707805 1.303917
v 2.0 -1.3476 1.344382
v 2.0 -1.405711 1.207677
v 2.0 -1.496984 1.090482
v 2.0 -1.829757 1.234174
v 2.0 -1.764227 1.261082
v 2.0 -1.707805 1.303917
v 2.0 -1.664278 1.359806
v 2.0 -1.636565 1.425
v 0.94191 0.242894 -1.205
v 1.137032 0.742894 -1.205
newmtl 4
Ka 1.0 1.0 1.0
Kd 1.0 1.0 1.0
Ks 0.8784313725490196 0.8784313725490196 0.8784313725490196
d 0.0
endmtl
v 1.063861 0.742894 -1.205
v 1.013271 0.60265 -1.205
v 0.806716 0.60265 -1.205
v 0.758983 0.742894 -1.205
v 0.685812 0.742894 -1.205
v 0.874837 0.242894 -1.205
v 0.823579 0.547772 -1.205
v 0.990786 0.547772 -1.205
v 0.898179 0.33893 -1.205
v 0.902908 0.32157 -1.205
v 0.906182 0.303869 -1.205
v 0.907802 0.303869 -1.205
v 0.911065 0.321536 -1.205
v 0.915519 0.33893 -1.205
v 0.823579 0.547772 -1.225
v 0.990786 0.547772 -1.225
v 0.898179 0.33893 -1.225
v 0.902908 0.32157 -1.225
v 0.906182 0.303869 -1.225
v 0.907802 0.303869 -1.225
v 0.911065 0.321536 -1.225
v 0.915519 0.33893 -1.225
v 0.382745 0.742894 -1.205
v 0.246788 0.742894 -1.205
v 0.246788 0.242894 -1.205
v 0.38789 0.242894 -1.205
v 0.649227 0.486606 -1.205
v 0.648273 0.461895 -1.205
v 0.638639 0.409073 -1.205
v 0.617584 0.360543 -1.205
v 0.587602 0.321388 -1.205
v 0.568185 0.303386 -1.205
v 0.518656 0.271154 -1.205
v 0.460125 0.250616 -1.205
v 0.446095 0.737218 -1.205
v 0.503653 0.719709 -1.205
v 0.555415 0.689229 -1.205
v 0.596282 0.649719 -1.205
v 0.624332 0.605619 -1.205
v 0.642224 0.553512 -1.205
v 0.582154 0.488035 -1.205
v 0.577907 0.438266 -1.205
v 0.566215 0.398764 -1.205
v 0.549098 0.368065 -1.205
v 0.524838 0.342234 -1.205
v 0.488415 0.318683 -1.205
v 0.447125 0.304142 -1.205
v 0.387604 0.297772 -1.205
v 0.313861 0.297772 -1.205
v 0.313861 0.688016 -1.205
v 0.384841 0.688016 -1.205
v 0.437664 0.683093 -1.205
v 0.479733 0.669981 -1.205
v 0.513533 0.649902 -1.205
v 0.541786 0.622082 -1.205
v 0.562724 0.587941 -1.205
v 0.575983 0.548178 -1.205
v 0.387604 0.297772 -1.225
v 0.313861 0.297772 -1.225
v 0.447125 0.304142 -1.225
v 0.488415 0.318683 -1.225
v 0.524838 0.342234 -1.225
v 0.549098 0.368065 -1.225
v 0.566215 0.398764 -1.225
v 0.577907 0.438266 -1.225
v 0.582154 0.488035 -1.225
v 0.575983 0.548178 -1.225
v 0.562724 0.587941 -1.225
v 0.541786 0.622082 -1.225
v 0.513533 0.649902 -1.225
v 0.479733 0.669981 -1.225
v 0.437664 0.683093 -1.225
v 0.384841 0.688016 -1.225
v 0.313861 0.688016 -1.225
v 0.149227 0.688016 -1.205
v 0.149227 0.742894 -1.205
v -0.119066 0.742894 -1.205
v -0.119066 0.242894 -1.205
v 0.137032 0.242894 -1.205
v 0.137032 0.297772 -1.205
v -0.051992 0.297772 -1.205
v -0.051992 0.462406 -1.205
v 0.124837 0.462406 -1.205
v 0.124837 0.517284 -1.205
v -0.051992 0.517284 -1.205
v -0.051992 0.688016 -1.205
v -0.216627 0.662101 -1.205
v -0.216627 0.716979 -1.205
v -0.269924 0.738863 -1.205
v -0.354203 0.748991 -1.205
v -0.340531 0.748757 -1.205
v -0.588578 0.502326 -1.205
v -0.583664 0.560669 -1.205
v -0.568167 0.614317 -1.205
v -0.54147 0.661371 -1.205
v -0.504873 0.699928 -1.205
v -0.464277 0.725969 -1.205
v -0.415725 0.742613 -1.205
v -0.33429 0.236796 -1.205
v -0.387089 0.241355 -1.205
v -0.44194 0.257829 -1.205
v -0.488677 0.285074 -1.205
v -0.532311 0.327033 -1.205
v -0.562151 0.374378 -1.205
v -0.581395 0.431337 -1.205
v -0.216627 0.256613 -1.205
v -0.274435 0.240926 -1.205
v -0.216627 0.323687 -1.205
v -0.333719 0.291674 -1.205
v -0.272946 0.29957 -1.205
v -0.521505 0.498229 -1.205
v -0.519291 0.460702 -1.205
v -0.506063 0.406567 -1.205
v -0.485659 0.367893 -1.205
v -0.455604 0.334395 -1.205
v -0.420178 0.310647 -1.205
v -0.382949 0.29719 -1.205
v -0.344961 0.694113 -1.205
v -0.391361 0.688938 -1.205
v -0.428136 0.675423 -1.205
v -0.45884 0.654582 -1.205
v -0.48209 0.630054 -1.205
v -0.502877 0.595325 -1.205
v -0.51645 0.552318 -1.205
v -0.225588 0.667065 -1.205
v -0.278591 0.686747 -1.205
v -0.631261 0.688016 -1.205
v -0.631261 0.742894 -1.205
v -0.887358 0.742894 -1.205
v -0.887358 0.242894 -1.205
v -0.820285 0.242894 -1.205
v -0.820285 0.688016 -1.205
usemtl 1
f 1// 2// 3//
f 4// 5// 6//
f 6// 5// 7//
f 3// 8// 1//
f 1// 8// 6//
f 1// 6// 9//
f 9// 6// 7//
f 9// 7// 10//
f 11// 12// 9//
f 13// 14// 15//
f 15// 11// 13//
f 13// 11// 9//
f 13// 9// 16//
f 16// 9// 10//
f 16// 10// 17//
f 17// 10// 18//
f 19// 20// 21//
f 21// 20// 9//
f 21// 9// 22//
f 22// 9// 12//
f 22// 12// 23//
f 23// 12// 24//
f 25// 26// 27//
f 27// 26// 28//
f 29// 30// 31//
f 31// 30// 32//
f 33// 34// 35//
f 35// 34// 36//
f 37// 38// 39//
f 39// 38// 40//
f 41// 42// 43//
f 43// 42// 44//
f 45// 46// 47//
f 48// 49// 50//
f 50// 49// 51//
f 50// 51// 52//
f 53// 54// 55//
f 55// 54// 56//
f 57// 58// 48//
f 48// 58// 59//
f 48// 59// 49//
f 49// 59// 60//
f 47// 61// 45//
f 45// 61// 49//
f 45// 49// 62//
f 62// 49// 60//
f 62// 60// 63//
f 63// 60// 64//
f 65// 66// 67//
f 67// 66// 68//
f 67// 68// 56//
f 56// 68// 49//
f 56// 49// 55//
f 55// 49// 61//
f 69// 70// 71//
f 71// 70// 72//
f 73// 74// 75//
f 75// 74// 76//
f 77// 78// 79//
f 79// 78// 80//
f 81// 82// 83//
f 83// 82// 84//
f 43// 44// 85//
f 85// 62// 43//
f 43// 62// 63//
f 43// 63// 86//
f 87// 88// 89//
f 89// 88// 43//
f 89// 43// 90//
f 90// 43// 86//
f 85// 91// 62//
f 62// 91// 45//
f 46// 45// 91//
f 91// 38// 46//
f 46// 38// 37//
f 46// 37// 92//
f 37// 93// 92//
f 92// 93// 94//
f 92// 94// 95//
f 95// 94// 96//
f 39// 40// 97//
f 97// 61// 39//
f 39// 61// 47//
f 39// 47// 98//
f 99// 100// 101//
f 101// 100// 39//
f 101// 39// 102//
f 102// 39// 98//
f 97// 103// 61//
f 61// 103// 55//
f 53// 55// 103//
f 103// 34// 53//
f 53// 34// 33//
f 53// 33// 104//
f 33// 105// 104//
f 104// 105// 106//
f 104// 106// 107//
f 107// 106// 108//
f 35// 36// 109//
f 109// 56// 35//
f 35// 56// 54//
f 35// 54// 110//
f 111// 112// 113//
f 113// 112// 35//
f 113// 35// 114//
f 114// 35// 110//
f 109// 115// 56//
f 56// 115// 67//
f 65// 67// 115//
f 115// 78// 65//
f 65// 78// 77//
f 65// 77// 116//
f 77// 117// 116//
f 116// 117// 118//
f 116// 118// 119//
f 119// 118// 120//
f 31// 32// 121//
f 121// 59// 31//
f 31// 59// 58//
f 31// 58// 122//
f 123// 124// 125//
f 125// 124// 31//
f 125// 31// 126//
f 126// 31// 122//
f 121// 127// 59//
f 59// 127// 60//
f 64// 60// 127//
f 127// 42// 64//
f 64// 42// 41//
f 64// 41// 128//
f 41// 129// 128//
f 128// 129// 130//
f 128// 130// 131//
f 131// 130// 132//
f 27// 28// 133//
f 133// 50// 27//
f 27// 50// 52//
f 27// 52// 134//
f 135// 136// 137//
f 137// 136// 27//
f 137// 27// 138//
f 138// 27// 134//
f 133// 139// 50//
f 50// 139// 48//
f 57// 48// 139//
f 139// 30// 57//
f 57// 30// 29//
f 57// 29// 140//
f 29// 141// 140//
f 140// 141// 142//
f 140// 142// 143//
f 143// 142// 144//
f 33// 35// 112//
f 33// 112// 105//
f 105// 112// 111//
f 105// 111// 106//
f 106// 111// 113//
f 106// 113// 108//
f 108// 113// 114//
f 108// 114// 107//
f 107// 114// 110//
f 107// 110// 104//
f 104// 110// 54//
f 104// 54// 53//
f 37// 39// 100//
f 37// 100// 93//
f 93// 100// 99//
f 93// 99// 94//
f 94// 99// 101//
f 94// 101// 96//
f 96// 101// 102//
f 96// 102// 95//
f 95// 102// 98//
f 95// 98// 92//
f 92// 98// 47//
f 92// 47// 46//
f 41// 43// 88//
f 41// 88// 129//
f 129// 88// 87//
f 129// 87// 130//
f 130// 87// 89//
f 130// 89// 132//
f 132// 89// 90//
f 132// 90// 131//
f 131// 90// 86//
f 131// 86// 128//
f 128// 86// 63//
f 128// 63// 64//
f 29// 31// 124//
f 29// 124// 141//
f 141// 124// 123//
f 141// 123// 142//
f 142// 123// 125//
f 142// 125// 144//
f 144// 125// 126//
f 144// 126// 143//
f 143// 126// 122//
f 143// 122// 140//
f 140// 122// 58//
f 140// 58// 57//
f 25// 27// 136//
f 25// 136// 145//
f 145// 136// 135//
f 145// 135// 146//
f 146// 135// 137//
f 146// 137// 147//
f 147// 137// 138//
f 147// 138// 148//
f 148// 138// 134//
f 148// 134// 149//
f 149// 134// 52//
f 149// 52// 51//
f 26// 25// 150//
f 26// 150// 151//
f 151// 150// 152//
f 151// 152// 153//
f 153// 152// 154//
f 153// 154// 155//
f 155// 154// 156//
f 155// 156// 157//
f 157// 156// 158//
f 157// 158// 159//
f 159// 158// 73//
f 159// 73// 75//
f 25// 145// 160//
f 161// 162// 163//
f 51// 164// 165//
f 163// 162// 51//
f 166// 51// 162//
f 166// 162// 167//
f 167// 162// 161//
f 167// 161// 168//
f 149// 51// 166//
f 169// 170// 171//
f 171// 170// 165//
f 171// 165// 172//
f 172// 165// 164//
f 172// 164// 173//
f 149// 166// 148//
f 148// 166// 167//
f 148// 167// 147//
f 147// 167// 168//
f 147// 168// 146//
f 174// 169// 175//
f 175// 169// 171//
f 175// 171// 176//
f 176// 171// 172//
f 176// 172// 177//
f 177// 172// 173//
f 177// 173// 178//
f 179// 174// 180//
f 180// 174// 175//
f 180// 175// 181//
f 181// 175// 176//
f 181// 176// 182//
f 182// 176// 177//
f 182// 177// 183//
f 183// 177// 178//
f 183// 178// 184//
f 145// 179// 160//
f 160// 179// 180//
f 160// 180// 185//
f 185// 180// 181//
f 185// 181// 186//
f 186// 181// 182//
f 186// 182// 187//
f 187// 182// 183//
f 187// 183// 188//
f 188// 183// 184//
f 188// 184// 189//
f 25// 160// 150//
f 150// 160// 185//
f 150// 185// 152//
f 152// 185// 186//
f 152// 186// 154//
f 154// 186// 187//
f 154// 187// 156//
f 156// 187// 188//
f 156// 188// 158//
f 158// 188// 189//
f 158// 189// 73//
f 170// 51// 165//
f 145// 146// 179//
f 179// 146// 168//
f 179// 168// 174//
f 174// 168// 161//
f 174// 161// 169//
f 169// 161// 163//
f 169// 163// 170//
f 170// 163// 51//
f 74// 73// 189//
f 74// 189// 190//
f 190// 189// 184//
f 190// 184// 191//
f 191// 184// 178//
f 191// 178// 192//
f 192// 178// 173//
f 192// 173// 193//
f 193// 173// 164//
f 193// 164// 194//
f 194// 164// 51//
f 194// 51// 49//
f 76// 74// 195//
f 76// 195// 196//
f 196// 195// 197//
f 196// 197// 198//
f 198// 197// 199//
f 198// 199// 200//
f 200// 199// 201//
f 200// 201// 202//
f 202// 201// 203//
f 202// 203// 204//
f 204// 203// 72//
f 204// 72// 70//
f 74// 190// 205//
f 206// 207// 208//
f 49// 209// 210//
f 208// 207// 49//
f 211// 49// 207//
f 211// 207// 212//
f 212// 207// 206//
f 212// 206// 213//
f 194// 49// 211//
f 214// 215// 216//
f 216// 215// 210//
f 216// 210// 217//
f 217// 210// 209//
f 217// 209// 218//
f 194// 211// 193//
f 193// 211// 212//
f 193// 212// 192//
f 192// 212// 213//
f 192// 213// 191//
f 219// 214// 220//
f 220// 214// 216//
f 220// 216// 221//
f 221// 216// 217//
f 221// 217// 222//
f 222// 217// 218//
f 222// 218// 223//
f 224// 219// 225//
f 225// 219// 220//
f 225// 220// 226//
f 226// 220// 221//
f 226// 221// 227//
f 227// 221// 222//
f 227// 222// 228//
f 228// 222// 223//
f 228// 223// 229//
f 190// 224// 205//
f 205// 224// 225//
f 205// 225// 230//
f 230// 225// 226//
f 230// 226// 231//
f 231// 226// 227//
f 231// 227// 232//
f 232// 227// 228//
f 232// 228// 233//
f 233// 228// 229//
f 233// 229// 234//
f 74// 205// 195//
f 195// 205// 230//
f 195// 230// 197//
f 197// 230// 231//
f 197// 231// 199//
f 199// 231// 232//
f 199// 232// 201//
f 201// 232// 233//
f 201// 233// 203//
f 203// 233// 234//
f 203// 234// 72//
f 215// 49// 210//
f 190// 191// 224//
f 224// 191// 213//
f 224// 213// 219//
f 219// 213// 206//
f 219// 206// 214//
f 214// 206// 208//
f 214// 208// 215//
f 215// 208// 49//
f 71// 72// 234//
f 71// 234// 235//
f 235// 234// 229//
f 235// 229// 236//
f 236// 229// 223//
f 236// 223// 237//
f 237// 223// 218//
f 237// 218// 238//
f 238// 218// 209//
f 238// 209// 239//
f 239// 209// 49//
f 239// 49// 68//
f 69// 71// 240//
f 69// 240// 241//
f 241// 240// 242//
f 241// 242// 243//
f 243// 242// 244//
f 243// 244// 245//
f 245// 244// 246//
f 245// 246// 247//
f 247// 246// 248//
f 247// 248// 249//
f 249// 248// 84//
f 249// 84// 82//
f 71// 235// 250//
f 251// 252// 253//
f 68// 254// 255//
f 253// 252// 68//
f 256// 68// 252//
f 256// 252// 257//
f 257// 252// 251//
f 257// 251// 258//
f 239// 68// 256//
f 259// 260// 261//
f 261// 260// 255//
f 261// 255// 262//
f 262// 255// 254//
f 262// 254// 263//
f 239// 256// 238//
f 238// 256// 257//
f 238// 257// 237//
f 237// 257// 258//
f 237// 258// 236//
f 264// 259// 265//
f 265// 259// 261//
f 265// 261// 266//
f 266// 261// 262//
f 266// 262// 267//
f 267// 262// 263//
f 267// 263// 268//
f 269// 264// 270//
f 270// 264// 265//
f 270// 265// 271//
f 271// 265// 266//
f 271// 266// 272//
f 272// 266// 267//
f 272// 267// 273//
f 273// 267// 268//
f 273// 268// 274//
f 235// 269// 250//
f 250// 269// 270//
f 250// 270// 275//
f 275// 270// 271//
f 275// 271// 276//
f 276// 271// 272//
f 276// 272// 277//
f 277// 272// 273//
f 277// 273// 278//
f 278// 273// 274//
f 278// 274// 279//
f 71// 250// 240//
f 240// 250// 275//
f 240// 275// 242//
f 242// 275// 276//
f 242// 276// 244//
f 244// 276// 277//
f 244// 277// 246//
f 246// 277// 278//
f 246// 278// 248//
f 248// 278// 279//
f 248// 279// 84//
f 260// 68// 255//
f 235// 236// 269//
f 269// 236// 258//
f 269// 258// 264//
f 264// 258// 251//
f 264// 251// 259//
f 259// 251// 253//
f 259// 253// 260//
f 260// 253// 68//
f 83// 84// 279//
f 83// 279// 280//
f 280// 279// 274//
f 280// 274// 281//
f 281// 274// 268//
f 281// 268// 282//
f 282// 268// 263//
f 282// 263// 283//
f 283// 263// 254//
f 283// 254// 284//
f 284// 254// 68//
f 284// 68// 66//
f 81// 83// 285//
f 81// 285// 286//
f 286// 285// 287//
f 286// 287// 288//
f 288// 287// 289//
f 288// 289// 290//
f 290// 289// 291//
f 290// 291// 292//
f 292// 291// 293//
f 292// 293// 294//
f 294// 293// 79//
f 294// 79// 80//
f 83// 280// 295//
f 296// 297// 298//
f 66// 299// 300//
f 298// 297// 66//
f 301// 66// 297//
f 301// 297// 302//
f 302// 297// 296//
f 302// 296// 303//
f 284// 66// 301//
f 304// 305// 306//
f 306// 305// 300//
f 306// 300// 307//
f 307// 300// 299//
f 307// 299// 308//
f 284// 301// 283//
f 283// 301// 302//
f 283// 302// 282//
f 282// 302// 303//
f 282// 303// 281//
f 309// 304// 310//
f 310// 304// 306//
f 310// 306// 311//
f 311// 306// 307//
f 311// 307// 312//
f 312// 307// 308//
f 312// 308// 313//
f 314// 309// 315//
f 315// 309// 310//
f 315// 310// 316//
f 316// 310// 311//
f 316// 311// 317//
f 317// 311// 312//
f 317// 312// 318//
f 318// 312// 313//
f 318// 313// 319//
f 280// 314// 295//
f 295// 314// 315//
f 295// 315// 320//
f 320// 315// 316//
f 320// 316// 321//
f 321// 316// 317//
f 321// 317// 322//
f 322// 317// 318//
f 322// 318// 323//
f 323// 318// 319//
f 323// 319// 324//
f 83// 295// 285//
f 285// 295// 320//
f 285// 320// 287//
f 287// 320// 321//
f 287// 321// 289//
f 289// 321// 322//
f 289// 322// 291//
f 291// 322// 323//
f 291// 323// 293//
f 293// 323// 324//
f 293// 324// 79//
f 305// 66// 300//
f 280// 281// 314//
f 314// 281// 303//
f 314// 303// 309//
f 309// 303// 296//
f 309// 296// 304//
f 304// 296// 298//
f 304// 298// 305//
f 305// 298// 66//
f 77// 79// 324//
f 77// 324// 117//
f 117// 324// 319//
f 117// 319// 118//
f 118// 319// 313//
f 118// 313// 120//
f 120// 313// 308//
f 120// 308// 119//
f 119// 308// 299//
f 119// 299// 116//
f 116// 299// 66//
f 116// 66// 65//
f 325// 326// 78//
f 78// 326// 80//
f 34// 325// 36//
f 36// 325// 78//
f 36// 78// 109//
f 109// 78// 115//
f 38// 91// 85//
f 44// 42// 325//
f 85// 44// 38//
f 38// 44// 325//
f 38// 325// 40//
f 40// 325// 34//
f 40// 34// 97//
f 97// 34// 103//
f 30// 139// 133//
f 290// 292// 326//
f 326// 292// 294//
f 326// 294// 80//
f 326// 327// 290//
f 290// 327// 328//
f 290// 328// 288//
f 243// 245// 329//
f 329// 245// 247//
f 329// 247// 330//
f 330// 247// 249//
f 28// 26// 325//
f 331// 332// 81//
f 81// 332// 333//
f 81// 333// 82//
f 133// 28// 30//
f 30// 28// 325//
f 30// 325// 32//
f 32// 325// 42//
f 32// 42// 121//
f 121// 42// 127//
f 196// 198// 334//
f 198// 200// 334//
f 334// 200// 202//
f 334// 202// 204//
f 333// 335// 82//
f 82// 335// 336//
f 82// 336// 337//
f 337// 338// 82//
f 82// 338// 339//
f 82// 339// 249//
f 249// 339// 340//
f 249// 340// 330//
f 328// 341// 288//
f 288// 341// 342//
f 288// 342// 286//
f 286// 342// 343//
f 286// 343// 81//
f 81// 343// 344//
f 81// 344// 331//
f 345// 346// 76//
f 204// 70// 334//
f 334// 70// 69//
f 334// 69// 329//
f 329// 69// 241//
f 329// 241// 243//
f 26// 151// 325//
f 325// 151// 153//
f 325// 153// 347//
f 347// 153// 155//
f 347// 155// 348//
f 348// 155// 157//
f 348// 157// 349//
f 350// 351// 75//
f 75// 351// 352//
f 75// 352// 159//
f 159// 352// 353//
f 159// 353// 157//
f 157// 353// 354//
f 157// 354// 349//
f 346// 355// 76//
f 76// 355// 356//
f 76// 356// 75//
f 75// 356// 357//
f 75// 357// 350//
f 334// 358// 196//
f 196// 358// 359//
f 196// 359// 76//
f 76// 359// 360//
f 76// 360// 345//
f 361// 325// 347//
f 361// 347// 362//
f 362// 347// 348//
f 362// 348// 363//
f 363// 348// 349//
f 363// 349// 364//
f 364// 349// 354//
f 364// 354// 365//
f 366// 367// 353//
f 353// 367// 365//
f 353// 365// 354//
f 366// 353// 352//
f 366// 352// 368//
f 368// 352// 351//
f 368// 351// 369//
f 369// 351// 350//
f 369// 350// 370//
f 370// 350// 357//
f 370// 357// 371//
f 357// 356// 371//
f 371// 356// 372//
f 372// 356// 355//
f 372// 355// 373//
f 373// 355// 346//
f 373// 346// 374//
f 374// 346// 345//
f 374// 345// 375//
f 375// 345// 360//
f 375// 360// 376//
f 376// 360// 359//
f 376// 359// 377//
f 377// 359// 358//
f 377// 358// 378//
f 378// 358// 334//
f 378// 334// 379//
f 334// 329// 379//
f 379// 329// 380//
f 380// 329// 330//
f 380// 330// 381//
f 381// 330// 340//
f 381// 340// 382//
f 382// 340// 339//
f 382// 339// 383//
f 383// 339// 338//
f 383// 338// 384//
f 384// 338// 337//
f 384// 337// 385//
f 385// 337// 336//
f 385// 336// 386//
f 386// 336// 335//
f 386// 335// 387//
f 335// 333// 387//
f 387// 333// 388//
f 388// 333// 332//
f 388// 332// 389//
f 389// 332// 331//
f 389// 331// 390//
f 390// 331// 344//
f 390// 344// 391//
f 391// 344// 343//
f 391// 343// 392//
f 393// 392// 394//
f 394// 392// 343//
f 394// 343// 342//
f 394// 342// 341//
f 394// 341// 395//
f 395// 341// 328//
f 395// 328// 396//
f 396// 328// 327//
f 396// 327// 397//
f 397// 327// 326//
f 397// 326// 398//
f 398// 326// 361//
f 361// 326// 325//
f 393// 20// 19//
f 380// 367// 366//
f 374// 375// 379//
f 387// 388// 392//
f 392// 388// 389//
f 392// 389// 391//
f 391// 389// 390//
f 19// 23// 393//
f 393// 23// 24//
f 393// 24// 15//
f 366// 368// 380//
f 380// 368// 369//
f 380// 369// 370//
f 381// 382// 383//
f 385// 386// 380//
f 370// 371// 380//
f 380// 371// 372//
f 380// 372// 379//
f 379// 372// 373//
f 379// 373// 374//
f 376// 377// 375//
f 375// 377// 378//
f 375// 378// 379//
f 381// 383// 380//
f 380// 383// 384//
f 380// 384// 385//
f 15// 14// 393//
f 393// 14// 367//
f 393// 367// 392//
f 392// 367// 380//
f 392// 380// 387//
f 387// 380// 386//
f 14// 17// 367//
f 367// 17// 18//
f 367// 18// 5//
f 5// 4// 367//
f 367// 4// 3//
f 367// 3// 2//
f 396// 9// 395//
f 395// 9// 394//
f 362// 363// 1//
f 1// 363// 364//
f 1// 364// 365//
f 396// 397// 9//
f 9// 397// 398//
f 9// 398// 1//
f 1// 398// 361//
f 1// 361// 362//
f 2// 1// 367//
f 367// 1// 365//
f 9// 20// 394//
f 394// 20// 393//
usemtl 2
f 13// 16// 399//
f 13// 399// 400//
f 400// 399// 401//
f 400// 401// 402//
f 402// 401// 403//
f 402// 403// 404//
f 404// 403// 405//
f 404// 405// 406//
f 406// 405// 407//
f 406// 407// 408//
f 404// 13// 402//
f 402// 13// 400//
f 404// 406// 13//
f 13// 406// 408//
f 13// 408// 14//
f 14// 408// 409//
f 14// 409// 410//
f 17// 411// 412//
f 17// 412// 16//
f 16// 412// 407//
f 16// 407// 405//
f 405// 403// 16//
f 16// 403// 401//
f 16// 401// 399//
f 409// 408// 412//
f 412// 408// 407//
f 410// 409// 411//
f 411// 409// 412//
f 14// 410// 17//
f 17// 410// 411//
f 10// 7// 413//
f 10// 413// 414//
f 414// 413// 415//
f 414// 415// 416//
f 416// 415// 417//
f 416// 417// 418//
f 418// 417// 419//
f 418// 419// 420//
f 420// 419// 421//
f 420// 421// 422//
f 418// 10// 416//
f 416// 10// 414//
f 418// 420// 10//
f 10// 420// 422//
f 10// 422// 18//
f 18// 422// 423//
f 18// 423// 424//
f 5// 425// 426//
f 5// 426// 7//
f 7// 426// 421//
f 7// 421// 419//
f 419// 417// 7//
f 7// 417// 415//
f 7// 415// 413//
f 423// 422// 426//
f 426// 422// 421//
f 424// 423// 425//
f 425// 423// 426//
f 18// 424// 5//
f 5// 424// 425//
f 6// 8// 427//
f 6// 427// 428//
f 428// 427// 429//
f 428// 429// 430//
f 430// 429// 431//
f 430// 431// 432//
f 432// 431// 433//
f 432// 433// 434//
f 434// 433// 435//
f 434// 435// 436//
f 432// 6// 430//
f 430// 6// 428//
f 432// 434// 6//
f 6// 434// 436//
f 6// 436// 4//
f 4// 436// 437//
f 4// 437// 438//
f 3// 439// 440//
f 3// 440// 8//
f 8// 440// 435//
f 8// 435// 433//
f 433// 431// 8//
f 8// 431// 429//
f 8// 429// 427//
f 437// 436// 440//
f 440// 436// 435//
f 438// 437// 439//
f 439// 437// 440//
f 4// 438// 3//
f 3// 438// 439//
f 12// 11// 441//
f 12// 441// 442//
f 442// 441// 443//
f 442// 443// 444//
f 444// 443// 445//
f 444// 445// 446//
f 446// 445// 447//
f 446// 447// 448//
f 448// 447// 449//
f 448// 449// 450//
f 446// 12// 444//
f 444// 12// 442//
f 446// 448// 12//
f 12// 448// 450//
f 12// 450// 24//
f 24// 450// 451//
f 24// 451// 452//
f 15// 453// 454//
f 15// 454// 11//
f 11// 454// 449//
f 11// 449// 447//
f 447// 445// 11//
f 11// 445// 443//
f 11// 443// 441//
f 451// 450// 454//
f 454// 450// 449//
f 452// 451// 453//
f 453// 451// 454//
f 24// 452// 15//
f 15// 452// 453//
f 21// 22// 455//
f 21// 455// 456//
f 456// 455// 457//
f 456// 457// 458//
f 458// 457// 459//
f 458// 459// 460//
f 460// 459// 461//
f 460// 461// 462//
f 462// 461// 463//
f 462// 463// 464//
f 460// 21// 458//
f 458// 21// 456//
f 460// 462// 21//
f 21// 462// 464//
f 21// 464// 19//
f 19// 464// 465//
f 19// 465// 466//
f 23// 467// 468//
f 23// 468// 22//
f 22// 468// 463//
f 22// 463// 461//
f 461// 459// 22//
f 22// 459// 457//
f 22// 457// 455//
f 465// 464// 468//
f 468// 464// 463//
f 466// 465// 467//
f 467// 465// 468//
f 19// 466// 23//
f 23// 466// 467//
usemtl 3
f 469// 470// 471//
f 471// 470// 472//
f 473// 474// 475//
f 475// 474// 476//
f 477// 478// 479//
f 479// 478// 472//
f 476// 480// 475//
f 475// 480// 481//
f 475// 481// 482//
f 472// 483// 484//
f 485// 486// 487//
f 487// 486// 471//
f 487// 471// 488//
f 488// 471// 472//
f 488// 472// 489//
f 485// 490// 486//
f 486// 490// 491//
f 486// 491// 492//
f 492// 493// 486//
f 486// 493// 494//
f 486// 494// 495//
f 495// 496// 486//
f 486// 496// 497//
f 486// 497// 498//
f 499// 500// 501//
f 501// 500// 502//
f 498// 503// 486//
f 486// 503// 500//
f 486// 500// 504//
f 504// 500// 499//
f 505// 506// 507//
f 507// 506// 508//
f 507// 508// 472//
f 472// 508// 509//
f 472// 509// 483//
f 473// 479// 474//
f 474// 479// 472//
f 474// 472// 510//
f 510// 472// 484//
f 482// 511// 475//
f 475// 511// 512//
f 475// 512// 513//
f 475// 514// 515//
f 515// 514// 516//
f 515// 516// 517//
f 518// 519// 472//
f 472// 519// 520//
f 472// 520// 521//
f 517// 522// 515//
f 515// 522// 523//
f 515// 523// 478//
f 478// 523// 524//
f 478// 524// 525//
f 513// 526// 475//
f 475// 526// 527//
f 475// 527// 528//
f 525// 529// 478//
f 478// 529// 530//
f 478// 530// 472//
f 472// 530// 531//
f 472// 531// 518//
f 521// 532// 472//
f 472// 532// 533//
f 472// 533// 489//
f 534// 535// 513//
f 513// 535// 536//
f 513// 536// 526//
f 537// 538// 513//
f 513// 538// 539//
f 513// 539// 534//
f 528// 540// 475//
f 475// 540// 541//
f 475// 541// 542//
f 542// 543// 475//
f 475// 543// 544//
f 475// 544// 545//
f 546// 547// 548//
f 549// 550// 551//
f 552// 553// 554//
f 555// 556// 557//
f 557// 558// 472//
f 472// 558// 559//
f 559// 560// 472//
f 472// 560// 561//
f 472// 561// 548//
f 548// 561// 562//
f 563// 564// 565//
f 565// 564// 566//
f 565// 566// 567//
f 552// 554// 568//
f 569// 570// 571//
f 571// 570// 572//
f 573// 574// 575//
f 551// 555// 549//
f 549// 555// 557//
f 549// 557// 576//
f 576// 557// 472//
f 576// 472// 577//
f 577// 472// 470//
f 577// 470// 578//
f 578// 470// 579//
f 546// 548// 580//
f 580// 548// 571//
f 580// 571// 573//
f 573// 571// 572//
f 573// 572// 574//
f 562// 581// 548//
f 548// 581// 582//
f 548// 582// 583//
f 584// 472// 585//
f 585// 472// 548//
f 585// 548// 586//
f 586// 548// 547//
f 584// 587// 472//
f 472// 587// 588//
f 472// 588// 589//
f 590// 591// 592//
f 592// 591// 593//
f 592// 593// 594//
f 594// 593// 472//
f 594// 472// 595//
f 595// 472// 589//
f 553// 596// 554//
f 554// 596// 597//
f 554// 597// 571//
f 571// 597// 598//
f 571// 598// 569//
f 599// 600// 601//
f 601// 600// 573//
f 601// 573// 602//
f 602// 573// 575//
f 603// 604// 554//
f 554// 604// 605//
f 554// 605// 568//
f 583// 606// 548//
f 548// 606// 607//
f 548// 607// 565//
f 565// 607// 608//
f 565// 608// 563//
f 609// 610// 603//
f 603// 610// 611//
f 603// 611// 604//
f 604// 611// 565//
f 567// 612// 565//
f 565// 612// 613//
f 565// 613// 604//
f 604// 613// 557//
f 614// 615// 470//
f 470// 615// 604//
f 470// 604// 579//
f 579// 604// 557//
f 579// 557// 616//
f 616// 557// 556//
f 616// 556// 617//
f 617// 556// 618//
f 469// 619// 470//
f 470// 619// 620//
f 470// 620// 614//
f 620// 621// 614//
f 614// 621// 622//
f 614// 622// 514//
f 545// 623// 475//
f 475// 623// 624//
f 475// 624// 514//
f 514// 624// 625//
f 514// 625// 614//
f 626// 627// 628//
f 629// 630// 631//
f 632// 633// 634//
f 635// 636// 637//
f 638// 639// 640//
f 640// 639// 641//
f 640// 641// 642//
f 643// 644// 645//
f 646// 647// 648//
f 648// 647// 649//
f 648// 649// 650//
f 634// 651// 632//
f 632// 651// 652//
f 632// 652// 637//
f 637// 652// 653//
f 637// 653// 635//
f 645// 644// 642//
f 642// 644// 654//
f 642// 654// 640//
f 640// 654// 655//
f 640// 655// 656//
f 657// 658// 659//
f 659// 660// 661//
f 661// 660// 662//
f 661// 662// 663//
f 664// 665// 661//
f 661// 665// 666//
f 667// 668// 669//
f 669// 668// 670//
f 669// 670// 671//
f 671// 626// 669//
f 669// 626// 628//
f 669// 628// 648//
f 648// 628// 632//
f 648// 632// 646//
f 646// 632// 637//
f 672// 673// 648//
f 648// 673// 674//
f 648// 674// 675//
f 676// 640// 677//
f 678// 679// 680//
f 680// 679// 681//
f 682// 683// 684//
f 656// 685// 640//
f 640// 685// 686//
f 640// 686// 687//
f 666// 688// 661//
f 661// 688// 689//
f 661// 689// 669//
f 669// 689// 690//
f 669// 690// 667//
f 684// 691// 682//
f 682// 691// 692//
f 682// 692// 650//
f 650// 692// 693//
f 650// 693// 648//
f 648// 693// 694//
f 648// 694// 672//
f 695// 696// 631//
f 631// 696// 697//
f 631// 697// 629//
f 698// 699// 700//
f 699// 701// 700//
f 700// 701// 702//
f 700// 702// 703//
f 676// 704// 640//
f 640// 704// 705//
f 640// 705// 706//
f 706// 707// 640//
f 640// 707// 708//
f 640// 708// 638//
f 643// 645// 709//
f 709// 645// 710//
f 709// 710// 711//
f 711// 710// 712//
f 711// 712// 658//
f 658// 712// 713//
f 658// 713// 659//
f 679// 714// 681//
f 681// 714// 715//
f 681// 715// 716//
f 636// 717// 637//
f 637// 717// 718//
f 637// 718// 719//
f 719// 718// 720//
f 721// 722// 723//
f 724// 725// 726//
f 726// 725// 727//
f 726// 727// 728//
f 677// 729// 676//
f 676// 729// 730//
f 676// 730// 731//
f 731// 730// 732//
f 731// 732// 718//
f 718// 732// 733//
f 718// 733// 720//
f 728// 734// 726//
f 726// 734// 735//
f 726// 735// 736//
f 736// 735// 737//
f 736// 737// 738//
f 738// 737// 719//
f 738// 719// 739//
f 739// 719// 720//
f 675// 695// 648//
f 648// 695// 631//
f 648// 631// 740//
f 740// 631// 741//
f 740// 741// 700//
f 700// 741// 742//
f 700// 742// 698//
f 663// 743// 661//
f 661// 743// 681//
f 661// 681// 664//
f 664// 681// 716//
f 744// 745// 746//
f 746// 745// 700//
f 746// 700// 747//
f 747// 700// 703//
f 721// 723// 748//
f 748// 723// 749//
f 748// 749// 750//
f 751// 752// 753//
f 753// 752// 754//
f 753// 754// 755//
f 755// 754// 756//
f 755// 756// 757//
f 757// 756// 758//
f 757// 758// 661//
f 661// 758// 759//
f 661// 759// 659//
f 659// 759// 760//
f 659// 760// 657//
f 744// 761// 745//
f 745// 761// 762//
f 745// 762// 748//
f 763// 764// 765//
f 765// 764// 766//
f 765// 766// 767//
f 767// 766// 768//
f 724// 769// 725//
f 725// 769// 770//
f 725// 770// 745//
f 745// 770// 771//
f 745// 771// 765//
f 765// 771// 772//
f 765// 772// 763//
f 750// 773// 748//
f 748// 773// 774//
f 748// 774// 745//
f 745// 774// 775//
f 745// 775// 725//
f 776// 777// 778//
f 779// 780// 781//
f 782// 783// 784//
f 785// 786// 787//
f 787// 786// 788//
f 787// 788// 789//
f 782// 784// 790//
f 791// 792// 793//
f 794// 795// 787//
f 787// 795// 796//
f 787// 796// 785//
f 797// 798// 799//
f 799// 798// 800//
f 799// 800// 801//
f 802// 803// 804//
f 804// 803// 805//
f 804// 805// 806//
f 794// 807// 795//
f 795// 807// 808//
f 795// 808// 809//
f 810// 778// 811//
f 811// 778// 777//
f 811// 777// 812//
f 813// 814// 815//
f 791// 793// 816//
f 792// 817// 793//
f 793// 817// 818//
f 793// 818// 819//
f 820// 821// 822//
f 823// 824// 778//
f 778// 824// 825//
f 778// 825// 776//
f 826// 827// 787//
f 787// 827// 828//
f 801// 779// 799//
f 799// 779// 781//
f 799// 781// 829//
f 829// 781// 830//
f 829// 830// 831//
f 831// 830// 784//
f 831// 784// 793//
f 793// 784// 832//
f 793// 832// 816//
f 833// 804// 834//
f 834// 804// 835//
f 836// 830// 837//
f 837// 830// 838//
f 839// 840// 841//
f 841// 840// 842//
f 833// 843// 804//
f 804// 843// 844//
f 804// 844// 802//
f 844// 845// 802//
f 802// 845// 846//
f 802// 846// 847//
f 847// 846// 848//
f 847// 848// 849//
f 849// 848// 850//
f 849// 850// 851//
f 851// 850// 852//
f 851// 852// 777//
f 777// 852// 853//
f 777// 853// 812//
f 804// 854// 855//
f 855// 854// 856//
f 813// 857// 858//
f 858// 857// 859//
f 858// 859// 854//
f 854// 859// 860//
f 854// 860// 856//
f 856// 860// 861//
f 856// 861// 862//
f 862// 861// 863//
f 864// 865// 866//
f 866// 865// 867//
f 866// 867// 868//
f 869// 870// 871//
f 828// 872// 787//
f 787// 872// 873//
f 787// 873// 799//
f 799// 873// 874//
f 799// 874// 797//
f 810// 875// 778//
f 778// 875// 876//
f 778// 876// 877//
f 877// 876// 878//
f 877// 878// 879//
f 806// 880// 804//
f 804// 880// 881//
f 804// 881// 882//
f 882// 883// 804//
f 804// 883// 884//
f 804// 884// 854//
f 885// 778// 886//
f 886// 778// 793//
f 886// 793// 887//
f 887// 793// 819//
f 820// 822// 888//
f 888// 822// 889//
f 888// 889// 890//
f 840// 891// 842//
f 842// 891// 892//
f 842// 892// 893//
f 894// 895// 863//
f 863// 895// 896//
f 863// 896// 862//
f 790// 784// 897//
f 897// 784// 830//
f 897// 830// 866//
f 866// 830// 836//
f 866// 836// 864//
f 813// 815// 857//
f 857// 815// 898//
f 857// 898// 871//
f 871// 898// 899//
f 871// 899// 869//
f 885// 900// 778//
f 778// 900// 901//
f 778// 901// 888//
f 902// 903// 795//
f 795// 903// 904//
f 904// 905// 795//
f 795// 905// 906//
f 795// 906// 907//
f 907// 906// 908//
f 907// 908// 863//
f 863// 908// 909//
f 863// 909// 894//
f 789// 910// 787//
f 787// 910// 842//
f 787// 842// 826//
f 826// 842// 893//
f 879// 878// 911//
f 911// 878// 912//
f 911// 912// 913//
f 902// 795// 914//
f 914// 795// 809//
f 914// 809// 915//
f 915// 809// 916//
f 915// 916// 917//
f 890// 918// 888//
f 888// 918// 919//
f 888// 919// 778//
f 778// 919// 920//
f 778// 920// 823//
f 868// 867// 921//
f 921// 867// 922//
f 921// 922// 923//
f 923// 922// 924//
f 923// 924// 813//
f 813// 924// 925//
f 813// 925// 814//
f 680// 681// 918//
f 918// 681// 919//
f 880// 806// 708//
f 708// 806// 638//
f 926// 927// 780//
f 780// 927// 928//
f 780// 928// 781//
f 830// 929// 838//
f 838// 929// 930//
f 838// 930// 931//
f 850// 848// 709//
f 709// 848// 643//
f 877// 757// 778//
f 778// 757// 661//
f 778// 661// 932//
f 932// 661// 933//
f 932// 933// 934//
f 934// 933// 935//
f 934// 935// 936//
f 936// 935// 937//
f 936// 937// 938//
f 938// 937// 939//
f 938// 939// 940//
f 940// 939// 941//
f 940// 941// 942//
f 942// 941// 943//
f 942// 943// 944//
f 944// 943// 945//
f 944// 945// 946//
f 946// 945// 947//
f 946// 947// 948//
f 948// 947// 949//
f 948// 949// 950//
f 950// 949// 951//
f 950// 951// 952//
f 952// 951// 953//
f 952// 953// 954//
f 954// 953// 955//
f 954// 955// 956//
f 956// 955// 957//
f 958// 959// 960//
f 960// 959// 961//
f 961// 962// 960//
f 960// 962// 963//
f 960// 963// 964//
f 965// 966// 967//
f 965// 967// 968//
f 968// 967// 969//
f 968// 969// 970//
f 970// 969// 971//
f 970// 971// 972//
f 972// 971// 973//
f 972// 973// 974//
f 975// 976// 977//
f 975// 977// 978//
f 978// 977// 979//
f 978// 979// 980//
f 980// 979// 981//
f 980// 981// 982//
f 982// 981// 983//
f 982// 983// 984//
f 985// 974// 986//
f 986// 974// 973//
f 983// 987// 984//
f 984// 987// 988//
f 985// 986// 989//
f 985// 989// 990//
f 990// 989// 991//
f 990// 991// 992//
f 992// 991// 993//
f 992// 993// 994//
f 994// 993// 506//
f 994// 506// 505//
f 624// 623// 995//
f 988// 987// 996//
f 988// 996// 997//
f 997// 996// 998//
f 997// 998// 999//
f 999// 998// 1000//
f 999// 1000// 995//
f 995// 1000// 625//
f 995// 625// 624//
f 1001// 1002// 1003//
f 1003// 1002// 1004//
f 1003// 1004// 1005//
f 1005// 1004// 1006//
f 1005// 1006// 1007//
f 1007// 1006// 1008//
f 1007// 1008// 1009//
f 1009// 1008// 1010//
f 353// 1011// 352//
f 352// 1011// 1012//
f 352// 1012// 351//
f 351// 1012// 1013//
f 351// 1013// 350//
f 350// 1013// 1014//
f 350// 1014// 357//
f 357// 1014// 1015//
f 1002// 1001// 1016//
f 1016// 1001// 1017//
f 354// 365// 353//
f 353// 365// 1011//
f 1018// 1019// 1020//
f 1020// 1019// 1021//
f 1020// 1021// 1022//
f 1022// 1021// 1023//
f 1022// 1023// 1024//
f 1024// 1023// 1025//
f 1024// 1025// 1017//
f 1017// 1025// 1016//
f 325// 361// 347//
f 347// 361// 362//
f 347// 362// 348//
f 348// 362// 363//
f 348// 363// 349//
f 349// 363// 364//
f 349// 364// 354//
f 354// 364// 365//
f 1026// 1027// 1028//
f 1029// 1030// 1031//
f 1026// 1028// 1032//
f 1033// 1034// 1035//
f 1033// 1035// 1036//
f 361// 1037// 1038//
f 1032// 1028// 1031//
f 1031// 1028// 1039//
f 1031// 1039// 1029//
f 1031// 1040// 1041//
f 1038// 1042// 361//
f 361// 1042// 1043//
f 361// 1043// 398//
f 398// 1043// 1044//
f 398// 1044// 326//
f 1045// 1046// 1047//
f 1048// 1049// 1050//
f 1051// 1052// 1053//
f 1053// 1052// 1054//
f 1053// 1054// 1055//
f 1041// 1056// 1031//
f 1031// 1056// 1057//
f 1031// 1057// 1032//
f 1034// 1058// 1035//
f 1035// 1058// 1059//
f 1035// 1059// 1060//
f 1060// 1059// 1045//
f 1060// 1045// 1061//
f 1061// 1045// 1047//
f 1050// 1062// 1048//
f 1048// 1062// 1063//
f 1048// 1063// 1053//
f 1053// 1063// 1064//
f 1053// 1064// 1051//
f 1065// 1066// 1067//
f 1067// 1066// 1068//
f 1069// 1070// 1037//
f 1037// 1070// 1071//
f 1036// 1035// 1055//
f 1055// 1035// 1067//
f 1055// 1067// 1053//
f 1053// 1067// 1068//
f 1053// 1068// 1072//
f 1019// 1018// 1073//
f 1073// 1018// 1053//
f 1073// 1053// 1074//
f 1074// 1053// 1072//
f 325// 1075// 361//
f 361// 1075// 1076//
f 361// 1076// 1037//
f 1037// 1076// 1077//
f 1037// 1077// 1069//
f 1030// 1078// 1031//
f 1031// 1078// 1079//
f 1031// 1079// 1080//
f 1080// 1079// 1081//
f 1080// 1081// 1067//
f 1067// 1081// 1082//
f 1067// 1082// 1065//
f 1040// 1031// 1083//
f 1083// 1031// 1084//
f 1083// 1084// 1071//
f 1071// 1084// 1085//
f 1071// 1085// 1037//
f 1086// 1087// 1088//
f 1088// 1087// 1089//
f 1086// 1090// 1087//
f 1087// 1090// 1091//
f 1087// 1091// 1092//
f 1089// 1093// 1088//
f 1088// 1093// 976//
f 1088// 976// 975//
f 1094// 1095// 1096//
f 1096// 1095// 1097//
f 966// 965// 1098//
f 1098// 965// 1099//
f 1098// 1099// 1100//
f 1100// 1099// 1096//
f 1100// 1096// 1101//
f 1101// 1096// 1097//
f 1092// 1102// 1087//
f 1087// 1102// 1103//
f 1087// 1103// 1096//
f 1096// 1103// 1104//
f 1096// 1104// 1094//
f 1105// 1106// 1107//
f 1108// 357// 1015//
f 1009// 1010// 1109//
f 1109// 1010// 1110//
f 1109// 1110// 1111//
f 1111// 1110// 1112//
f 1111// 1112// 1113//
f 1113// 1114// 1111//
f 1111// 1114// 1115//
f 1111// 1115// 1116//
f 1107// 1117// 1105//
f 1105// 1117// 1118//
f 1105// 1118// 1119//
f 1119// 1118// 1108//
f 1119// 1108// 1120//
f 1120// 1108// 1015//
f 1116// 1121// 1111//
f 1111// 1121// 1122//
f 1111// 1122// 1105//
f 1105// 1122// 1123//
f 1105// 1123// 1106//
f 1124// 1125// 1126//
f 1124// 1126// 1127//
f 1127// 1126// 1128//
f 1127// 1128// 1129//
f 1129// 1128// 1130//
f 1129// 1130// 1131//
f 1131// 1130// 1132//
f 1131// 1132// 1133//
f 604// 615// 1134//
f 1135// 605// 604//
f 604// 1134// 1135//
f 1135// 1134// 1136//
f 1135// 1136// 1137//
f 1137// 1136// 1138//
f 1137// 1138// 1139//
f 1139// 1138// 1140//
f 1139// 1140// 1141//
f 1125// 1124// 1140//
f 1140// 1124// 1141//
f 333// 1142// 332//
f 332// 1142// 1143//
f 332// 1143// 331//
f 331// 1143// 1144//
f 331// 1144// 344//
f 344// 1144// 1145//
f 344// 1145// 343//
f 343// 1145// 1146//
f 342// 394// 341//
f 341// 394// 395//
f 341// 395// 328//
f 328// 395// 396//
f 328// 396// 327//
f 327// 396// 397//
f 327// 397// 326//
f 326// 397// 398//
f 342// 343// 394//
f 394// 343// 1146//
f 961// 955// 953//
f 961// 953// 962//
f 962// 953// 951//
f 962// 951// 963//
f 963// 951// 964//
f 964// 951// 949//
f 964// 949// 1147//
f 1148// 1149// 947//
f 947// 1149// 1150//
f 947// 1150// 1151//
f 1151// 1152// 947//
f 947// 1152// 1153//
f 947// 1153// 949//
f 949// 1153// 1154//
f 949// 1154// 1147//
f 957// 955// 959//
f 959// 955// 961//
f 1155// 946// 1156//
f 1156// 946// 1157//
f 948// 950// 1158//
f 1158// 1159// 948//
f 948// 1159// 1160//
f 948// 1160// 946//
f 946// 1160// 1161//
f 946// 1161// 1157//
f 952// 954// 1162//
f 1162// 1163// 952//
f 952// 1163// 1164//
f 952// 1164// 950//
f 950// 1164// 1165//
f 950// 1165// 1158//
f 956// 958// 954//
f 954// 958// 960//
f 954// 960// 1162//
f 1109// 1099// 1009//
f 1009// 1099// 965//
f 1009// 965// 1007//
f 1007// 965// 968//
f 1007// 968// 1005//
f 1005// 968// 970//
f 1005// 970// 1003//
f 1003// 970// 972//
f 1003// 972// 1001//
f 1001// 972// 974//
f 1001// 974// 1017//
f 1017// 974// 985//
f 1017// 985// 1024//
f 1024// 985// 990//
f 1024// 990// 1022//
f 1022// 990// 992//
f 1022// 992// 1020//
f 1020// 992// 994//
f 1020// 994// 1018//
f 1018// 994// 505//
f 1018// 505// 1053//
f 1053// 505// 507//
f 1048// 593// 1049//
f 1049// 593// 591//
f 1049// 591// 1166//
f 1166// 591// 1167//
f 1166// 1167// 1168//
f 1168// 1167// 1169//
f 1168// 1169// 1170//
f 1170// 1169// 1171//
f 1170// 1171// 1172//
f 1172// 1171// 1173//
f 1172// 1173// 1174//
f 1174// 1173// 1175//
f 1174// 1175// 1176//
f 1176// 1175// 1177//
f 1176// 1177// 1178//
f 1178// 1177// 1179//
f 1178// 1179// 1180//
f 1180// 1179// 1181//
f 1180// 1181// 1182//
f 1182// 1181// 1183//
f 1182// 1183// 1184//
f 1184// 1183// 1185//
f 1186// 1187// 1188//
f 1188// 1187// 1189//
f 1188// 1189// 1190//
f 1190// 1189// 1191//
f 1190// 1191// 1192//
f 1192// 1191// 1193//
f 1192// 1193// 1194//
f 1194// 1193// 1195//
f 1194// 1195// 1196//
f 1196// 1195// 1197//
f 1196// 1197// 1198//
f 1198// 1197// 1199//
f 1198// 1199// 793//
f 793// 1199// 669//
f 793// 669// 831//
f 831// 669// 648//
f 829// 740// 799//
f 799// 740// 700//
f 799// 700// 1200//
f 1200// 700// 1201//
f 1200// 1201// 1202//
f 1202// 1201// 1203//
f 1202// 1203// 1204//
f 1204// 1203// 1205//
f 1204// 1205// 1206//
f 1206// 1205// 1207//
f 1206// 1207// 1208//
f 1208// 1207// 1209//
f 1208// 1209// 1210//
f 1210// 1209// 1211//
f 1210// 1211// 1111//
f 1111// 1211// 1096//
f 1212// 1213// 1214//
f 1214// 1213// 1215//
f 1214// 1215// 1216//
f 1216// 1215// 1217//
f 1216// 1217// 1218//
f 1218// 1217// 1219//
f 1218// 1219// 1220//
f 1220// 1219// 1221//
f 1220// 1221// 1119//
f 1119// 1221// 1089//
f 1119// 1089// 1105//
f 1105// 1089// 1087//
f 1105// 1087// 1222//
f 1222// 1087// 1223//
f 1222// 1223// 1224//
f 1224// 1223// 1225//
f 1224// 1225// 1226//
f 1226// 1225// 1227//
f 1226// 1227// 1228//
f 1228// 1227// 1229//
f 1228// 1229// 1230//
f 1230// 1229// 1231//
f 1230// 1231// 1232//
f 1232// 1231// 1233//
f 1232// 1233// 787//
f 787// 1233// 745//
f 787// 745// 794//
f 794// 745// 765//
f 1175// 1234// 1235//
f 1175// 1235// 1177//
f 1177// 1235// 1236//
f 1177// 1236// 1179//
f 1179// 1236// 1237//
f 1179// 1237// 1181//
f 1181// 1237// 1238//
f 1181// 1238// 1183//
f 945// 1239// 1240//
f 1241// 1133// 1132//
f 1183// 1238// 1185//
f 1185// 1238// 1242//
f 1185// 1242// 1187//
f 1187// 1242// 1243//
f 1187// 1243// 1244//
f 1244// 1245// 1187//
f 1187// 1245// 1246//
f 1187// 1246// 1247//
f 1240// 1248// 945//
f 945// 1248// 1249//
f 945// 1249// 947//
f 947// 1249// 1241//
f 947// 1241// 1148//
f 1148// 1241// 1132//
f 1247// 1250// 1187//
f 1187// 1250// 1251//
f 1187// 1251// 945//
f 945// 1251// 1252//
f 945// 1252// 1239//
f 1187// 945// 943//
f 1187// 943// 1189//
f 1189// 943// 941//
f 1189// 941// 1191//
f 1191// 941// 939//
f 1191// 939// 1193//
f 1193// 939// 937//
f 1193// 937// 1195//
f 1195// 937// 935//
f 1195// 935// 1197//
f 1197// 935// 933//
f 1197// 933// 1199//
f 1199// 933// 661//
f 1199// 661// 669//
f 700// 745// 1233//
f 700// 1233// 1201//
f 1201// 1233// 1231//
f 1201// 1231// 1203//
f 1203// 1231// 1229//
f 1203// 1229// 1205//
f 1205// 1229// 1227//
f 1205// 1227// 1207//
f 1207// 1227// 1225//
f 1207// 1225// 1209//
f 1209// 1225// 1223//
f 1209// 1223// 1211//
f 1211// 1223// 1087//
f 1211// 1087// 1096//
f 1089// 1253// 1254//
f 1254// 1255// 1089//
f 1089// 1255// 1256//
f 1089// 1256// 1257//
f 1257// 1258// 1089//
f 1089// 1258// 1259//
f 1089// 1259// 1093//
f 1260// 1261// 1221//
f 1260// 1221// 1262//
f 1261// 1263// 1221//
f 1221// 1263// 1264//
f 1221// 1264// 1089//
f 1089// 1264// 1265//
f 1089// 1265// 1253//
f 1221// 1219// 1262//
f 1262// 1219// 1217//
f 1262// 1217// 1266//
f 1266// 1217// 1215//
f 1266// 1215// 1267//
f 1268// 1267// 1213//
f 1213// 1267// 1215//
f 591// 590// 1269//
f 591// 1269// 1167//
f 1167// 1269// 1270//
f 1167// 1270// 1169//
f 1169// 1270// 1271//
f 1169// 1271// 1171//
f 1171// 1271// 1272//
f 1171// 1272// 1173//
f 1234// 1175// 1272//
f 1272// 1175// 1173//
f 1182// 1273// 1180//
f 1180// 1273// 1274//
f 1180// 1274// 1178//
f 1178// 1274// 1275//
f 1178// 1275// 1176//
f 1176// 1275// 1276//
f 1176// 1276// 1174//
f 1174// 1276// 1277//
f 1278// 944// 1279//
f 1279// 944// 946//
f 1278// 1280// 944//
f 944// 1280// 1281//
f 944// 1281// 1282//
f 946// 1155// 1279//
f 1279// 1155// 1142//
f 1279// 1142// 333//
f 1283// 1284// 1186//
f 1186// 1284// 1285//
f 1273// 1182// 1286//
f 1286// 1182// 1184//
f 1286// 1184// 1287//
f 1287// 1184// 1186//
f 1287// 1186// 1288//
f 1288// 1186// 1285//
f 1282// 1289// 944//
f 944// 1289// 1290//
f 944// 1290// 1186//
f 1186// 1290// 1291//
f 1186// 1291// 1283//
f 793// 778// 1198//
f 1198// 778// 932//
f 1198// 932// 1196//
f 1196// 932// 934//
f 1196// 934// 1194//
f 1194// 934// 936//
f 1194// 936// 1192//
f 1192// 936// 938//
f 1192// 938// 1190//
f 1190// 938// 940//
f 1190// 940// 1188//
f 1188// 940// 942//
f 1188// 942// 1186//
f 1186// 942// 944//
f 1111// 1105// 1210//
f 1210// 1105// 1222//
f 1210// 1222// 1208//
f 1208// 1222// 1224//
f 1208// 1224// 1206//
f 1206// 1224// 1226//
f 1206// 1226// 1204//
f 1204// 1226// 1228//
f 1204// 1228// 1202//
f 1202// 1228// 1230//
f 1202// 1230// 1200//
f 1200// 1230// 1232//
f 1200// 1232// 799//
f 799// 1232// 787//
f 1292// 1214// 1293//
f 1293// 1214// 1216//
f 1293// 1216// 1294//
f 1218// 1295// 1216//
f 1216// 1295// 1296//
f 1216// 1296// 1294//
f 1297// 1298// 1220//
f 1220// 1298// 1299//
f 1220// 1299// 1218//
f 1218// 1299// 1300//
f 1218// 1300// 1295//
f 1301// 1119// 1302//
f 1302// 1119// 1120//
f 1301// 1303// 1119//
f 1119// 1303// 1304//
f 1119// 1304// 1220//
f 1220// 1304// 1305//
f 1220// 1305// 1297//
f 1306// 1212// 1307//
f 1307// 1212// 1214//
f 1307// 1214// 1292//
f 1172// 1308// 1170//
f 1170// 1308// 1309//
f 1170// 1309// 1168//
f 1168// 1309// 1310//
f 1168// 1310// 1166//
f 1166// 1310// 1311//
f 1166// 1311// 1049//
f 1049// 1311// 1050//
f 1172// 1174// 1308//
f 1308// 1174// 1277//
f 648// 740// 1312//
f 1312// 740// 1313//
f 1312// 1313// 1314//
f 1314// 1313// 1315//
f 1314// 1315// 1316//
f 1316// 1315// 1317//
f 1318// 1316// 1319//
f 1319// 1316// 1317//
f 1320// 1318// 1321//
f 1321// 1318// 1319//
f 1322// 1320// 1323//
f 1323// 1320// 1321//
f 1322// 1323// 1324//
f 1322// 1324// 1325//
f 1325// 1324// 1326//
f 1325// 1326// 1327//
f 1327// 1326// 829//
f 1327// 829// 831//
f 1318// 1320// 1316//
f 1316// 1320// 1322//
f 1316// 1322// 1314//
f 1314// 1322// 1325//
f 1314// 1325// 1312//
f 1312// 1325// 1327//
f 1312// 1327// 648//
f 648// 1327// 831//
f 740// 829// 1313//
f 1313// 829// 1326//
f 1313// 1326// 1315//
f 1315// 1326// 1324//
f 1315// 1324// 1317//
f 1317// 1324// 1323//
f 1317// 1323// 1319//
f 1319// 1323// 1321//
f 1048// 1053// 1328//
f 1048// 1328// 1329//
f 1329// 1328// 1330//
f 1329// 1330// 1331//
f 1331// 1330// 1332//
f 1331// 1332// 1333//
f 1334// 1333// 1335//
f 1335// 1333// 1332//
f 1336// 1334// 1337//
f 1337// 1334// 1335//
f 1338// 1336// 1339//
f 1339// 1336// 1337//
f 472// 593// 1340//
f 507// 472// 1341//
f 1341// 472// 1340//
f 1341// 1340// 1342//
f 1342// 1340// 1343//
f 1342// 1343// 1339//
f 1339// 1343// 1338//
f 593// 1048// 1340//
f 1340// 1048// 1329//
f 1340// 1329// 1343//
f 1343// 1329// 1331//
f 1343// 1331// 1338//
f 1338// 1331// 1333//
f 1338// 1333// 1336//
f 1336// 1333// 1334//
f 1337// 1335// 1339//
f 1339// 1335// 1332//
f 1339// 1332// 1342//
f 1342// 1332// 1330//
f 1342// 1330// 1341//
f 1341// 1330// 1328//
f 1341// 1328// 507//
f 507// 1328// 1053//
f 1185// 1187// 1344//
f 1344// 1187// 1345//
f 1344// 1345// 1346//
f 1346// 1345// 1347//
f 1346// 1347// 1348//
f 1348// 1347// 1349//
f 1350// 1348// 1351//
f 1351// 1348// 1349//
f 1352// 1350// 1353//
f 1353// 1350// 1351//
f 1354// 1352// 1355//
f 1355// 1352// 1353//
f 1354// 1355// 1356//
f 1354// 1356// 1357//
f 1357// 1356// 1358//
f 1357// 1358// 1359//
f 1359// 1358// 1186//
f 1359// 1186// 1184//
f 1350// 1352// 1348//
f 1348// 1352// 1354//
f 1348// 1354// 1346//
f 1346// 1354// 1357//
f 1346// 1357// 1344//
f 1344// 1357// 1359//
f 1344// 1359// 1185//
f 1185// 1359// 1184//
f 1187// 1186// 1345//
f 1345// 1186// 1358//
f 1345// 1358// 1347//
f 1347// 1358// 1356//
f 1347// 1356// 1349//
f 1349// 1356// 1355//
f 1349// 1355// 1351//
f 1351// 1355// 1353//
f 1360// 1361// 1362//
f 1362// 1361// 1363//
f 1362// 1363// 1364//
f 1364// 1363// 1365//
f 1364// 1365// 1099//
f 1099// 1365// 1096//
f 1109// 1111// 1366//
f 1109// 1366// 1367//
f 1367// 1366// 1368//
f 1367// 1368// 1369//
f 1369// 1368// 1370//
f 1369// 1370// 1371//
f 1372// 1371// 1373//
f 1373// 1371// 1370//
f 1374// 1372// 1375//
f 1375// 1372// 1373//
f 1360// 1374// 1361//
f 1361// 1374// 1375//
f 1099// 1109// 1364//
f 1364// 1109// 1367//
f 1364// 1367// 1362//
f 1362// 1367// 1369//
f 1362// 1369// 1360//
f 1360// 1369// 1371//
f 1360// 1371// 1374//
f 1374// 1371// 1372//
f 1375// 1373// 1361//
f 1361// 1373// 1370//
f 1361// 1370// 1363//
f 1363// 1370// 1368//
f 1363// 1368// 1365//
f 1365// 1368// 1366//
f 1365// 1366// 1096//
f 1096// 1366// 1111//
f 1044// 568// 326//
f 326// 568// 605//
f 326// 605// 327//
f 327// 605// 1135//
f 327// 1135// 328//
f 328// 1135// 1137//
f 328// 1137// 341//
f 341// 1137// 1139//
f 341// 1139// 342//
f 342// 1139// 1141//
f 342// 1141// 343//
f 343// 1141// 1124//
f 343// 1124// 344//
f 344// 1124// 1127//
f 344// 1127// 331//
f 331// 1127// 1129//
f 331// 1129// 332//
f 332// 1129// 1131//
f 332// 1131// 333//
f 333// 1131// 1133//
f 333// 1133// 1279//
f 1279// 1133// 1241//
f 1286// 1242// 1273//
f 1273// 1242// 1238//
f 1273// 1238// 1274//
f 1274// 1238// 1237//
f 1274// 1237// 1275//
f 1275// 1237// 1236//
f 1275// 1236// 1276//
f 1276// 1236// 1235//
f 1276// 1235// 1277//
f 1277// 1235// 1234//
f 1277// 1234// 1308//
f 1308// 1234// 1272//
f 1308// 1272// 1309//
f 1309// 1272// 1271//
f 1309// 1271// 1310//
f 1310// 1271// 1270//
f 1310// 1270// 1311//
f 1311// 1270// 1269//
f 1311// 1269// 1050//
f 1050// 1269// 590//
f 1050// 590// 1062//
f 1062// 590// 592//
f 1291// 1290// 1250//
f 1250// 1290// 1251//
f 1376// 1377// 1378//
f 1378// 1379// 1376//
f 1376// 1379// 1380//
f 1376// 1380// 1381//
f 1382// 1383// 1384//
f 1385// 1386// 1387//
f 1381// 1388// 1376//
f 1376// 1388// 1382//
f 1376// 1382// 1389//
f 1389// 1382// 1384//
f 1379// 1390// 1380//
f 1380// 1390// 1385//
f 1380// 1385// 1391//
f 1391// 1385// 1387//
f 1392// 1393// 1380//
f 1380// 1393// 1381//
f 1394// 1395// 1396//
f 1396// 1395// 1397//
f 1396// 1397// 1393//
f 1398// 1399// 1400//
f 1400// 1399// 1401//
f 1400// 1401// 1397//
f 1397// 1401// 1402//
f 1397// 1402// 1393//
f 1393// 1392// 1396//
f 1396// 1392// 1403//
f 1396// 1403// 1404//
f 1404// 1405// 1396//
f 1396// 1405// 1406//
f 1396// 1406// 1407//
f 1395// 1394// 1408//
f 1395// 1408// 1409//
f 1409// 1408// 1410//
f 1409// 1410// 1411//
f 1411// 1410// 1412//
f 1411// 1412// 1413//
f 1413// 1412// 1414//
f 1413// 1414// 1415//
f 1415// 1414// 1416//
f 1415// 1416// 1417//
f 1417// 1416// 1418//
f 1417// 1418// 1419//
f 1419// 1418// 1047//
f 1419// 1047// 1046//
f 600// 599// 1420//
f 1420// 599// 1421//
f 1420// 1421// 1422//
f 1422// 1421// 1423//
f 1422// 1423// 1424//
f 1424// 1423// 1425//
f 1424// 1425// 1426//
f 1426// 1425// 1427//
f 1426// 1427// 1428//
f 1428// 1427// 1429//
f 1428// 1429// 1430//
f 1430// 1429// 1431//
f 1430// 1431// 1377//
f 1377// 1431// 1378//
f 1376// 1397// 1377//
f 1377// 1397// 1395//
f 1377// 1395// 1430//
f 1430// 1395// 1409//
f 1430// 1409// 1428//
f 1428// 1409// 1411//
f 1428// 1411// 1426//
f 1426// 1411// 1413//
f 1426// 1413// 1424//
f 1424// 1413// 1415//
f 1424// 1415// 1422//
f 1422// 1415// 1417//
f 1422// 1417// 1420//
f 1420// 1417// 1419//
f 1420// 1419// 600//
f 600// 1419// 1046//
f 600// 1046// 573//
f 573// 1046// 1045//
f 601// 1061// 599//
f 599// 1061// 1047//
f 599// 1047// 1421//
f 1421// 1047// 1418//
f 1421// 1418// 1423//
f 1423// 1418// 1416//
f 1423// 1416// 1425//
f 1425// 1416// 1414//
f 1425// 1414// 1427//
f 1427// 1414// 1412//
f 1427// 1412// 1429//
f 1429// 1412// 1410//
f 1429// 1410// 1431//
f 1431// 1410// 1408//
f 1431// 1408// 1378//
f 1378// 1408// 1394//
f 1378// 1394// 1379//
f 1379// 1394// 1396//
f 1242// 1286// 1243//
f 1243// 1286// 1287//
f 1243// 1287// 1244//
f 1244// 1287// 1288//
f 1244// 1288// 1245//
f 1245// 1288// 1285//
f 1245// 1285// 1246//
f 1246// 1285// 1284//
f 1246// 1284// 1247//
f 1247// 1284// 1283//
f 1247// 1283// 1250//
f 1250// 1283// 1291//
f 1279// 1241// 1278//
f 1278// 1241// 1249//
f 1278// 1249// 1280//
f 1280// 1249// 1248//
f 1280// 1248// 1281//
f 1281// 1248// 1240//
f 1281// 1240// 1282//
f 1282// 1240// 1239//
f 1282// 1239// 1289//
f 1289// 1239// 1252//
f 1289// 1252// 1290//
f 1290// 1252// 1251//
f 569// 1084// 570//
f 570// 1084// 1031//
f 570// 1031// 572//
f 572// 1031// 1080//
f 572// 1080// 574//
f 574// 1080// 1067//
f 574// 1067// 575//
f 575// 1067// 1035//
f 575// 1035// 602//
f 602// 1035// 1060//
f 602// 1060// 601//
f 601// 1060// 1061//
f 568// 1044// 552//
f 552// 1044// 1043//
f 552// 1043// 553//
f 553// 1043// 1042//
f 553// 1042// 596//
f 596// 1042// 1038//
f 596// 1038// 597//
f 597// 1038// 1037//
f 597// 1037// 598//
f 598// 1037// 1085//
f 598// 1085// 569//
f 569// 1085// 1084//
f 1392// 1380// 1391//
f 1392// 1391// 1403//
f 1403// 1391// 1387//
f 1403// 1387// 1404//
f 1404// 1387// 1386//
f 1404// 1386// 1405//
f 1405// 1386// 1385//
f 1405// 1385// 1406//
f 1406// 1385// 1390//
f 1406// 1390// 1407//
f 1407// 1390// 1379//
f 1407// 1379// 1396//
f 1381// 1393// 1402//
f 1381// 1402// 1388//
f 1388// 1402// 1401//
f 1388// 1401// 1382//
f 1382// 1401// 1399//
f 1382// 1399// 1383//
f 1383// 1399// 1398//
f 1383// 1398// 1384//
f 1384// 1398// 1400//
f 1384// 1400// 1389//
f 1389// 1400// 1397//
f 1389// 1397// 1376//
f 584// 1055// 587//
f 587// 1055// 1054//
f 587// 1054// 588//
f 588// 1054// 1052//
f 588// 1052// 589//
f 589// 1052// 1051//
f 589// 1051// 595//
f 595// 1051// 1064//
f 595// 1064// 594//
f 594// 1064// 1063//
f 594// 1063// 592//
f 592// 1063// 1062//
f 1055// 584// 1036//
f 1036// 584// 585//
f 1036// 585// 1033//
f 1033// 585// 586//
f 1033// 586// 1034//
f 1034// 586// 547//
f 1034// 547// 1058//
f 1058// 547// 546//
f 1058// 546// 1059//
f 1059// 546// 580//
f 1059// 580// 1045//
f 1045// 580// 573//
f 1015// 976// 1120//
f 1120// 976// 1093//
f 1148// 1132// 1155//
f 1155// 1132// 1142//
f 1148// 1155// 1156//
f 1148// 1156// 1149//
f 1149// 1156// 1157//
f 1149// 1157// 1150//
f 1150// 1157// 1161//
f 1150// 1161// 1151//
f 1151// 1161// 1160//
f 1151// 1160// 1152//
f 1152// 1160// 1159//
f 1152// 1159// 1153//
f 1159// 1158// 1153//
f 1153// 1158// 1165//
f 1153// 1165// 1154//
f 1154// 1165// 1164//
f 1154// 1164// 1147//
f 1147// 1164// 1163//
f 1147// 1163// 964//
f 964// 1163// 1162//
f 964// 1162// 960//
f 1307// 1292// 1260//
f 1260// 1292// 1293//
f 1260// 1293// 1261//
f 1261// 1293// 1294//
f 1261// 1294// 1263//
f 1263// 1294// 1296//
f 1296// 1295// 1263//
f 1263// 1295// 1300//
f 1263// 1300// 1264//
f 1264// 1300// 1299//
f 1264// 1299// 1265//
f 1265// 1299// 1298//
f 1265// 1298// 1253//
f 1253// 1298// 1297//
f 1253// 1297// 1254//
f 1254// 1297// 1305//
f 1254// 1305// 1255//
f 1255// 1305// 1304//
f 1120// 1093// 1302//
f 1302// 1093// 1259//
f 1302// 1259// 1301//
f 1301// 1259// 1258//
f 1301// 1258// 1303//
f 1303// 1258// 1257//
f 1303// 1257// 1304//
f 1304// 1257// 1256//
f 1304// 1256// 1255//
f 1142// 1132// 1143//
f 1143// 1132// 1130//
f 1143// 1130// 1144//
f 1144// 1130// 1128//
f 1144// 1128// 1145//
f 1145// 1128// 1126//
f 1145// 1126// 1146//
f 1146// 1126// 1125//
f 1146// 1125// 394//
f 394// 1125// 1140//
f 394// 1140// 395//
f 395// 1140// 1138//
f 395// 1138// 396//
f 396// 1138// 1136//
f 396// 1136// 397//
f 397// 1136// 1134//
f 397// 1134// 398//
f 1134// 615// 398//
f 398// 615// 614//
f 398// 614// 361//
f 361// 614// 625//
f 361// 625// 362//
f 362// 625// 1000//
f 362// 1000// 363//
f 363// 1000// 998//
f 363// 998// 364//
f 364// 998// 996//
f 364// 996// 365//
f 365// 996// 987//
f 365// 987// 1011//
f 1011// 987// 983//
f 1011// 983// 1012//
f 1012// 983// 981//
f 1012// 981// 1013//
f 1013// 981// 979//
f 1013// 979// 1014//
f 1014// 979// 977//
f 1014// 977// 1015//
f 1015// 977// 976//
f 1307// 1260// 1262//
f 1268// 1306// 1267//
f 1267// 1306// 1307//
f 1267// 1307// 1266//
f 1266// 1307// 1262//
f 1073// 508// 1019//
f 1019// 508// 506//
f 1019// 506// 1021//
f 1021// 506// 993//
f 1021// 993// 1023//
f 1023// 993// 991//
f 1023// 991// 1025//
f 1025// 991// 989//
f 1025// 989// 1016//
f 1016// 989// 986//
f 1016// 986// 1002//
f 1002// 986// 973//
f 1002// 973// 1004//
f 1004// 973// 971//
f 1004// 971// 1006//
f 1006// 971// 969//
f 1006// 969// 1008//
f 1008// 969// 967//
f 1008// 967// 1010//
f 1010// 967// 966//
f 1010// 966// 1110//
f 1110// 966// 1098//
f 1108// 1088// 357//
f 357// 1088// 975//
f 357// 975// 350//
f 350// 975// 978//
f 350// 978// 351//
f 351// 978// 980//
f 351// 980// 352//
f 352// 980// 982//
f 352// 982// 353//
f 353// 982// 984//
f 353// 984// 354//
f 354// 984// 988//
f 354// 988// 349//
f 349// 988// 997//
f 349// 997// 348//
f 348// 997// 999//
f 348// 999// 347//
f 347// 999// 995//
f 347// 995// 325//
f 325// 995// 623//
f 325// 623// 1075//
f 1075// 623// 545//
f 1104// 1103// 1121//
f 1121// 1103// 1122//
f 1432// 1433// 1434//
f 1434// 1433// 1435//
f 1436// 1435// 1437//
f 1437// 1435// 1438//
f 1437// 1438// 1439//
f 1440// 1441// 1434//
f 1436// 1442// 1435//
f 1435// 1442// 1443//
f 1435// 1443// 1434//
f 1434// 1443// 1444//
f 1434// 1444// 1440//
f 1441// 1445// 1434//
f 1434// 1445// 1446//
f 1434// 1446// 1447//
f 1433// 1432// 1448//
f 1448// 1432// 1449//
f 1448// 1449// 1450//
f 1450// 1449// 1451//
f 1450// 1451// 1452//
f 1452// 1451// 1453//
f 1452// 1453// 1454//
f 1454// 1453// 1455//
f 1454// 1455// 1456//
f 1456// 1455// 1457//
f 1456// 1457// 1458//
f 1458// 1457// 1459//
f 1458// 1459// 537//
f 537// 1459// 538//
f 1028// 1027// 1460//
f 1028// 1460// 1461//
f 1461// 1460// 1462//
f 1461// 1462// 1463//
f 1463// 1462// 1464//
f 1463// 1464// 1465//
f 1465// 1464// 1466//
f 1465// 1466// 1467//
f 1467// 1466// 1468//
f 1467// 1468// 1469//
f 1469// 1468// 1470//
f 1469// 1470// 1471//
f 1471// 1470// 1472//
f 1471// 1472// 1473//
f 1474// 1473// 1472//
f 1472// 1475// 1474//
f 1474// 1475// 1476//
f 1474// 1476// 1477//
f 1478// 1479// 1480//
f 1481// 1475// 1482//
f 1482// 1475// 1483//
f 1477// 1484// 1474//
f 1474// 1484// 1478//
f 1474// 1478// 1485//
f 1485// 1478// 1480//
f 1481// 1486// 1475//
f 1475// 1486// 1487//
f 1475// 1487// 1476//
f 1444// 1443// 1476//
f 1476// 1443// 1477//
f 513// 1039// 537//
f 537// 1039// 1028//
f 537// 1028// 1458//
f 1458// 1028// 1461//
f 1458// 1461// 1456//
f 1456// 1461// 1463//
f 1456// 1463// 1454//
f 1454// 1463// 1465//
f 1454// 1465// 1452//
f 1452// 1465// 1467//
f 1452// 1467// 1450//
f 1450// 1467// 1469//
f 1450// 1469// 1448//
f 1448// 1469// 1471//
f 1448// 1471// 1433//
f 1433// 1471// 1473//
f 1433// 1473// 1435//
f 1435// 1473// 1474//
f 1434// 1475// 1432//
f 1432// 1475// 1472//
f 1432// 1472// 1449//
f 1449// 1472// 1470//
f 1449// 1470// 1451//
f 1451// 1470// 1468//
f 1451// 1468// 1453//
f 1453// 1468// 1466//
f 1453// 1466// 1455//
f 1455// 1466// 1464//
f 1455// 1464// 1457//
f 1457// 1464// 1462//
f 1457// 1462// 1459//
f 1459// 1462// 1460//
f 1459// 1460// 538//
f 538// 1460// 1027//
f 538// 1027// 539//
f 539// 1027// 1026//
f 1110// 1098// 1112//
f 1112// 1098// 1100//
f 1112// 1100// 1113//
f 1113// 1100// 1101//
f 1113// 1101// 1114//
f 1114// 1101// 1097//
f 1114// 1097// 1115//
f 1115// 1097// 1095//
f 1115// 1095// 1116//
f 1116// 1095// 1094//
f 1116// 1094// 1121//
f 1121// 1094// 1104//
f 1088// 1108// 1086//
f 1086// 1108// 1118//
f 1086// 1118// 1090//
f 1090// 1118// 1117//
f 1090// 1117// 1091//
f 1091// 1117// 1107//
f 1091// 1107// 1092//
f 1092// 1107// 1106//
f 1092// 1106// 1102//
f 1102// 1106// 1123//
f 1102// 1123// 1103//
f 1103// 1123// 1122//
f 1083// 528// 1040//
f 1040// 528// 527//
f 1040// 527// 1041//
f 1041// 527// 526//
f 1041// 526// 1056//
f 1056// 526// 536//
f 1056// 536// 1057//
f 1057// 536// 535//
f 1057// 535// 1032//
f 1032// 535// 534//
f 1032// 534// 1026//
f 1026// 534// 539//
f 528// 1083// 540//
f 540// 1083// 1071//
f 540// 1071// 541//
f 541// 1071// 1070//
f 541// 1070// 542//
f 542// 1070// 1069//
f 542// 1069// 543//
f 543// 1069// 1077//
f 543// 1077// 544//
f 544// 1077// 1076//
f 544// 1076// 545//
f 545// 1076// 1075//
f 1444// 1476// 1487//
f 1444// 1487// 1440//
f 1440// 1487// 1486//
f 1440// 1486// 1441//
f 1441// 1486// 1481//
f 1441// 1481// 1445//
f 1445// 1481// 1482//
f 1445// 1482// 1446//
f 1446// 1482// 1483//
f 1446// 1483// 1447//
f 1447// 1483// 1475//
f 1447// 1475// 1434//
f 1477// 1443// 1442//
f 1477// 1442// 1484//
f 1484// 1442// 1436//
f 1484// 1436// 1478//
f 1478// 1436// 1437//
f 1478// 1437// 1479//
f 1479// 1437// 1439//
f 1479// 1439// 1480//
f 1480// 1439// 1438//
f 1480// 1438// 1485//
f 1485// 1438// 1435//
f 1485// 1435// 1474//
f 508// 1073// 509//
f 509// 1073// 1074//
f 509// 1074// 483//
f 483// 1074// 1072//
f 483// 1072// 484//
f 484// 1072// 1068//
f 484// 1068// 510//
f 510// 1068// 1066//
f 510// 1066// 474//
f 474// 1066// 1065//
f 474// 1065// 476//
f 476// 1065// 1082//
f 476// 1082// 480//
f 480// 1082// 1081//
f 480// 1081// 481//
f 481// 1081// 1079//
f 481// 1079// 482//
f 482// 1079// 1078//
f 482// 1078// 511//
f 511// 1078// 1030//
f 511// 1030// 512//
f 512// 1030// 1029//
f 512// 1029// 513//
f 513// 1029// 1039//
f 1306// 1268// 1212//
f 1212// 1268// 1213//
f 959// 958// 957//
f 957// 958// 956//
f 876// 875// 756//
f 756// 875// 758//
f 738// 739// 908//
f 908// 739// 909//
f 772// 771// 915//
f 915// 771// 914//
f 1488// 1489// 1490//
f 1490// 1489// 1491//
f 1490// 1491// 1492//
f 1492// 1491// 1493//
f 1492// 1493// 1494//
f 1495// 1496// 1497//
f 1497// 1496// 1498//
f 1497// 1498// 1499//
f 1499// 1498// 1500//
f 1501// 1502// 1488//
f 1488// 1502// 1503//
f 1488// 1503// 1504//
f 1505// 1506// 1489//
f 1489// 1506// 1507//
f 1489// 1507// 1508//
f 1508// 1507// 1509//
f 1504// 1510// 1488//
f 1488// 1510// 1511//
f 1488// 1511// 1489//
f 1489// 1511// 1512//
f 1489// 1512// 1505//
f 1513// 1500// 1514//
f 1514// 1500// 1515//
f 1514// 1515// 1516//
f 1517// 1518// 1496//
f 1496// 1518// 1519//
f 1496// 1519// 1493//
f 1493// 1519// 1520//
f 1493// 1520// 1494//
f 1521// 1522// 1499//
f 1499// 1522// 1523//
f 1499// 1523// 1524//
f 1524// 1523// 1525//
f 1513// 1526// 1500//
f 1500// 1526// 1527//
f 1500// 1527// 1499//
f 1499// 1527// 1528//
f 1499// 1528// 1521//
f 1495// 1529// 1496//
f 1496// 1529// 1530//
f 1496// 1530// 1517//
f 1517// 1530// 1531//
f 1517// 1531// 1532//
f 1533// 1534// 1535//
f 1532// 1536// 1517//
f 1517// 1536// 1537//
f 1517// 1537// 1538//
f 1538// 1537// 1533//
f 1538// 1533// 1539//
f 1539// 1533// 1535//
f 1540// 1541// 1542//
f 1542// 1541// 1543//
f 1542// 1543// 1544//
f 1544// 1543// 1545//
f 1546// 1547// 1540//
f 1548// 1549// 1541//
f 1550// 1551// 1552//
f 1552// 1551// 1553//
f 1552// 1553// 1554//
f 1554// 1553// 1555//
f 1554// 1555// 1556//
f 1557// 1558// 1559//
f 1540// 1547// 1541//
f 1541// 1547// 1560//
f 1541// 1560// 1548//
f 1561// 1562// 1555//
f 1555// 1562// 1563//
f 1549// 1564// 1541//
f 1541// 1564// 1565//
f 1541// 1565// 1566//
f 1546// 1540// 1559//
f 1559// 1540// 1567//
f 1559// 1567// 1557//
f 1550// 1568// 1569//
f 1569// 1568// 1570//
f 1569// 1570// 1571//
f 1572// 1573// 1551//
f 1551// 1573// 1574//
f 1551// 1574// 1575//
f 1575// 1574// 1576//
f 1545// 1577// 1544//
f 1544// 1577// 1578//
f 1544// 1578// 1555//
f 1555// 1578// 1579//
f 1555// 1579// 1561//
f 1569// 1580// 1550//
f 1550// 1580// 1581//
f 1550// 1581// 1551//
f 1551// 1581// 1582//
f 1551// 1582// 1572//
f 1583// 1584// 1585//
f 1586// 1563// 1587//
f 1587// 1563// 1583//
f 1587// 1583// 1588//
f 1588// 1583// 1585//
f 1586// 1589// 1563//
f 1563// 1589// 1590//
f 1563// 1590// 1555//
f 1555// 1590// 1591//
f 1555// 1591// 1556//
f 1585// 1584// 1592//
f 1585// 1592// 1593//
f 1593// 1592// 1594//
f 1593// 1594// 1595//
f 1595// 1594// 1596//
f 1595// 1596// 1597//
f 1597// 1596// 1598//
f 1597// 1598// 1599//
f 1599// 1598// 1600//
f 1599// 1600// 1601//
f 1601// 1600// 640//
f 1601// 640// 687//
f 835// 804// 1602//
f 1602// 804// 1603//
f 1602// 1603// 1604//
f 1604// 1603// 1605//
f 1604// 1605// 1606//
f 1606// 1605// 1607//
f 1606// 1607// 1608//
f 1608// 1607// 1609//
f 1608// 1609// 1610//
f 1610// 1609// 1611//
f 1610// 1611// 1534//
f 1534// 1611// 1535//
f 1533// 1588// 1534//
f 1534// 1588// 1585//
f 1534// 1585// 1610//
f 1610// 1585// 1593//
f 1610// 1593// 1608//
f 1608// 1593// 1595//
f 1608// 1595// 1606//
f 1606// 1595// 1597//
f 1606// 1597// 1604//
f 1604// 1597// 1599//
f 1604// 1599// 1602//
f 1602// 1599// 1601//
f 1602// 1601// 835//
f 835// 1601// 687//
f 835// 687// 834//
f 834// 687// 686//
f 855// 677// 804//
f 804// 677// 640//
f 804// 640// 1603//
f 1603// 640// 1600//
f 1603// 1600// 1605//
f 1605// 1600// 1598//
f 1605// 1598// 1607//
f 1607// 1598// 1596//
f 1607// 1596// 1609//
f 1609// 1596// 1594//
f 1609// 1594// 1611//
f 1611// 1594// 1592//
f 1611// 1592// 1535//
f 1535// 1592// 1584//
f 1535// 1584// 1539//
f 1539// 1584// 1583//
f 1577// 1545// 1494//
f 1494// 1545// 1492//
f 1550// 1552// 1499//
f 1499// 1552// 1497//
f 1495// 1497// 1554//
f 1554// 1497// 1552//
f 1529// 1495// 1556//
f 1556// 1495// 1554//
f 1490// 1492// 1543//
f 1543// 1492// 1545//
f 1488// 1490// 1541//
f 1541// 1490// 1543//
f 1560// 1547// 1511//
f 1511// 1547// 1512//
f 1540// 1542// 1489//
f 1489// 1542// 1491//
f 1493// 1491// 1544//
f 1544// 1491// 1542//
f 1496// 1493// 1555//
f 1555// 1493// 1544//
f 1498// 1496// 1553//
f 1553// 1496// 1555//
f 1500// 1498// 1551//
f 1551// 1498// 1553//
f 1582// 1581// 1527//
f 1527// 1581// 1528//
f 876// 756// 754//
f 876// 754// 878//
f 878// 754// 752//
f 878// 752// 912//
f 912// 752// 751//
f 912// 751// 913//
f 913// 751// 753//
f 913// 753// 911//
f 911// 753// 755//
f 911// 755// 879//
f 879// 755// 757//
f 879// 757// 877//
f 758// 875// 759//
f 759// 875// 810//
f 759// 810// 760//
f 760// 810// 811//
f 760// 811// 657//
f 657// 811// 812//
f 657// 812// 658//
f 658// 812// 853//
f 658// 853// 711//
f 711// 853// 852//
f 711// 852// 709//
f 709// 852// 850//
f 643// 848// 644//
f 644// 848// 846//
f 644// 846// 654//
f 654// 846// 845//
f 654// 845// 655//
f 655// 845// 844//
f 655// 844// 656//
f 656// 844// 843//
f 656// 843// 685//
f 685// 843// 833//
f 685// 833// 686//
f 686// 833// 834//
f 794// 765// 767//
f 794// 767// 807//
f 807// 767// 768//
f 807// 768// 808//
f 808// 768// 766//
f 808// 766// 809//
f 809// 766// 764//
f 809// 764// 916//
f 916// 764// 763//
f 916// 763// 917//
f 917// 763// 772//
f 917// 772// 915//
f 738// 908// 736//
f 736// 908// 906//
f 736// 906// 726//
f 726// 906// 905//
f 726// 905// 724//
f 724// 905// 904//
f 724// 904// 769//
f 769// 904// 903//
f 769// 903// 770//
f 770// 903// 902//
f 770// 902// 771//
f 771// 902// 914//
f 909// 739// 894//
f 894// 739// 720//
f 894// 720// 895//
f 895// 720// 733//
f 895// 733// 896//
f 896// 733// 732//
f 896// 732// 862//
f 862// 732// 730//
f 862// 730// 856//
f 856// 730// 729//
f 856// 729// 855//
f 855// 729// 677//
f 1539// 1583// 1538//
f 1538// 1583// 1563//
f 1538// 1563// 1517//
f 1517// 1563// 1562//
f 1517// 1562// 1518//
f 1518// 1562// 1561//
f 1518// 1561// 1519//
f 1519// 1561// 1579//
f 1519// 1579// 1520//
f 1520// 1579// 1578//
f 1520// 1578// 1494//
f 1494// 1578// 1577//
f 1588// 1533// 1587//
f 1587// 1533// 1537//
f 1587// 1537// 1586//
f 1586// 1537// 1536//
f 1586// 1536// 1589//
f 1589// 1536// 1532//
f 1589// 1532// 1590//
f 1590// 1532// 1531//
f 1590// 1531// 1591//
f 1591// 1531// 1530//
f 1591// 1530// 1556//
f 1556// 1530// 1529//
f 1488// 1541// 1566//
f 1488// 1566// 1501//
f 1501// 1566// 1565//
f 1501// 1565// 1502//
f 1502// 1565// 1564//
f 1502// 1564// 1503//
f 1503// 1564// 1549//
f 1503// 1549// 1504//
f 1504// 1549// 1548//
f 1504// 1548// 1510//
f 1510// 1548// 1560//
f 1510// 1560// 1511//
f 1512// 1547// 1546//
f 1512// 1546// 1505//
f 1505// 1546// 1559//
f 1505// 1559// 1506//
f 1506// 1559// 1558//
f 1506// 1558// 1507//
f 1507// 1558// 1557//
f 1507// 1557// 1509//
f 1509// 1557// 1567//
f 1509// 1567// 1508//
f 1508// 1567// 1540//
f 1508// 1540// 1489//
f 1500// 1551// 1575//
f 1500// 1575// 1515//
f 1515// 1575// 1576//
f 1515// 1576// 1516//
f 1516// 1576// 1574//
f 1516// 1574// 1514//
f 1514// 1574// 1573//
f 1514// 1573// 1513//
f 1513// 1573// 1572//
f 1513// 1572// 1526//
f 1526// 1572// 1582//
f 1526// 1582// 1527//
f 1528// 1581// 1580//
f 1528// 1580// 1521//
f 1521// 1580// 1569//
f 1521// 1569// 1522//
f 1522// 1569// 1571//
f 1522// 1571// 1523//
f 1523// 1571// 1570//
f 1523// 1570// 1525//
f 1525// 1570// 1568//
f 1525// 1568// 1524//
f 1524// 1568// 1550//
f 1524// 1550// 1499//
f 841// 842// 773//
f 773// 842// 774//
f 737// 735// 795//
f 795// 735// 796//
f 682// 650// 871//
f 871// 650// 857//
f 924// 922// 673//
f 673// 922// 674//
f 746// 747// 873//
f 873// 747// 874//
f 746// 873// 744//
f 744// 873// 872//
f 744// 872// 761//
f 761// 872// 828//
f 761// 828// 762//
f 762// 828// 827//
f 762// 827// 748//
f 748// 827// 826//
f 748// 826// 721//
f 721// 826// 893//
f 692// 898// 693//
f 693// 898// 815//
f 693// 815// 694//
f 694// 815// 814//
f 694// 814// 672//
f 672// 814// 925//
f 672// 925// 673//
f 673// 925// 924//
f 931// 630// 629//
f 838// 931// 837//
f 837// 931// 629//
f 837// 629// 836//
f 836// 629// 697//
f 836// 697// 864//
f 864// 697// 696//
f 864// 696// 865//
f 865// 696// 695//
f 865// 695// 867//
f 867// 695// 675//
f 867// 675// 922//
f 922// 675// 674//
f 926// 780// 779//
f 742// 926// 698//
f 698// 926// 779//
f 698// 779// 699//
f 699// 779// 801//
f 699// 801// 701//
f 701// 801// 800//
f 701// 800// 702//
f 702// 800// 798//
f 702// 798// 703//
f 703// 798// 797//
f 703// 797// 747//
f 747// 797// 874//
f 737// 795// 719//
f 719// 795// 907//
f 719// 907// 637//
f 637// 907// 863//
f 637// 863// 646//
f 646// 863// 861//
f 646// 861// 647//
f 647// 861// 860//
f 647// 860// 649//
f 649// 860// 859//
f 649// 859// 650//
f 650// 859// 857//
f 774// 842// 775//
f 775// 842// 910//
f 775// 910// 725//
f 725// 910// 789//
f 725// 789// 727//
f 727// 789// 788//
f 727// 788// 728//
f 728// 788// 786//
f 728// 786// 734//
f 734// 786// 785//
f 734// 785// 735//
f 735// 785// 796//
f 682// 871// 870//
f 682// 870// 683//
f 683// 870// 869//
f 683// 869// 684//
f 684// 869// 899//
f 684// 899// 691//
f 691// 899// 898//
f 691// 898// 692//
f 721// 893// 892//
f 721// 892// 722//
f 722// 892// 891//
f 722// 891// 723//
f 723// 891// 840//
f 723// 840// 749//
f 749// 840// 839//
f 749// 839// 750//
f 750// 839// 841//
f 750// 841// 773//
f 1612// 1613// 1614//
f 1615// 926// 742//
f 1615// 742// 1616//
f 1616// 742// 1614//
f 1614// 742// 1617//
f 1614// 1617// 1612//
f 741// 1618// 742//
f 742// 1618// 1619//
f 742// 1619// 1617//
f 1620// 1621// 630//
f 630// 931// 1622//
f 1623// 1620// 1624//
f 1624// 1620// 630//
f 1624// 630// 1625//
f 1625// 630// 1622//
f 1621// 1626// 630//
f 630// 1626// 1627//
f 630// 1627// 631//
f 741// 631// 1618//
f 1618// 631// 1627//
f 1618// 1627// 1619//
f 1619// 1627// 1626//
f 1619// 1626// 1617//
f 1617// 1626// 1621//
f 1617// 1621// 1612//
f 1612// 1621// 1620//
f 1612// 1620// 1613//
f 1613// 1620// 1623//
f 1614// 1613// 1624//
f 1624// 1613// 1623//
f 1614// 1624// 1625//
f 1614// 1625// 1616//
f 1616// 1625// 1622//
f 1616// 1622// 1615//
f 1615// 1622// 926//
f 926// 1622// 931//
f 926// 931// 927//
f 931// 930// 927//
f 927// 930// 929//
f 927// 929// 928//
f 928// 929// 830//
f 928// 830// 781//
f 851// 777// 712//
f 712// 777// 713//
f 717// 636// 923//
f 923// 636// 921//
f 886// 887// 689//
f 689// 887// 690//
f 716// 820// 664//
f 664// 820// 888//
f 664// 888// 665//
f 665// 888// 901//
f 665// 901// 666//
f 666// 901// 900//
f 666// 900// 688//
f 688// 900// 885//
f 688// 885// 689//
f 689// 885// 886//
f 717// 923// 718//
f 718// 923// 813//
f 718// 813// 731//
f 731// 813// 858//
f 731// 858// 676//
f 676// 858// 854//
f 676// 854// 704//
f 704// 854// 884//
f 1628// 783// 782//
f 633// 1628// 634//
f 634// 1628// 782//
f 634// 782// 651//
f 651// 782// 790//
f 651// 790// 652//
f 652// 790// 897//
f 652// 897// 653//
f 653// 897// 866//
f 653// 866// 635//
f 635// 866// 868//
f 635// 868// 636//
f 636// 868// 921//
f 1629// 627// 626//
f 816// 1629// 791//
f 791// 1629// 626//
f 791// 626// 792//
f 792// 626// 671//
f 792// 671// 817//
f 817// 671// 670//
f 817// 670// 818//
f 818// 670// 668//
f 818// 668// 819//
f 819// 668// 667//
f 819// 667// 887//
f 887// 667// 690//
f 638// 806// 639//
f 639// 806// 805//
f 639// 805// 641//
f 641// 805// 803//
f 641// 803// 642//
f 642// 803// 802//
f 642// 802// 645//
f 645// 802// 847//
f 645// 847// 710//
f 710// 847// 849//
f 710// 849// 712//
f 712// 849// 851//
f 713// 777// 659//
f 659// 777// 776//
f 659// 776// 660//
f 660// 776// 825//
f 660// 825// 662//
f 662// 825// 824//
f 662// 824// 663//
f 663// 824// 823//
f 663// 823// 743//
f 743// 823// 920//
f 743// 920// 681//
f 681// 920// 919//
f 704// 884// 883//
f 704// 883// 705//
f 705// 883// 882//
f 705// 882// 706//
f 706// 882// 881//
f 706// 881// 707//
f 707// 881// 880//
f 707// 880// 708//
f 680// 918// 890//
f 680// 890// 678//
f 678// 890// 889//
f 678// 889// 679//
f 679// 889// 822//
f 679// 822// 714//
f 714// 822// 821//
f 714// 821// 715//
f 715// 821// 820//
f 715// 820// 716//
f 832// 1630// 816//
f 816// 1630// 1631//
f 816// 1631// 1629//
f 1628// 1632// 783//
f 783// 1632// 1633//
f 783// 1633// 784//
f 1634// 628// 627//
f 1635// 1636// 1637//
f 1634// 627// 1638//
f 1629// 1639// 627//
f 627// 1639// 1640//
f 627// 1640// 1635//
f 1635// 1637// 627//
f 627// 1637// 1641//
f 627// 1641// 1638//
f 1642// 1643// 633//
f 633// 1643// 1644//
f 633// 1644// 1628//
f 633// 632// 1645//
f 1645// 1646// 633//
f 633// 1646// 1647//
f 633// 1647// 1642//
f 1642// 1647// 1648//
f 1642// 1648// 1649//
f 1636// 1649// 1637//
f 1637// 1649// 1648//
f 1637// 1648// 1641//
f 1641// 1648// 1647//
f 1641// 1647// 1638//
f 1638// 1647// 1646//
f 1638// 1646// 1634//
f 1634// 1646// 1645//
f 1634// 1645// 628//
f 628// 1645// 632//
f 832// 784// 1633//
f 832// 1633// 1630//
f 1630// 1633// 1632//
f 1630// 1632// 1631//
f 1631// 1632// 1629//
f 1629// 1632// 1628//
f 1629// 1628// 1639//
f 1628// 1644// 1639//
f 1639// 1644// 1643//
f 1639// 1643// 1640//
f 1640// 1643// 1642//
f 1640// 1642// 1635//
f 1636// 1635// 1649//
f 1649// 1635// 1642//
usemtl 4
f 1650// 1651// 571//
f 571// 1651// 554//
f 1651// 1652// 554//
f 554// 1652// 603//
f 1652// 1653// 603//
f 603// 1653// 609//
f 1653// 1654// 609//
f 609// 1654// 610//
f 1654// 1655// 610//
f 610// 1655// 611//
f 1655// 1656// 611//
f 611// 1656// 565//
f 1656// 1657// 565//
f 565// 1657// 548//
f 1657// 1650// 548//
f 548// 1650// 571//
f 1658// 1654// 1659//
f 1659// 1654// 1653//
f 1660// 1657// 1658//
f 1658// 1657// 1656//
f 1658// 1656// 1654//
f 1654// 1656// 1655//
f 1660// 1661// 1657//
f 1657// 1661// 1662//
f 1657// 1662// 1650//
f 1650// 1662// 1663//
f 1650// 1663// 1664//
f 1664// 1665// 1650//
f 1650// 1665// 1659//
f 1650// 1659// 1651//
f 1651// 1659// 1653//
f 1651// 1653// 1652//
f 1658// 1659// 1666//
f 1666// 1659// 1667//
f 1660// 1658// 1668//
f 1668// 1658// 1666//
f 1660// 1668// 1669//
f 1660// 1669// 1661//
f 1661// 1669// 1670//
f 1661// 1670// 1662//
f 1663// 1662// 1671//
f 1671// 1662// 1670//
f 1663// 1671// 1672//
f 1663// 1672// 1664//
f 1664// 1672// 1673//
f 1664// 1673// 1665//
f 1659// 1665// 1667//
f 1667// 1665// 1673//
f 1674// 1675// 613//
f 613// 1675// 557//
f 1675// 1676// 557//
f 557// 1676// 558//
f 1676// 1677// 558//
f 558// 1677// 559//
f 1678// 607// 606//
f 1678// 606// 1679//
f 1679// 606// 583//
f 1679// 583// 1680//
f 1680// 583// 582//
f 1680// 582// 1681//
f 1681// 582// 581//
f 1681// 581// 1682//
f 1682// 581// 562//
f 1682// 562// 1683//
f 1683// 562// 561//
f 1683// 561// 1684//
f 1684// 561// 560//
f 1684// 560// 1685//
f 1685// 560// 559//
f 1685// 559// 1677//
f 1674// 613// 612//
f 1674// 612// 1686//
f 1686// 612// 567//
f 1686// 567// 1687//
f 1687// 567// 566//
f 1687// 566// 1688//
f 1688// 566// 564//
f 1688// 564// 1689//
f 1689// 564// 563//
f 1689// 563// 1690//
f 1690// 563// 608//
f 1690// 608// 1691//
f 1691// 608// 607//
f 1691// 607// 1678//
f 1691// 1678// 1692//
f 1692// 1678// 1679//
f 1692// 1679// 1693//
f 1693// 1679// 1680//
f 1693// 1680// 1694//
f 1694// 1680// 1681//
f 1694// 1681// 1695//
f 1695// 1681// 1682//
f 1695// 1682// 1696//
f 1696// 1682// 1683//
f 1696// 1683// 1697//
f 1697// 1683// 1684//
f 1697// 1684// 1698//
f 1698// 1684// 1685//
f 1698// 1685// 1699//
f 1699// 1685// 1677//
f 1699// 1677// 1700//
f 1700// 1677// 1676//
f 1700// 1676// 1701//
f 1701// 1676// 1675//
f 1701// 1675// 1702//
f 1702// 1675// 1674//
f 1702// 1674// 1703//
f 1703// 1674// 1686//
f 1703// 1686// 1704//
f 1704// 1686// 1687//
f 1704// 1687// 1705//
f 1705// 1687// 1688//
f 1705// 1688// 1706//
f 1706// 1688// 1689//
f 1706// 1689// 1707//
f 1707// 1689// 1690//
f 1707// 1690// 1708//
f 1708// 1690// 1691//
f 1708// 1691// 1692//
f 1699// 1700// 1709//
f 1709// 1700// 1710//
f 1699// 1709// 1711//
f 1699// 1711// 1698//
f 1698// 1711// 1712//
f 1698// 1712// 1697//
f 1697// 1712// 1713//
f 1697// 1713// 1696//
f 1696// 1713// 1714//
f 1696// 1714// 1695//
f 1695// 1714// 1715//
f 1695// 1715// 1694//
f 1694// 1715// 1716//
f 1694// 1716// 1693//
f 1693// 1716// 1717//
f 1693// 1717// 1692//
f 1692// 1717// 1718//
f 1692// 1718// 1708//
f 1708// 1718// 1719//
f 1708// 1719// 1707//
f 1707// 1719// 1720//
f 1707// 1720// 1706//
f 1706// 1720// 1721//
f 1706// 1721// 1705//
f 1705// 1721// 1722//
f 1705// 1722// 1704//
f 1704// 1722// 1723//
f 1704// 1723// 1703//
f 1703// 1723// 1724//
f 1703// 1724// 1702//
f 1701// 1702// 1725//
f 1725// 1702// 1724//
f 1700// 1701// 1710//
f 1710// 1701// 1725//
f 1726// 1727// 616//
f 616// 1727// 579//
f 1727// 1728// 579//
f 579// 1728// 578//
f 1728// 1729// 578//
f 578// 1729// 577//
f 1729// 1730// 577//
f 577// 1730// 576//
f 1730// 1731// 576//
f 576// 1731// 549//
f 1731// 1732// 549//
f 549// 1732// 550//
f 1732// 1733// 550//
f 550// 1733// 551//
f 1733// 1734// 551//
f 551// 1734// 555//
f 1734// 1735// 555//
f 555// 1735// 556//
f 1735// 1736// 556//
f 556// 1736// 618//
f 1736// 1737// 618//
f 618// 1737// 617//
f 1737// 1726// 617//
f 617// 1726// 616//
f 1728// 1727// 1726//
f 1726// 1737// 1728//
f 1728// 1737// 1736//
f 1728// 1736// 1729//
f 1731// 1730// 1732//
f 1732// 1730// 1729//
f 1732// 1729// 1733//
f 1733// 1729// 1736//
f 1733// 1736// 1734//
f 1734// 1736// 1735//
f 1738// 1739// 471//
f 471// 1739// 469//
f 469// 1739// 1740//
f 1741// 622// 621//
f 1741// 621// 1742//
f 1742// 621// 620//
f 1742// 620// 1740//
f 1740// 620// 619//
f 1740// 619// 469//
f 1743// 529// 525//
f 1743// 525// 1744//
f 1744// 525// 524//
f 1744// 524// 1745//
f 1745// 524// 523//
f 1745// 523// 1746//
f 1746// 523// 522//
f 1746// 522// 1747//
f 1747// 522// 517//
f 1747// 517// 1748//
f 1748// 517// 516//
f 1748// 516// 1749//
f 1749// 516// 1741//
f 1741// 516// 514//
f 1741// 514// 622//
f 1750// 532// 521//
f 1750// 521// 1751//
f 1751// 521// 520//
f 1751// 520// 1752//
f 1752// 520// 519//
f 1752// 519// 1753//
f 1753// 519// 518//
f 1753// 518// 1754//
f 1754// 518// 531//
f 1754// 531// 1755//
f 1755// 531// 530//
f 1755// 530// 1756//
f 1756// 530// 529//
f 1756// 529// 1743//
f 1757// 489// 533//
f 1757// 533// 1758//
f 1758// 533// 532//
f 1758// 532// 1750//
f 1757// 1759// 489//
f 489// 1759// 488//
f 1760// 485// 487//
f 1760// 487// 1761//
f 1761// 487// 488//
f 1761// 488// 1759//
f 1762// 496// 495//
f 1762// 495// 1763//
f 1763// 495// 494//
f 1763// 494// 1764//
f 1764// 494// 493//
f 1764// 493// 1765//
f 1765// 493// 492//
f 1765// 492// 1766//
f 1766// 492// 491//
f 1766// 491// 1767//
f 1767// 491// 490//
f 1767// 490// 1768//
f 1768// 490// 485//
f 1768// 485// 1760//
f 1769// 499// 501//
f 1769// 501// 1770//
f 1770// 501// 502//
f 1770// 502// 1771//
f 1771// 502// 500//
f 1771// 500// 1772//
f 1772// 500// 503//
f 1772// 503// 1773//
f 1773// 503// 498//
f 1773// 498// 1774//
f 1774// 498// 497//
f 1774// 497// 1775//
f 1775// 497// 496//
f 1775// 496// 1762//
f 1738// 471// 486//
f 1738// 486// 1776//
f 1776// 486// 504//
f 1776// 504// 1777//
f 1777// 504// 499//
f 1777// 499// 1769//
f 1770// 1741// 1769//
f 1769// 1741// 1742//
f 1769// 1742// 1777//
f 1777// 1742// 1740//
f 1777// 1740// 1776//
f 1776// 1740// 1739//
f 1776// 1739// 1738//
f 1759// 1757// 1761//
f 1761// 1757// 1758//
f 1761// 1758// 1760//
f 1760// 1758// 1750//
f 1760// 1750// 1768//
f 1768// 1750// 1751//
f 1768// 1751// 1767//
f 1767// 1751// 1752//
f 1767// 1752// 1766//
f 1766// 1752// 1753//
f 1766// 1753// 1765//
f 1765// 1753// 1754//
f 1765// 1754// 1764//
f 1764// 1754// 1755//
f 1764// 1755// 1763//
f 1763// 1755// 1756//
f 1763// 1756// 1762//
f 1762// 1756// 1743//
f 1762// 1743// 1775//
f 1775// 1743// 1744//
f 1775// 1744// 1774//
f 1774// 1744// 1745//
f 1774// 1745// 1773//
f 1773// 1745// 1746//
f 1773// 1746// 1772//
f 1772// 1746// 1747//
f 1772// 1747// 1771//
f 1771// 1747// 1748//
f 1771// 1748// 1770//
f 1770// 1748// 1749//
f 1770// 1749// 1741//
f 1778// 1779// 478//
f 478// 1779// 515//
f 1779// 1780// 515//
f 515// 1780// 475//
f 1780// 1781// 475//
f 475// 1781// 473//
f 1781// 1782// 473//
f 473// 1782// 479//
f 1782// 1783// 479//
f 479// 1783// 477//
f 1783// 1778// 477//
f 477// 1778// 478//
f 1782// 1781// 1783//
f 1783// 1781// 1780//
f 1783// 1780// 1778//
f 1778// 1780// 1779//
usemtl 3
f 1666// 1667// 1668//
f 1668// 1667// 1673//
f 1668// 1673// 1669//
f 1669// 1673// 1672//
f 1669// 1672// 1670//
f 1670// 1672// 1671//
f 1710// 1725// 1709//
f 1709// 1725// 1724//
f 1718// 1717// 1709//
f 1717// 1716// 1709//
f 1709// 1716// 1715//
f 1709// 1715// 1711//
f 1724// 1723// 1709//
f 1709// 1723// 1722//
f 1709// 1722// 1721//
f 1714// 1713// 1715//
f 1715// 1713// 1712//
f 1715// 1712// 1711//
f 1721// 1720// 1709//
f 1709// 1720// 1719//
f 1709// 1719// 1718//
