v -0.130244 1.0 0.603921
v -0.1216 1.0 0.603157
v -0.136036 1.0 0.603157
newmtl 1
Ka 0.8509803921568627 0.8509803921568627 0.8509803921568627
Kd 0.8509803921568627 0.8509803921568627 0.8509803921568627
Ks 0.4235294117647059 0.4235294117647059 0.4235294117647059
d 0.0
endmtl
v -0.112414 1.0 0.675336
v -0.113701 1.0 0.675484
v -0.088737 1.0 0.675484
v -0.136036 1.0 0.674549
v -0.136036 1.0 0.675484
v -0.132886 1.0 0.675484
v -0.30442 1.0 0.674033
v -0.330841 1.0 0.603157
v -0.353487 1.0 0.603157
v 0.021495 1.0 0.594795
v 0.0168 1.0 0.582804
v -0.015662 1.0 0.582804
v 0.218237 1.0 0.560866
v 0.156192 1.0 0.560866
v 0.153501 1.0 0.562248
v -0.015662 1.0 0.675484
v 0.089912 1.0 0.669611
v 0.087493 1.0 0.667295
v 0.071644 1.0 0.64753
v 0.062867 1.0 0.629437
v 0.060357 1.0 0.628573
v 0.137712 1.0 0.694077
v 0.116774 1.0 0.686532
v -0.015662 1.0 0.686532
v 0.112378 1.0 0.684948
v 0.098514 1.0 0.675484
v 0.158553 1.0 0.696416
v -0.015662 1.0 0.79
v 0.18372 1.0 0.693483
v 0.7 1.0 0.79
v 0.202072 1.0 0.686532
v 0.7 1.0 0.686532
v 0.207113 1.0 0.684623
v 0.7 1.0 0.675484
v 0.221348 1.0 0.675484
v 0.219423 1.0 0.677109
v 0.311853 1.0 0.632215
v 0.307514 1.0 0.636207
v 0.291183 1.0 0.647174
v 0.27231 1.0 0.654039
v 0.253481 1.0 0.656094
v 0.231388 1.0 0.667009
v 0.247663 1.0 0.655737
v 0.241848 1.0 0.655
v 0.7 1.0 0.603157
v 0.7 1.0 0.582804
v 0.335354 1.0 0.582804
v 0.332014 1.0 0.599555
v 0.330331 1.0 0.603157
v 0.32359 1.0 0.617581
v 0.7 1.0 0.560866
v 0.334688 1.0 0.562248
v 0.7 1.0 0.562248
v 0.336048 1.0 0.57469
v 0.335795 1.0 0.580593
v 0.114545 1.0 0.522154
v 0.111062 1.0 0.5235
v 0.104915 1.0 0.552301
v -0.015662 1.0 0.562248
v 0.013496 1.0 0.560866
v -0.015662 1.0 0.560866
v 0.015692 1.0 0.544716
v 0.300657 1.0 0.506591
v 0.315184 1.0 0.519377
v 0.7 1.0 0.39
v 0.117673 1.0 0.519971
v 0.022168 1.0 0.528742
v 0.032301 1.0 0.51484
v -0.015662 1.0 0.39
v 0.107141 1.0 0.523974
v 0.106648 1.0 0.523935
v 0.105133 1.0 0.523588
v 0.327162 1.0 0.537005
v 0.334 1.0 0.555958
v 0.334537 1.0 0.560866
v 0.179411 1.0 0.492604
v 0.185468 1.0 0.481359
v 0.252578 1.0 0.467038
v 0.262422 1.0 0.474573
v 0.26988 1.0 0.483917
v 0.193339 1.0 0.472653
v 0.20347 1.0 0.465713
v 0.214789 1.0 0.461461
v 0.055071 1.0 0.535815
v 0.049449 1.0 0.54367
v 0.045899 1.0 0.552666
v 0.109844 1.0 0.560866
v 0.046165 1.0 0.503274
v 0.061661 1.0 0.49583
v 0.078516 1.0 0.492393
v 0.122941 1.0 0.508397
v 0.122799 1.0 0.510382
v 0.176033 1.0 0.515353
v 0.121759 1.0 0.514227
v 0.11979 1.0 0.517668
v 0.227036 1.0 0.460043
v 0.229003 1.0 0.460094
v 0.240938 1.0 0.462046
v 0.274869 1.0 0.494798
v 0.282603 1.0 0.497242
v 0.108375 1.0 0.492604
v 0.111223 1.0 0.493084
v 0.114561 1.0 0.494426
v 0.117827 1.0 0.496783
v 0.118995 1.0 0.497988
v 0.121178 1.0 0.501183
v 0.122487 1.0 0.504624
v 0.176374 1.0 0.50508
v 0.176068 1.0 0.510292
v 0.104108 1.0 0.523447
v 0.081334 1.0 0.523285
v 0.072271 1.0 0.524951
v 0.063308 1.0 0.529017
v 0.055776 1.0 0.535068
v 0.044829 1.0 0.560866
v 0.044649 1.0 0.562248
v 0.110639 1.0 0.562248
v 0.044616 1.0 0.562501
v 0.302059 1.0 0.562248
v 0.303616 1.0 0.567725
v 0.120414 1.0 0.579234
v 0.304158 1.0 0.575477
v 0.303203 1.0 0.582804
v 0.044828 1.0 0.566895
v 0.047126 1.0 0.576635
v 0.050386 1.0 0.582804
v 0.207952 1.0 0.558232
v 0.197256 1.0 0.552397
v 0.18848 1.0 0.54429
v 0.2496 1.0 0.556175
v 0.23839 1.0 0.560367
v 0.301666 1.0 0.560866
v 0.234079 1.0 0.560866
v 0.226314 1.0 0.561766
v 0.220145 1.0 0.561355
v 0.300086 1.0 0.555307
v 0.26844 1.0 0.539559
v 0.260002 1.0 0.549063
v 0.294101 1.0 0.544946
v 0.285091 1.0 0.535562
v 0.274123 1.0 0.528702
v 0.087859 1.0 0.602284
v 0.298154 1.0 0.598959
v 0.302566 1.0 0.587701
v 0.083811 1.0 0.602256
v 0.051761 1.0 0.585406
v 0.057585 1.0 0.592007
v 0.065397 1.0 0.597542
v 0.074206 1.0 0.601003
v 0.098521 1.0 0.632715
v 0.109829 1.0 0.646442
v 0.226422 1.0 0.617944
v 0.111155 1.0 0.647668
v 0.125306 1.0 0.657632
v 0.218596 1.0 0.633869
v 0.29519 1.0 0.603157
v 0.230082 1.0 0.619976
v 0.088044 1.0 0.603157
v 0.09084 1.0 0.616348
v 0.241403 1.0 0.624189
v 0.25319 1.0 0.625726
v 0.258407 1.0 0.625494
v 0.207156 1.0 0.647354
v 0.141134 1.0 0.663821
v 0.19346 1.0 0.657213
v 0.158262 1.0 0.666047
v 0.176874 1.0 0.663789
v 0.270924 1.0 0.622635
v 0.282254 1.0 0.616738
v 0.291071 1.0 0.608991
v 0.015426 1.0 0.579293
v 0.013235 1.0 0.562785
v 0.013308 1.0 0.562248
v 0.045353 1.0 0.620984
v 0.031715 1.0 0.609271
v -0.015662 1.0 0.603157
v 0.027398 1.0 0.603157
v -0.3496 1.0 0.513243
v -0.346044 1.0 0.505905
v -0.353487 1.0 0.39
v -0.340704 1.0 0.499638
v -0.333654 1.0 0.556562
v -0.353487 1.0 0.560866
v -0.325086 1.0 0.559761
v -0.315686 1.0 0.560866
v -0.333269 1.0 0.49438
v -0.325141 1.0 0.491261
v -0.286722 1.0 0.39
v -0.341071 1.0 0.551422
v -0.343541 1.0 0.548974
v -0.347909 1.0 0.542744
v -0.350501 1.0 0.535944
v -0.351627 1.0 0.526091
v -0.351382 1.0 0.521566
v -0.312994 1.0 0.489863
v -0.293416 1.0 0.490002
v -0.286722 1.0 0.560866
v -0.293919 1.0 0.560866
v -0.286722 1.0 0.562248
v -0.293921 1.0 0.561182
v -0.314227 1.0 0.561038
v -0.353487 1.0 0.562248
v -0.278852 1.0 0.560866
v -0.278797 1.0 0.553101
v -0.276558 1.0 0.522183
v -0.276616 1.0 0.530335
v -0.265149 1.0 0.530416
v -0.265149 1.0 0.39
v -0.27997 1.0 0.490097
v -0.280027 1.0 0.498212
v -0.265149 1.0 0.498318
v -0.265149 1.0 0.522264
v -0.251103 1.0 0.522364
v -0.250933 1.0 0.498419
v -0.265149 1.0 0.553198
v -0.251322 1.0 0.553296
v -0.251161 1.0 0.530515
v -0.278855 1.0 0.561289
v -0.265149 1.0 0.562248
v -0.198384 1.0 0.562248
v -0.242192 1.0 0.561549
v -0.265149 1.0 0.561386
v -0.198384 1.0 0.527501
v -0.206623 1.0 0.503246
v -0.209043 1.0 0.503156
v -0.207685 1.0 0.499053
v -0.207922 1.0 0.499051
v -0.208343 1.0 0.50079
v -0.198384 1.0 0.560866
v -0.223197 1.0 0.54134
v -0.242187 1.0 0.560866
v -0.23244 1.0 0.541274
v -0.241687 1.0 0.490369
v -0.208954 1.0 0.482922
v -0.204858 1.0 0.475085
v -0.201568 1.0 0.471192
v -0.200961 1.0 0.470643
v -0.198384 1.0 0.468869
v -0.144318 1.0 0.492842
v -0.144384 1.0 0.502049
v -0.136036 1.0 0.560866
v -0.136036 1.0 0.39
v -0.148834 1.0 0.39
v -0.148834 1.0 0.49122
v -0.148327 1.0 0.499624
v -0.148834 1.0 0.499442
v -0.148834 1.0 0.518387
v -0.147096 1.0 0.520117
v -0.145951 1.0 0.521973
v -0.144985 1.0 0.524701
v -0.144623 1.0 0.528177
v -0.144994 1.0 0.531348
v -0.148543 1.0 0.518581
v -0.150572 1.0 0.490596
v -0.175814 1.0 0.513072
v -0.177458 1.0 0.51061
v -0.176493 1.0 0.531918
v -0.150414 1.0 0.538981
v -0.152617 1.0 0.540313
v -0.148834 1.0 0.560866
v -0.146072 1.0 0.534212
v -0.147742 1.0 0.53661
v -0.148834 1.0 0.537579
v -0.157409 1.0 0.542121
v -0.164525 1.0 0.542921
v -0.181195 1.0 0.560866
v -0.170776 1.0 0.542321
v -0.176555 1.0 0.540579
v -0.178738 1.0 0.504644
v -0.17829 1.0 0.501071
v -0.181195 1.0 0.39
v -0.177177 1.0 0.498253
v -0.1755 1.0 0.495912
v -0.166148 1.0 0.49066
v -0.158089 1.0 0.489761
v -0.172929 1.0 0.493695
v -0.17085 1.0 0.492436
v -0.163601 1.0 0.535685
v -0.16096 1.0 0.535506
v -0.153818 1.0 0.528913
v -0.158571 1.0 0.534892
v -0.156564 1.0 0.533843
v -0.153891 1.0 0.527726
v -0.154234 1.0 0.526339
v -0.154868 1.0 0.525131
v -0.155731 1.0 0.524168
v -0.15886 1.0 0.522181
v -0.168895 1.0 0.535108
v -0.164361 1.0 0.51974
v -0.173966 1.0 0.53335
v -0.167803 1.0 0.518319
v -0.173701 1.0 0.514983
v -0.15521 1.0 0.532663
v -0.154438 1.0 0.531534
v -0.153989 1.0 0.530334
v -0.153928 1.0 0.497608
v -0.15802 1.0 0.513307
v -0.152723 1.0 0.515781
v -0.159014 1.0 0.497033
v -0.159408 1.0 0.497032
v -0.163857 1.0 0.510814
v -0.163982 1.0 0.497512
v -0.16958 1.0 0.503836
v -0.1695 1.0 0.504945
v -0.166288 1.0 0.498338
v -0.167105 1.0 0.498825
v -0.168134 1.0 0.499726
v -0.168921 1.0 0.500871
v -0.169383 1.0 0.502136
v -0.169105 1.0 0.506341
v -0.168424 1.0 0.507527
v -0.167321 1.0 0.508692
v -0.353487 1.0 0.675484
v -0.286722 1.0 0.675484
v -0.294594 1.0 0.674103
v -0.265149 1.0 0.603157
v -0.266995 1.0 0.603157
v -0.286722 1.0 0.653866
v -0.266979 1.0 0.603115
v -0.265149 1.0 0.582804
v -0.277132 1.0 0.603043
v -0.286722 1.0 0.582804
v -0.277172 1.0 0.603157
v -0.286722 1.0 0.603157
v -0.286722 1.0 0.622445
v -0.284111 1.0 0.622463
v -0.313751 1.0 0.622253
v -0.320719 1.0 0.603157
v -0.320873 1.0 0.602733
v -0.331026 1.0 0.602661
v -0.353487 1.0 0.582804
v -0.181195 1.0 0.643937
v -0.188278 1.0 0.643887
v -0.190459 1.0 0.666653
v -0.181195 1.0 0.675484
v -0.190517 1.0 0.674841
v -0.198384 1.0 0.675484
v -0.198384 1.0 0.603157
v -0.18822 1.0 0.635735
v -0.181195 1.0 0.635785
v -0.162765 1.0 0.635916
v -0.181195 1.0 0.611839
v -0.162595 1.0 0.611971
v -0.181195 1.0 0.666719
v -0.162984 1.0 0.666848
v -0.162823 1.0 0.644067
v -0.153349 1.0 0.603921
v -0.148834 1.0 0.603157
v -0.181195 1.0 0.603157
v -0.148834 1.0 0.675484
v -0.153854 1.0 0.675101
v -0.181195 1.0 0.674907
v -0.191689 1.0 0.611764
v -0.191632 1.0 0.603649
v -0.181195 1.0 0.603723
v -0.055053 1.0 0.675802
v -0.055051 1.0 0.675484
v -0.084485 1.0 0.675484
v -0.054606 1.0 0.612737
v -0.082954 1.0 0.612536
v -0.082897 1.0 0.604421
v -0.084485 1.0 0.603157
v -0.04536 1.0 0.604687
v -0.084485 1.0 0.686532
v -0.045865 1.0 0.675867
v -0.045862 1.0 0.675484
v -0.139595 1.0 0.673492
v -0.139527 1.0 0.663885
v -0.12411 1.0 0.61124
v -0.132169 1.0 0.612684
v -0.136036 1.0 0.665368
v -0.136036 1.0 0.614388
v -0.138737 1.0 0.664318
v -0.139185 1.0 0.615776
v -0.12278 1.0 0.668225
v -0.095698 1.0 0.639121
v -0.131536 1.0 0.667116
v -0.118952 1.0 0.668035
v -0.112894 1.0 0.666679
v -0.107381 1.0 0.663899
v -0.095835 1.0 0.635336
v -0.097102 1.0 0.628466
v -0.099524 1.0 0.622862
v -0.103328 1.0 0.660466
v -0.099391 1.0 0.655064
v -0.096955 1.0 0.648946
v -0.102541 1.0 0.618765
v -0.103942 1.0 0.617361
v -0.108572 1.0 0.614043
v -0.113632 1.0 0.61205
v -0.120774 1.0 0.611139
v -0.122791 1.0 0.676522
v -0.132099 1.0 0.675718
v -0.136036 1.0 0.686532
v -0.088737 1.0 0.6536
v -0.091319 1.0 0.659522
v -0.096527 1.0 0.666227
v -0.098268 1.0 0.667867
v -0.10496 1.0 0.672495
v -0.087882 1.0 0.651639
v -0.086202 1.0 0.642357
v -0.086051 1.0 0.638644
v -0.095002 1.0 0.612851
v -0.090242 1.0 0.619553
v -0.088737 1.0 0.603157
v -0.088737 1.0 0.623473
v -0.087387 1.0 0.626989
v -0.11509 1.0 0.603194
v -0.107388 1.0 0.604838
v -0.100693 1.0 0.608054
v -0.119388 1.0 0.602961
v -0.136036 1.0 0.582804
v -0.115789 1.0 0.603157
v -0.088737 1.0 0.582804
v -0.139123 1.0 0.60697
v -0.137904 1.0 0.606373
v -0.136036 1.0 0.605775
v -0.07943 1.0 0.523581
v -0.053975 1.0 0.523762
v -0.053805 1.0 0.499817
v -0.044559 1.0 0.491767
v -0.084485 1.0 0.560866
v -0.081714 1.0 0.560866
v -0.081669 1.0 0.554499
v -0.054194 1.0 0.554694
v -0.054033 1.0 0.531913
v -0.079488 1.0 0.531733
v -0.082899 1.0 0.49961
v -0.082842 1.0 0.491495
v -0.084485 1.0 0.39
v -0.081727 1.0 0.562687
v -0.081724 1.0 0.562248
v -0.084485 1.0 0.562248
v -0.084485 1.0 0.582804
v -0.045064 1.0 0.562947
v -0.045059 1.0 0.562248
v -0.045049 1.0 0.560866
v -0.184953 1.0 0.467553
v -0.185009 1.0 0.475486
v -0.193612 1.0 0.54155
v -0.18364 1.0 0.541621
v -0.178392 1.0 0.507975
v -0.265149 1.0 0.490202
v -0.198384 1.0 0.39
v -0.197831 1.0 0.468489
v -0.198384 1.0 0.503321
v -0.195748 1.0 0.476449
v -0.197422 1.0 0.47827
v -0.194304 1.0 0.467173
v -0.190698 1.0 0.466784
v -0.18873 1.0 0.466869
v -0.186829 1.0 0.474875
v -0.19006 1.0 0.474431
v -0.192415 1.0 0.474707
v -0.19435 1.0 0.475476
v -0.198384 1.0 0.479992
v -0.199245 1.0 0.481535
v -0.203223 1.0 0.490751
v -0.7 1.0 0.560866
v -0.559682 1.0 0.560866
v -0.7 1.0 0.39
v -0.559682 1.0 0.39
v -0.36547 1.0 0.489491
v -0.355317 1.0 0.489563
v -0.382932 1.0 0.560551
v -0.392758 1.0 0.560481
v -0.419364 1.0 0.489109
v -0.409211 1.0 0.489181
v -0.402089 1.0 0.508701
v -0.372449 1.0 0.508911
v -0.559682 1.0 0.562248
v -0.7 1.0 0.562248
v -0.559682 1.0 0.582804
v -0.559682 1.0 0.603157
v -0.7 1.0 0.582804
v -0.7 1.0 0.603157
v -0.559682 1.0 0.675484
v -0.7 1.0 0.675484
v -0.263044 1.0 0.635118
v -0.261262 1.0 0.626795
v -0.259571 1.0 0.656296
v -0.262163 1.0 0.649496
v -0.265149 1.0 0.675484
v -0.263289 1.0 0.639643
v -0.257706 1.0 0.619457
v -0.252366 1.0 0.61319
v -0.244931 1.0 0.607932
v -0.225889 1.0 0.67459
v -0.236748 1.0 0.673313
v -0.245316 1.0 0.670114
v -0.236803 1.0 0.604813
v -0.224656 1.0 0.603415
v -0.205078 1.0 0.603554
v -0.205583 1.0 0.674734
v -0.252733 1.0 0.664974
v -0.255203 1.0 0.662526
v -0.148834 1.0 0.582804
v -0.181195 1.0 0.582804
v -0.198384 1.0 0.582804
v -0.148834 1.0 0.686532
v -0.181195 1.0 0.686532
v -0.198384 1.0 0.686532
v -0.265149 1.0 0.686532
v -0.286722 1.0 0.686532
v -0.353487 1.0 0.686532
v -0.559682 1.0 0.686532
v -0.7 1.0 0.686532
v -0.093003 1.0 0.512428
v -0.094859 1.0 0.515313
v -0.096617 1.0 0.53001
v -0.123308 1.0 0.491208
v -0.088737 1.0 0.39
v -0.132224 1.0 0.491145
v -0.116361 1.0 0.5357
v -0.113327 1.0 0.536042
v -0.108457 1.0 0.521519
v -0.131637 1.0 0.531359
v -0.132456 1.0 0.52386
v -0.114215 1.0 0.543278
v -0.10515 1.0 0.54224
v -0.088737 1.0 0.560866
v -0.098506 1.0 0.539713
v -0.096678 1.0 0.538671
v -0.097479 1.0 0.517705
v -0.101071 1.0 0.519657
v -0.102797 1.0 0.533834
v -0.108394 1.0 0.535603
v -0.091975 1.0 0.500614
v -0.091472 1.0 0.505045
v -0.09875 1.0 0.49209
v -0.095762 1.0 0.494206
v -0.091905 1.0 0.509166
v -0.120379 1.0 0.542576
v -0.123938 1.0 0.541307
v -0.126758 1.0 0.539497
v -0.094978 1.0 0.494993
v -0.093096 1.0 0.497668
v -0.123537 1.0 0.523523
v -0.123259 1.0 0.527445
v -0.122362 1.0 0.530636
v -0.121329 1.0 0.532482
v -0.128332 1.0 0.537957
v -0.130198 1.0 0.535191
v -0.112208 1.0 0.490623
v -0.107488 1.0 0.49012
v -0.102159 1.0 0.490777
v -0.119993 1.0 0.533928
v -0.11842 1.0 0.534961
v -0.123364 1.0 0.499069
v -0.123127 1.0 0.49907
v -0.121491 1.0 0.496664
v -0.118625 1.0 0.493739
v -0.115812 1.0 0.491926
v -0.088737 1.0 0.562248
v -0.136036 1.0 0.562248
v -0.148834 1.0 0.562248
v -0.181195 1.0 0.562248
v -0.088737 1.0 0.686532
v -0.122748 1.0 0.676522
v -0.084485 1.0 0.79
v -0.088737 1.0 0.79
v -0.136036 1.0 0.79
v -0.148834 1.0 0.79
v -0.181195 1.0 0.79
v -0.198384 1.0 0.79
v -0.265149 1.0 0.79
v -0.286722 1.0 0.79
v -0.353487 1.0 0.79
v -0.559682 1.0 0.79
v -0.7 1.0 0.79
v -1.2125 -1.25 0.01
v -1.25 -1.25 0.01
v -1.25 -1.1875 0.01
newmtl 2
Ka 0.0 0.4666666666666667 0.1843137254901961
Kd 0.0 0.4666666666666667 0.1843137254901961
Ks 0.0 0.23137254901960785 0.09411764705882353
d 0.0
endmtl
v -0.825 0.825 0.01
v -0.825 0.846457 0.01
v -0.214067 0.846457 0.01
v 0.825 0.846457 0.01
v 0.825 0.825 0.01
v 0.714067 0.65 0.01
v 1.25 0.65 0.01
v 1.175 0.825 0.01
v 1.25 0.846457 0.01
v 1.175 0.846457 0.01
v 1.25 1.25 0.01
v 1.175 1.125 0.01
v 0.714067 1.25 0.01
v 0.825 1.125 0.01
v 0.714067 0.846457 0.01
v -0.214067 1.25 0.01
v -0.825 1.125 0.01
v -1.2125 1.25 0.01
v -1.175 1.125 0.01
v -1.2125 0.846457 0.01
v -0.214067 -1.25 0.01
v -0.214067 -1.1875 0.01
v 0.714067 -1.25 0.01
v 0.714067 -1.1875 0.01
v 1.25 -1.25 0.01
v 1.25 -1.1875 0.01
v 0.714067 -0.65 0.01
v 1.25 -0.65 0.01
v 1.175 -0.825 0.01
v 1.175 -1.125 0.01
v 0.825 -1.125 0.01
v 0.825 -0.825 0.01
v -0.214067 -0.65 0.01
v -1.2125 -1.1875 0.01
v -1.175 -1.125 0.01
v -0.825 -1.125 0.01
v -1.175 -0.825 0.01
v -1.2125 -0.65 0.01
v -0.825 -0.825 0.01
v 0.714067 0.0 0.01
v 1.25 0.0 0.01
v 1.175 -0.175 0.01
v 1.175 -0.475 0.01
v 0.825 -0.475 0.01
v 0.825 -0.175 0.01
v -0.825 -0.475 0.01
v -0.825 -0.175 0.01
v -0.214067 0.0 0.01
v -1.2125 0.0 0.01
v -1.175 -0.175 0.01
v -1.175 -0.475 0.01
v 1.175 0.475 0.01
v 1.175 0.175 0.01
v 0.825 0.175 0.01
v 0.825 0.475 0.01
v -0.825 0.175 0.01
v -0.825 0.475 0.01
v -0.214067 0.65 0.01
v -1.2125 0.65 0.01
v -1.175 0.475 0.01
v -1.175 0.175 0.01
v -1.175 0.846457 0.01
v -1.175 0.825 0.01
v 0.572927 0.89812 0.01
v 0.589317 0.91948 0.01
v 0.551567 0.88173 0.01
v 0.40038 0.944354 0.01
v 0.410683 0.91948 0.01
v 0.427073 0.89812 0.01
v 0.448433 0.88173 0.01
v 0.473307 0.871427 0.01
v 0.5 0.867913 0.01
v 0.526693 0.871427 0.01
v 0.448433 1.060364 0.01
v 0.427073 1.043974 0.01
v 0.59962 0.944354 0.01
v 0.603134 0.971047 0.01
v 0.59962 0.997741 0.01
v 0.589317 1.022614 0.01
v 0.572927 1.043974 0.01
v 0.551567 1.060364 0.01
v 0.526693 1.070668 0.01
v 0.5 1.074182 0.01
v 0.473307 1.070668 0.01
v 0.410683 1.022614 0.01
v 0.40038 0.997741 0.01
v 0.396866 0.971047 0.01
v -1.25 -0.65 0.01
v -1.25 0.0 0.01
v -1.25 0.65 0.01
v -1.25 0.846457 0.01
v -1.25 1.25 0.01
v -0.758737 1.14615 0.24
v -0.7 1.15 0.24
v -0.95 1.15 0.24
v -0.816469 1.134667 0.24
v -1.018198 1.018198 0.24
v -0.973943 1.057009 0.24
v -1.036777 1.130194 0.24
v -1.15 0.7 0.24
v -1.14615 0.758737 0.24
v -1.15 0.95 0.24
v -1.134667 0.816469 0.24
v -0.994504 1.144986 0.24
v -0.925 1.089711 0.24
v -0.872208 1.115746 0.24
v -1.115746 0.872208 0.24
v -1.089711 0.925 0.24
v -1.144986 0.994504 0.24
v -1.057009 0.973943 0.24
v -1.074698 1.106366 0.24
v -1.106366 1.074698 0.24
v -1.130194 1.036777 0.24
v 1.14615 0.758737 0.24
v 1.15 0.7 0.24
v 1.15 0.95 0.24
v 1.134667 0.816469 0.24
v 0.816469 1.134667 0.24
v 0.95 1.15 0.24
v 0.758737 1.14615 0.24
v 0.7 1.15 0.24
v 0.872208 1.115746 0.24
v 0.925 1.089711 0.24
v 1.001764 1.143185 0.24
v 0.973943 1.057009 0.24
v 1.05 1.123205 0.24
v 1.091421 1.091421 0.24
v 1.018198 1.018198 0.24
v 1.123205 1.05 0.24
v 1.057009 0.973943 0.24
v 1.143185 1.001764 0.24
v 1.089711 0.925 0.24
v 1.115746 0.872208 0.24
v 0.758737 -1.14615 0.24
v 0.7 -1.15 0.24
v 0.95 -1.15 0.24
v 0.816469 -1.134667 0.24
v 1.15 -0.7 0.24
v 1.14615 -0.758737 0.24
v 1.15 -0.95 0.24
v 1.134667 -0.816469 0.24
v 1.057009 -0.973943 0.24
v 1.018198 -1.018198 0.24
v 1.091421 -1.091421 0.24
v 1.05 -1.123205 0.24
v 0.973943 -1.057009 0.24
v 1.001764 -1.143185 0.24
v 0.925 -1.089711 0.24
v 0.872208 -1.115746 0.24
v 1.115746 -0.872208 0.24
v 1.089711 -0.925 0.24
v 1.143185 -1.001764 0.24
v 1.123205 -1.05 0.24
v 1.25 1.25 0.14
v 1.25 -1.25 0.14
v -1.25 1.25 0.14
v -1.25 -1.25 0.14
v 1.15 0.95 0.14
v 1.15 -0.95 0.14
v 1.143185 -1.001764 0.14
v 1.123205 -1.05 0.14
v 1.091421 -1.091421 0.14
v 1.05 -1.123205 0.14
v 1.091421 1.091421 0.14
v 1.05 1.123205 0.14
v 1.001764 1.143185 0.14
v 1.123205 1.05 0.14
v 1.143185 1.001764 0.14
v -1.001764 -1.143185 0.14
v -1.05 -1.123205 0.14
v -1.091421 -1.091421 0.14
v -1.123205 -1.05 0.14
v 1.001764 -1.143185 0.14
v 0.95 -1.15 0.14
v -0.95 -1.15 0.14
v -1.144986 0.994504 0.14
v -1.130194 1.036777 0.14
v -1.106366 1.074698 0.14
v -1.074698 1.106366 0.14
v -1.036777 1.130194 0.14
v -1.143185 -1.001764 0.14
v -1.15 -0.95 0.14
v -1.15 0.95 0.14
v -0.994504 1.144986 0.14
v -0.95 1.15 0.14
v 0.95 1.15 0.14
v -1.15 -0.95 0.24
v -1.143185 -1.001764 0.24
v -1.123205 -1.05 0.24
v -1.091421 -1.091421 0.24
v -1.05 -1.123205 0.24
v -1.001764 -1.143185 0.24
v -0.95 -1.15 0.24
v -0.7 -1.15 0.24
v -1.15 -0.7 0.24
v -0.816469 -1.134667 0.24
v -0.758737 -1.14615 0.24
v -0.872208 -1.115746 0.24
v -0.925 -1.089711 0.24
v -0.973943 -1.057009 0.24
v -1.14615 -0.758737 0.24
v -1.134667 -0.816469 0.24
v -1.018198 -1.018198 0.24
v -1.057009 -0.973943 0.24
v -1.089711 -0.925 0.24
v -1.115746 -0.872208 0.24
v -1.0 -0.7 0.79
v -1.0 -0.7 0.39
v -0.996307 -0.74693 0.79
v -0.997433 -0.739158 0.39
v -0.991598 -0.766545 0.79
v -0.991964 -0.766654 0.39
v -0.985317 -0.792705 0.79
v -0.989778 -0.777646 0.39
v -0.977164 -0.814805 0.39
v -0.969872 -0.829992 0.79
v -0.969726 -0.829887 0.39
v -0.967302 -0.836197 0.79
v -0.959808 -0.85 0.39
v -0.942705 -0.876336 0.79
v -0.938006 -0.882628 0.39
v -0.933975 -0.886557 0.79
v -0.934313 -0.88684 0.39
v -0.912132 -0.912132 0.79
v -0.912132 -0.912132 0.39
v -0.886557 -0.933975 0.79
v -0.88684 -0.934313 0.39
v -0.876336 -0.942705 0.79
v -0.882628 -0.938006 0.39
v -0.85 -0.959808 0.39
v -0.836197 -0.967302 0.79
v -0.829887 -0.969726 0.39
v -0.829992 -0.969872 0.79
v -0.814805 -0.977164 0.39
v -0.792705 -0.985317 0.79
v -0.777646 -0.989778 0.39
v -0.766545 -0.991598 0.79
v -0.766654 -0.991964 0.39
v -0.74693 -0.996307 0.79
v -0.739158 -0.997433 0.39
v -0.7 -1.0 0.79
v -0.7 -1.0 0.39
v 0.7 -1.0 0.39
v 0.7 -1.0 0.79
v 0.74693 -0.996307 0.79
v 0.739158 -0.997433 0.39
v 0.766545 -0.991598 0.79
v 0.766654 -0.991964 0.39
v 0.792705 -0.985317 0.79
v 0.777646 -0.989778 0.39
v 0.814805 -0.977164 0.39
v 0.829992 -0.969872 0.79
v 0.829887 -0.969726 0.39
v 0.836197 -0.967302 0.79
v 0.85 -0.959808 0.39
v 0.876336 -0.942705 0.79
v 0.882628 -0.938006 0.39
v 0.886557 -0.933975 0.79
v 0.88684 -0.934313 0.39
v 0.912132 -0.912132 0.79
v 0.912132 -0.912132 0.39
v 0.933975 -0.886557 0.79
v 0.934313 -0.88684 0.39
v 0.942705 -0.876336 0.79
v 0.938006 -0.882628 0.39
v 0.959808 -0.85 0.39
v 0.967302 -0.836197 0.79
v 0.969726 -0.829887 0.39
v 0.969872 -0.829992 0.79
v 0.977164 -0.814805 0.39
v 0.985317 -0.792705 0.79
v 0.989778 -0.777646 0.39
v 0.991598 -0.766545 0.79
v 0.991964 -0.766654 0.39
v 0.996307 -0.74693 0.79
v 0.997433 -0.739158 0.39
v 1.0 -0.7 0.79
v 1.0 -0.7 0.39
v 1.0 0.7 0.39
v 1.0 0.7 0.79
v 0.996307 0.74693 0.79
v 0.997433 0.739158 0.39
v 0.991598 0.766545 0.79
v 0.991964 0.766654 0.39
v 0.985317 0.792705 0.79
v 0.989778 0.777646 0.39
v 0.977164 0.814805 0.39
v 0.969872 0.829992 0.79
v 0.969726 0.829887 0.39
v 0.967302 0.836197 0.79
v 0.959808 0.85 0.39
v 0.942705 0.876336 0.79
v 0.938006 0.882628 0.39
v 0.933975 0.886557 0.79
v 0.934313 0.88684 0.39
v 0.912132 0.912132 0.79
v 0.912132 0.912132 0.39
v 0.886557 0.933975 0.79
v 0.88684 0.934313 0.39
v 0.876336 0.942705 0.79
v 0.882628 0.938006 0.39
v 0.85 0.959808 0.39
v 0.836197 0.967302 0.79
v 0.829887 0.969726 0.39
v 0.829992 0.969872 0.79
v 0.814805 0.977164 0.39
v 0.792705 0.985317 0.79
v 0.777646 0.989778 0.39
v 0.766545 0.991598 0.79
v 0.766654 0.991964 0.39
v 0.74693 0.996307 0.79
v 0.739158 0.997433 0.39
v -0.74693 0.996307 0.79
v -0.739158 0.997433 0.39
v -0.766545 0.991598 0.79
v -0.766654 0.991964 0.39
v -0.792705 0.985317 0.79
v -0.777646 0.989778 0.39
v -0.814805 0.977164 0.39
v -0.829992 0.969872 0.79
v -0.829887 0.969726 0.39
v -0.836197 0.967302 0.79
v -0.85 0.959808 0.39
v -0.876336 0.942705 0.79
v -0.882628 0.938006 0.39
v -0.886557 0.933975 0.79
v -0.88684 0.934313 0.39
v -0.912132 0.912132 0.79
v -0.912132 0.912132 0.39
v -0.933975 0.886557 0.79
v -0.934313 0.88684 0.39
v -0.942705 0.876336 0.79
v -0.938006 0.882628 0.39
v -0.959808 0.85 0.39
v -0.967302 0.836197 0.79
v -0.969726 0.829887 0.39
v -0.969872 0.829992 0.79
v -0.977164 0.814805 0.39
v -0.985317 0.792705 0.79
v -0.989778 0.777646 0.39
v -0.991598 0.766545 0.79
v -0.991964 0.766654 0.39
v -0.996307 0.74693 0.79
v -0.997433 0.739158 0.39
v -1.0 0.7 0.79
v -1.0 0.7 0.39
v 0.848153 -0.723465 0.94
v 0.85 -0.7 0.94
v 0.162 -0.625 0.94
v 0.746353 -0.842658 0.94
v 0.768099 -0.833651 0.94
v 0.156889 -0.663823 0.94
v 0.806066 -0.806066 0.94
v 0.821353 -0.788168 0.94
v 0.141904 -0.7 0.94
v 0.118066 -0.731066 0.94
v 0.7 -0.85 0.94
v 0.087 -0.754904 0.94
v 0.833651 -0.768099 0.94
v 0.842658 -0.746353 0.94
v 0.050823 -0.769889 0.94
v 0.012 -0.775 0.94
v -0.7 -0.85 0.94
v -0.026823 -0.769889 0.94
v -0.063 -0.754904 0.94
v -0.094066 -0.731066 0.94
v -0.117904 -0.7 0.94
v -0.723465 -0.848153 0.94
v -0.132889 -0.663823 0.94
v -0.746353 -0.842658 0.94
v -0.848153 -0.723465 0.94
v -0.138 -0.625 0.94
v -0.85 -0.7 0.94
v -0.132889 -0.586177 0.94
v -0.85 0.7 0.94
v -0.842658 -0.746353 0.94
v -0.833651 -0.768099 0.94
v -0.821353 -0.788168 0.94
v 0.087 -0.495096 0.94
v 0.118066 -0.518934 0.94
v 0.85 0.7 0.94
v 0.141904 -0.55 0.94
v 0.156889 -0.586177 0.94
v 0.788168 -0.821353 0.94
v 0.723465 -0.848153 0.94
v -0.806066 -0.806066 0.94
v -0.788168 -0.821353 0.94
v -0.768099 -0.833651 0.94
v -0.063 -0.495096 0.94
v -0.821353 0.788168 0.94
v -0.833651 0.768099 0.94
v 0.7 0.85 0.94
v -0.7 0.85 0.94
v -0.026823 -0.480111 0.94
v -0.723465 0.848153 0.94
v -0.788168 0.821353 0.94
v -0.806066 0.806066 0.94
v 0.848153 0.723465 0.94
v 0.842658 0.746353 0.94
v 0.833651 0.768099 0.94
v -0.746353 0.842658 0.94
v -0.768099 0.833651 0.94
v 0.768099 0.833651 0.94
v 0.746353 0.842658 0.94
v 0.050823 -0.480111 0.94
v -0.117904 -0.55 0.94
v -0.094066 -0.518934 0.94
v -0.848153 0.723465 0.94
v -0.842658 0.746353 0.94
v 0.821353 0.788168 0.94
v 0.806066 0.806066 0.94
v 0.788168 0.821353 0.94
v 0.012 -0.475 0.94
v 0.723465 0.848153 0.94
v 0.7 -1.11135 0.245605
v 0.7 -1.116622 0.243761
v 0.75438 -1.113058 0.243761
v 1.11135 -0.7 0.245605
v 1.084917 -0.7 0.254855
v 1.081624 -0.750242 0.254855
v 0.7 -1.075446 0.260806
v 0.7 -1.084917 0.254855
v 0.750242 -1.081624 0.254855
v 1.075446 -0.7 0.260806
v 1.056476 -0.7 0.272725
v 1.053427 -0.74653 0.272725
v 0.7 -1.044601 0.284601
v 0.7 -1.056476 0.272725
v 0.74653 -1.053427 0.272725
v 1.044601 -0.7 0.284601
v 1.032725 -0.7 0.296477
v 1.029879 -0.743429 0.296477
v 0.7 -1.020806 0.315446
v 0.7 -1.032725 0.296477
v 0.743429 -1.029879 0.296477
v 1.020806 -0.7 0.315446
v 1.014855 -0.7 0.324917
v 1.012161 -0.741097 0.324917
v 0.7 -1.005605 0.35135
v 0.7 -1.014855 0.324917
v 0.741097 -1.012161 0.324917
v 1.005605 -0.7 0.35135
v 1.003761 -0.7 0.356622
v 1.001162 -0.739649 0.356622
v 0.99341 -0.778619 0.356622
v 0.980638 -0.816244 0.356622
v 0.963065 -0.85188 0.356622
v 0.94099 -0.884918 0.356622
v 0.914791 -0.914791 0.356622
v 0.884918 -0.94099 0.356622
v 0.85188 -0.963065 0.356622
v 0.816244 -0.980638 0.356622
v 0.778619 -0.99341 0.356622
v 0.7 -1.003761 0.356622
v 0.739649 -1.001162 0.356622
v 0.78149 -1.004126 0.324917
v 0.82049 -0.990888 0.324917
v 0.857427 -0.972672 0.324917
v 0.891671 -0.949791 0.324917
v 0.922636 -0.922636 0.324917
v 0.949791 -0.891671 0.324917
v 0.972672 -0.857427 0.324917
v 0.990888 -0.82049 0.324917
v 1.004126 -0.78149 0.324917
v 0.786116 -1.021388 0.296477
v 0.827329 -1.007398 0.296477
v 0.866363 -0.988149 0.296477
v 0.90255 -0.963969 0.296477
v 0.935272 -0.935272 0.296477
v 0.963969 -0.90255 0.296477
v 0.988149 -0.866363 0.296477
v 1.007398 -0.827329 0.296477
v 1.021388 -0.786116 0.296477
v 0.792263 -1.04433 0.272725
v 0.836418 -1.029341 0.272725
v 0.878238 -1.008718 0.272725
v 0.917009 -0.982812 0.272725
v 0.952067 -0.952067 0.272725
v 0.982812 -0.917009 0.272725
v 1.008718 -0.878238 0.272725
v 1.029341 -0.836418 0.272725
v 1.04433 -0.792263 0.272725
v 0.799624 -1.071802 0.254855
v 0.847301 -1.055617 0.254855
v 0.892459 -1.033348 0.254855
v 0.934323 -1.005376 0.254855
v 0.972178 -0.972178 0.254855
v 1.005376 -0.934323 0.254855
v 1.033348 -0.892459 0.254855
v 1.055617 -0.847301 0.254855
v 1.071802 -0.799624 0.254855
v 0.80783 -1.102426 0.243761
v 0.859434 -1.084908 0.243761
v 0.908311 -1.060805 0.243761
v 0.953623 -1.030528 0.243761
v 0.994596 -0.994596 0.243761
v 1.030528 -0.953623 0.243761
v 1.060805 -0.908311 0.243761
v 1.084908 -0.859434 0.243761
v 1.102426 -0.80783 0.243761
v 1.113058 -0.75438 0.243761
v 1.116622 -0.7 0.243761
v 1.003761 0.7 0.356622
v 1.005605 0.7 0.35135
v 1.014855 0.7 0.324917
v 1.020806 0.7 0.315446
v 1.032725 0.7 0.296477
v 1.044601 0.7 0.284601
v 1.056476 0.7 0.272725
v 1.075446 0.7 0.260806
v 1.084917 0.7 0.254855
v 1.11135 0.7 0.245605
v 1.116622 0.7 0.243761
v -0.7 -1.116622 0.243761
v -0.7 -1.11135 0.245605
v -0.7 -1.084917 0.254855
v -0.7 -1.075446 0.260806
v -0.7 -1.056476 0.272725
v -0.7 -1.044601 0.284601
v -0.7 -1.032725 0.296477
v -0.7 -1.020806 0.315446
v -0.7 -1.014855 0.324917
v -0.7 -1.005605 0.35135
v -0.7 -1.003761 0.356622
v 1.113058 0.75438 0.243761
v 0.7 1.11135 0.245605
v 0.7 1.084917 0.254855
v 0.750242 1.081624 0.254855
v 1.081624 0.750242 0.254855
v 0.7 1.075446 0.260806
v 0.7 1.056476 0.272725
v 0.74653 1.053427 0.272725
v 1.053427 0.74653 0.272725
v 0.7 1.044601 0.284601
v 0.7 1.032725 0.296477
v 0.743429 1.029879 0.296477
v 1.029879 0.743429 0.296477
v 0.7 1.020806 0.315446
v 0.7 1.014855 0.324917
v 0.741097 1.012161 0.324917
v 1.012161 0.741097 0.324917
v 0.7 1.005605 0.35135
v 0.7 1.003761 0.356622
v 0.739649 1.001162 0.356622
v 0.778619 0.99341 0.356622
v 0.816244 0.980638 0.356622
v 0.85188 0.963065 0.356622
v 0.884918 0.94099 0.356622
v 0.914791 0.914791 0.356622
v 0.94099 0.884918 0.356622
v 0.963065 0.85188 0.356622
v 0.980638 0.816244 0.356622
v 0.99341 0.778619 0.356622
v 1.001162 0.739649 0.356622
v 1.004126 0.78149 0.324917
v 0.990888 0.82049 0.324917
v 0.972672 0.857427 0.324917
v 0.949791 0.891671 0.324917
v 0.922636 0.922636 0.324917
v 0.891671 0.949791 0.324917
v 0.857427 0.972672 0.324917
v 0.82049 0.990888 0.324917
v 0.78149 1.004126 0.324917
v 1.021388 0.786116 0.296477
v 1.007398 0.827329 0.296477
v 0.988149 0.866363 0.296477
v 0.963969 0.90255 0.296477
v 0.935272 0.935272 0.296477
v 0.90255 0.963969 0.296477
v 0.866363 0.988149 0.296477
v 0.827329 1.007398 0.296477
v 0.786116 1.021388 0.296477
v 1.04433 0.792263 0.272725
v 1.029341 0.836418 0.272725
v 1.008718 0.878238 0.272725
v 0.982812 0.917009 0.272725
v 0.952067 0.952067 0.272725
v 0.917009 0.982812 0.272725
v 0.878238 1.008718 0.272725
v 0.836418 1.029341 0.272725
v 0.792263 1.04433 0.272725
v 1.071802 0.799624 0.254855
v 1.055617 0.847301 0.254855
v 1.033348 0.892459 0.254855
v 1.005376 0.934323 0.254855
v 0.972178 0.972178 0.254855
v 0.934323 1.005376 0.254855
v 0.892459 1.033348 0.254855
v 0.847301 1.055617 0.254855
v 0.799624 1.071802 0.254855
v 1.102426 0.80783 0.243761
v 1.084908 0.859434 0.243761
v 1.060805 0.908311 0.243761
v 1.030528 0.953623 0.243761
v 0.994596 0.994596 0.243761
v 0.953623 1.030528 0.243761
v 0.908311 1.060805 0.243761
v 0.859434 1.084908 0.243761
v 0.80783 1.102426 0.243761
v 0.75438 1.113058 0.243761
v 0.7 1.116622 0.243761
v -1.11135 -0.7 0.245605
v -1.116622 -0.7 0.243761
v -1.113058 -0.75438 0.243761
v -0.750242 -1.081624 0.254855
v -1.075446 -0.7 0.260806
v -1.084917 -0.7 0.254855
v -1.081624 -0.750242 0.254855
v -0.74653 -1.053427 0.272725
v -1.044601 -0.7 0.284601
v -1.056476 -0.7 0.272725
v -1.053427 -0.74653 0.272725
v -0.743429 -1.029879 0.296477
v -1.020806 -0.7 0.315446
v -1.032725 -0.7 0.296477
v -1.029879 -0.743429 0.296477
v -0.741097 -1.012161 0.324917
v -1.005605 -0.7 0.35135
v -1.014855 -0.7 0.324917
v -1.012161 -0.741097 0.324917
v -0.739649 -1.001162 0.356622
v -0.778619 -0.99341 0.356622
v -0.816244 -0.980638 0.356622
v -0.85188 -0.963065 0.356622
v -0.884918 -0.94099 0.356622
v -0.914791 -0.914791 0.356622
v -0.94099 -0.884918 0.356622
v -0.963065 -0.85188 0.356622
v -0.980638 -0.816244 0.356622
v -0.99341 -0.778619 0.356622
v -1.003761 -0.7 0.356622
v -1.001162 -0.739649 0.356622
v -1.004126 -0.78149 0.324917
v -0.990888 -0.82049 0.324917
v -0.972672 -0.857427 0.324917
v -0.949791 -0.891671 0.324917
v -0.922636 -0.922636 0.324917
v -0.891671 -0.949791 0.324917
v -0.857427 -0.972672 0.324917
v -0.82049 -0.990888 0.324917
v -0.78149 -1.004126 0.324917
v -1.021388 -0.786116 0.296477
v -1.007398 -0.827329 0.296477
v -0.988149 -0.866363 0.296477
v -0.963969 -0.90255 0.296477
v -0.935272 -0.935272 0.296477
v -0.90255 -0.963969 0.296477
v -0.866363 -0.988149 0.296477
v -0.827329 -1.007398 0.296477
v -0.786116 -1.021388 0.296477
v -1.04433 -0.792263 0.272725
v -1.029341 -0.836418 0.272725
v -1.008718 -0.878238 0.272725
v -0.982812 -0.917009 0.272725
v -0.952067 -0.952067 0.272725
v -0.917009 -0.982812 0.272725
v -0.878238 -1.008718 0.272725
v -0.836418 -1.029341 0.272725
v -0.792263 -1.04433 0.272725
v -1.071802 -0.799624 0.254855
v -1.055617 -0.847301 0.254855
v -1.033348 -0.892459 0.254855
v -1.005376 -0.934323 0.254855
v -0.972178 -0.972178 0.254855
v -0.934323 -1.005376 0.254855
v -0.892459 -1.033348 0.254855
v -0.847301 -1.055617 0.254855
v -0.799624 -1.071802 0.254855
v -1.102426 -0.80783 0.243761
v -1.084908 -0.859434 0.243761
v -1.060805 -0.908311 0.243761
v -1.030528 -0.953623 0.243761
v -0.994596 -0.994596 0.243761
v -0.953623 -1.030528 0.243761
v -0.908311 -1.060805 0.243761
v -0.859434 -1.084908 0.243761
v -0.80783 -1.102426 0.243761
v -0.75438 -1.113058 0.243761
v -0.7 1.003761 0.356622
v -0.7 1.005605 0.35135
v -0.7 1.014855 0.324917
v -0.7 1.020806 0.315446
v -0.7 1.032725 0.296477
v -0.7 1.044601 0.284601
v -0.7 1.056476 0.272725
v -0.7 1.075446 0.260806
v -0.7 1.084917 0.254855
v -0.7 1.11135 0.245605
v -0.7 1.116622 0.243761
v -1.116622 0.7 0.243761
v -1.11135 0.7 0.245605
v -1.084917 0.7 0.254855
v -1.075446 0.7 0.260806
v -1.056476 0.7 0.272725
v -1.044601 0.7 0.284601
v -1.032725 0.7 0.296477
v -1.020806 0.7 0.315446
v -1.014855 0.7 0.324917
v -1.005605 0.7 0.35135
v -1.003761 0.7 0.356622
v -0.75438 1.113058 0.243761
v -1.081624 0.750242 0.254855
v -0.750242 1.081624 0.254855
v -1.053427 0.74653 0.272725
v -0.74653 1.053427 0.272725
v -1.029879 0.743429 0.296477
v -0.743429 1.029879 0.296477
v -1.012161 0.741097 0.324917
v -0.741097 1.012161 0.324917
v -1.001162 0.739649 0.356622
v -0.99341 0.778619 0.356622
v -0.980638 0.816244 0.356622
v -0.963065 0.85188 0.356622
v -0.94099 0.884918 0.356622
v -0.914791 0.914791 0.356622
v -0.884918 0.94099 0.356622
v -0.85188 0.963065 0.356622
v -0.816244 0.980638 0.356622
v -0.778619 0.99341 0.356622
v -0.739649 1.001162 0.356622
v -0.78149 1.004126 0.324917
v -0.82049 0.990888 0.324917
v -0.857427 0.972672 0.324917
v -0.891671 0.949791 0.324917
v -0.922636 0.922636 0.324917
v -0.949791 0.891671 0.324917
v -0.972672 0.857427 0.324917
v -0.990888 0.82049 0.324917
v -1.004126 0.78149 0.324917
v -0.786116 1.021388 0.296477
v -0.827329 1.007398 0.296477
v -0.866363 0.988149 0.296477
v -0.90255 0.963969 0.296477
v -0.935272 0.935272 0.296477
v -0.963969 0.90255 0.296477
v -0.988149 0.866363 0.296477
v -1.007398 0.827329 0.296477
v -1.021388 0.786116 0.296477
v -0.792263 1.04433 0.272725
v -0.836418 1.029341 0.272725
v -0.878238 1.008718 0.272725
v -0.917009 0.982812 0.272725
v -0.952067 0.952067 0.272725
v -0.982812 0.917009 0.272725
v -1.008718 0.878238 0.272725
v -1.029341 0.836418 0.272725
v -1.04433 0.792263 0.272725
v -0.799624 1.071802 0.254855
v -0.847301 1.055617 0.254855
v -0.892459 1.033348 0.254855
v -0.934323 1.005376 0.254855
v -0.972178 0.972178 0.254855
v -1.005376 0.934323 0.254855
v -1.033348 0.892459 0.254855
v -1.055617 0.847301 0.254855
v -1.071802 0.799624 0.254855
v -0.80783 1.102426 0.243761
v -0.859434 1.084908 0.243761
v -0.908311 1.060805 0.243761
v -0.953623 1.030528 0.243761
v -0.994596 0.994596 0.243761
v -1.030528 0.953623 0.243761
v -1.060805 0.908311 0.243761
v -1.084908 0.859434 0.243761
v -1.102426 0.80783 0.243761
v -1.113058 0.75438 0.243761
v 0.883378 0.7 0.936239
v 0.883378 -0.7 0.936239
v 0.88865 0.7 0.934395
v 0.88865 -0.7 0.934395
v 0.915083 0.7 0.925145
v 0.915083 -0.7 0.925145
v 0.924554 0.7 0.919194
v 0.924554 -0.7 0.919194
v 0.943523 0.7 0.907275
v 0.943523 -0.7 0.907275
v 0.955399 0.7 0.895399
v 0.955399 -0.7 0.895399
v 0.967275 0.7 0.883523
v 0.967275 -0.7 0.883523
v 0.979194 0.7 0.864554
v 0.979194 -0.7 0.864554
v 0.985145 0.7 0.855083
v 0.985145 -0.7 0.855083
v 0.994395 0.7 0.82865
v 0.994395 -0.7 0.82865
v 0.996239 0.7 0.823378
v 0.996239 -0.7 0.823378
v 0.992592 0.746342 0.823378
v 0.98174 0.791543 0.823378
v 0.963951 0.83449 0.823378
v 0.939663 0.874125 0.823378
v 0.909473 0.909473 0.823378
v 0.874125 0.939663 0.823378
v 0.83449 0.963951 0.823378
v 0.791543 0.98174 0.823378
v 0.746342 0.992592 0.823378
v 0.981635 0.744607 0.855083
v 0.7 0.996239 0.823378
v 0.7 0.994395 0.82865
v 0.744607 0.981635 0.855083
v 0.788115 0.971189 0.855083
v 0.829453 0.954066 0.855083
v 0.867604 0.930687 0.855083
v 0.901628 0.901628 0.855083
v 0.930687 0.867604 0.855083
v 0.954066 0.829453 0.855083
v 0.971189 0.788115 0.855083
v 0.963984 0.741811 0.883523
v 0.954193 0.782592 0.883523
v 0.938144 0.82134 0.883523
v 0.91623 0.8571 0.883523
v 0.888992 0.888992 0.883523
v 0.8571 0.91623 0.883523
v 0.82134 0.938144 0.883523
v 0.782592 0.954193 0.883523
v 0.741811 0.963984 0.883523
v 0.940525 0.738096 0.907275
v 0.7 0.985145 0.855083
v 0.7 0.979194 0.864554
v 0.7 0.967275 0.883523
v 0.7 0.955399 0.895399
v 0.738096 0.940525 0.907275
v 0.775253 0.931605 0.907275
v 0.810557 0.916981 0.907275
v 0.843139 0.897015 0.907275
v 0.872197 0.872197 0.907275
v 0.897015 0.843139 0.907275
v 0.916981 0.810557 0.907275
v 0.931605 0.775253 0.907275
v 0.912435 0.733646 0.925145
v 0.904556 0.766464 0.925145
v 0.89164 0.797645 0.925145
v 0.874005 0.826422 0.925145
v 0.852086 0.852086 0.925145
v 0.826422 0.874005 0.925145
v 0.797645 0.89164 0.925145
v 0.766464 0.904556 0.925145
v 0.733646 0.912435 0.925145
v 0.88112 0.728687 0.936239
v 0.7 0.943523 0.907275
v 0.7 0.924554 0.919194
v 0.7 0.915083 0.925145
v 0.7 0.88865 0.934395
v 0.874403 0.756667 0.936239
v 0.863391 0.783252 0.936239
v 0.848356 0.807787 0.936239
v 0.829668 0.829668 0.936239
v 0.807787 0.848356 0.936239
v 0.783252 0.863391 0.936239
v 0.756667 0.874403 0.936239
v 0.728687 0.88112 0.936239
v 0.7 0.883378 0.936239
v 0.7 -0.996239 0.823378
v 0.746342 -0.992592 0.823378
v 0.791543 -0.98174 0.823378
v 0.83449 -0.963951 0.823378
v 0.874125 -0.939663 0.823378
v 0.909473 -0.909473 0.823378
v 0.939663 -0.874125 0.823378
v 0.963951 -0.83449 0.823378
v 0.98174 -0.791543 0.823378
v 0.992592 -0.746342 0.823378
v 0.7 -0.979194 0.864554
v 0.7 -0.985145 0.855083
v 0.744607 -0.981635 0.855083
v 0.7 -0.994395 0.82865
v 0.981635 -0.744607 0.855083
v 0.971189 -0.788115 0.855083
v 0.954066 -0.829453 0.855083
v 0.930687 -0.867604 0.855083
v 0.901628 -0.901628 0.855083
v 0.867604 -0.930687 0.855083
v 0.829453 -0.954066 0.855083
v 0.788115 -0.971189 0.855083
v 0.741811 -0.963984 0.883523
v 0.7 -0.967275 0.883523
v 0.782592 -0.954193 0.883523
v 0.82134 -0.938144 0.883523
v 0.8571 -0.91623 0.883523
v 0.888992 -0.888992 0.883523
v 0.91623 -0.8571 0.883523
v 0.938144 -0.82134 0.883523
v 0.954193 -0.782592 0.883523
v 0.963984 -0.741811 0.883523
v 0.7 -0.924554 0.919194
v 0.7 -0.943523 0.907275
v 0.738096 -0.940525 0.907275
v 0.7 -0.955399 0.895399
v 0.940525 -0.738096 0.907275
v 0.931605 -0.775253 0.907275
v 0.916981 -0.810557 0.907275
v 0.897015 -0.843139 0.907275
v 0.872197 -0.872197 0.907275
v 0.843139 -0.897015 0.907275
v 0.810557 -0.916981 0.907275
v 0.775253 -0.931605 0.907275
v 0.7 -0.88865 0.934395
v 0.7 -0.915083 0.925145
v 0.733646 -0.912435 0.925145
v 0.766464 -0.904556 0.925145
v 0.797645 -0.89164 0.925145
v 0.826422 -0.874005 0.925145
v 0.852086 -0.852086 0.925145
v 0.874005 -0.826422 0.925145
v 0.89164 -0.797645 0.925145
v 0.904556 -0.766464 0.925145
v 0.912435 -0.733646 0.925145
v 0.7 -0.883378 0.936239
v 0.728687 -0.88112 0.936239
v 0.756667 -0.874403 0.936239
v 0.783252 -0.863391 0.936239
v 0.807787 -0.848356 0.936239
v 0.829668 -0.829668 0.936239
v 0.848356 -0.807787 0.936239
v 0.863391 -0.783252 0.936239
v 0.874403 -0.756667 0.936239
v 0.88112 -0.728687 0.936239
v -0.7 0.883378 0.936239
v -0.7 0.88865 0.934395
v -0.7 0.915083 0.925145
v -0.7 0.924554 0.919194
v -0.7 0.943523 0.907275
v -0.7 0.955399 0.895399
v -0.7 0.967275 0.883523
v -0.7 0.979194 0.864554
v -0.7 0.985145 0.855083
v -0.7 0.994395 0.82865
v -0.7 0.996239 0.823378
v -0.7 -0.996239 0.823378
v -0.7 -0.994395 0.82865
v -0.7 -0.985145 0.855083
v -0.7 -0.979194 0.864554
v -0.7 -0.967275 0.883523
v -0.7 -0.955399 0.895399
v -0.7 -0.943523 0.907275
v -0.7 -0.924554 0.919194
v -0.7 -0.915083 0.925145
v -0.7 -0.88865 0.934395
v -0.7 -0.883378 0.936239
v -0.746342 0.992592 0.823378
v -0.791543 0.98174 0.823378
v -0.83449 0.963951 0.823378
v -0.874125 0.939663 0.823378
v -0.909473 0.909473 0.823378
v -0.939663 0.874125 0.823378
v -0.963951 0.83449 0.823378
v -0.98174 0.791543 0.823378
v -0.992592 0.746342 0.823378
v -0.744607 0.981635 0.855083
v -0.996239 0.7 0.823378
v -0.994395 0.7 0.82865
v -0.981635 0.744607 0.855083
v -0.971189 0.788115 0.855083
v -0.954066 0.829453 0.855083
v -0.930687 0.867604 0.855083
v -0.901628 0.901628 0.855083
v -0.867604 0.930687 0.855083
v -0.829453 0.954066 0.855083
v -0.788115 0.971189 0.855083
v -0.741811 0.963984 0.883523
v -0.782592 0.954193 0.883523
v -0.82134 0.938144 0.883523
v -0.8571 0.91623 0.883523
v -0.888992 0.888992 0.883523
v -0.91623 0.8571 0.883523
v -0.938144 0.82134 0.883523
v -0.954193 0.782592 0.883523
v -0.963984 0.741811 0.883523
v -0.738096 0.940525 0.907275
v -0.985145 0.7 0.855083
v -0.979194 0.7 0.864554
v -0.967275 0.7 0.883523
v -0.955399 0.7 0.895399
v -0.940525 0.738096 0.907275
v -0.931605 0.775253 0.907275
v -0.916981 0.810557 0.907275
v -0.897015 0.843139 0.907275
v -0.872197 0.872197 0.907275
v -0.843139 0.897015 0.907275
v -0.810557 0.916981 0.907275
v -0.775253 0.931605 0.907275
v -0.733646 0.912435 0.925145
v -0.766464 0.904556 0.925145
v -0.797645 0.89164 0.925145
v -0.826422 0.874005 0.925145
v -0.852086 0.852086 0.925145
v -0.874005 0.826422 0.925145
v -0.89164 0.797645 0.925145
v -0.904556 0.766464 0.925145
v -0.912435 0.733646 0.925145
v -0.728687 0.88112 0.936239
v -0.943523 0.7 0.907275
v -0.924554 0.7 0.919194
v -0.915083 0.7 0.925145
v -0.88865 0.7 0.934395
v -0.756667 0.874403 0.936239
v -0.783252 0.863391 0.936239
v -0.807787 0.848356 0.936239
v -0.829668 0.829668 0.936239
v -0.848356 0.807787 0.936239
v -0.863391 0.783252 0.936239
v -0.874403 0.756667 0.936239
v -0.88112 0.728687 0.936239
v -0.883378 0.7 0.936239
v -0.996239 -0.7 0.823378
v -0.992592 -0.746342 0.823378
v -0.98174 -0.791543 0.823378
v -0.963951 -0.83449 0.823378
v -0.939663 -0.874125 0.823378
v -0.909473 -0.909473 0.823378
v -0.874125 -0.939663 0.823378
v -0.83449 -0.963951 0.823378
v -0.791543 -0.98174 0.823378
v -0.746342 -0.992592 0.823378
v -0.979194 -0.7 0.864554
v -0.985145 -0.7 0.855083
v -0.981635 -0.744607 0.855083
v -0.994395 -0.7 0.82865
v -0.744607 -0.981635 0.855083
v -0.788115 -0.971189 0.855083
v -0.829453 -0.954066 0.855083
v -0.867604 -0.930687 0.855083
v -0.901628 -0.901628 0.855083
v -0.930687 -0.867604 0.855083
v -0.954066 -0.829453 0.855083
v -0.971189 -0.788115 0.855083
v -0.963984 -0.741811 0.883523
v -0.967275 -0.7 0.883523
v -0.954193 -0.782592 0.883523
v -0.938144 -0.82134 0.883523
v -0.91623 -0.8571 0.883523
v -0.888992 -0.888992 0.883523
v -0.8571 -0.91623 0.883523
v -0.82134 -0.938144 0.883523
v -0.782592 -0.954193 0.883523
v -0.741811 -0.963984 0.883523
v -0.924554 -0.7 0.919194
v -0.943523 -0.7 0.907275
v -0.940525 -0.738096 0.907275
v -0.955399 -0.7 0.895399
v -0.738096 -0.940525 0.907275
v -0.775253 -0.931605 0.907275
v -0.810557 -0.916981 0.907275
v -0.843139 -0.897015 0.907275
v -0.872197 -0.872197 0.907275
v -0.897015 -0.843139 0.907275
v -0.916981 -0.810557 0.907275
v -0.931605 -0.775253 0.907275
v -0.88865 -0.7 0.934395
v -0.915083 -0.7 0.925145
v -0.912435 -0.733646 0.925145
v -0.904556 -0.766464 0.925145
v -0.89164 -0.797645 0.925145
v -0.874005 -0.826422 0.925145
v -0.852086 -0.852086 0.925145
v -0.826422 -0.874005 0.925145
v -0.797645 -0.89164 0.925145
v -0.766464 -0.904556 0.925145
v -0.733646 -0.912435 0.925145
v -0.883378 -0.7 0.936239
v -0.88112 -0.728687 0.936239
v -0.874403 -0.756667 0.936239
v -0.863391 -0.783252 0.936239
v -0.848356 -0.807787 0.936239
v -0.829668 -0.829668 0.936239
v -0.807787 -0.848356 0.936239
v -0.783252 -0.863391 0.936239
v -0.756667 -0.874403 0.936239
v -0.728687 -0.88112 0.936239
v 0.162 -0.625 0.93
v 0.156889 -0.586177 0.93
newmtl 3
Ka 0.0 0.0 0.0
Kd 0.0 0.0 0.0
Ks 0.0 0.0 0.0
d 0.0
endmtl
v 0.141904 -0.55 0.93
v 0.118066 -0.518934 0.93
v 0.087 -0.495096 0.93
v 0.050823 -0.480111 0.93
v 0.012 -0.475 0.93
v -0.026823 -0.480111 0.93
v -0.063 -0.495096 0.93
v -0.094066 -0.518934 0.93
v -0.117904 -0.55 0.93
v -0.132889 -0.586177 0.93
v -0.138 -0.625 0.93
v -0.132889 -0.663823 0.93
v -0.117904 -0.7 0.93
v -0.094066 -0.731066 0.93
v -0.063 -0.754904 0.93
v -0.026823 -0.769889 0.93
v 0.012 -0.775 0.93
v 0.050823 -0.769889 0.93
v 0.087 -0.754904 0.93
v 0.118066 -0.731066 0.93
v 0.141904 -0.7 0.93
v 0.156889 -0.663823 0.93
v 0.012 -0.625 0.93
v -0.825 1.125 0.0
v -0.825 0.825 0.0
newmtl 4
Ka 1.0 1.0 0.0
Kd 1.0 1.0 0.0
Ks 0.5019607843137255 0.5019607843137255 0.0
d 0.0
endmtl
v -1.175 0.825 0.0
v -1.175 1.125 0.0
v 1.175 1.125 0.0
v 1.175 0.825 0.0
v 0.825 0.825 0.0
v 0.825 1.125 0.0
v 0.59962 0.997741 0.0
v 0.589317 1.022614 0.0
v 0.572927 1.043974 0.0
v 0.551567 1.060364 0.0
v 0.526693 1.070668 0.0
v 0.5 1.074182 0.0
v 0.473307 1.070668 0.0
v 0.448433 1.060364 0.0
v 0.427073 1.043974 0.0
v 0.410683 1.022614 0.0
v 0.40038 0.997741 0.0
v 0.396866 0.971047 0.0
v 0.40038 0.944354 0.0
v 0.410683 0.91948 0.0
v 0.427073 0.89812 0.0
v 0.448433 0.88173 0.0
v 0.473307 0.871427 0.0
v 0.5 0.867913 0.0
v 0.526693 0.871427 0.0
v 0.551567 0.88173 0.0
v 0.572927 0.89812 0.0
v 0.589317 0.91948 0.0
v 0.59962 0.944354 0.0
v 0.603134 0.971047 0.0
v 0.5 0.971047 0.0
v -0.825 0.175 0.0
v -0.825 0.475 0.0
v -1.175 0.175 0.0
v -1.175 0.475 0.0
v 1.175 0.175 0.0
v 1.175 0.475 0.0
v 0.825 0.175 0.0
v 0.825 0.475 0.0
v -0.825 -0.475 0.0
v -0.825 -0.175 0.0
v -1.175 -0.475 0.0
v -1.175 -0.175 0.0
v 1.175 -0.475 0.0
v 1.175 -0.175 0.0
v 0.825 -0.475 0.0
v 0.825 -0.175 0.0
v -0.825 -1.125 0.0
v -0.825 -0.825 0.0
v -1.175 -1.125 0.0
v -1.175 -0.825 0.0
v 1.175 -1.125 0.0
v 1.175 -0.825 0.0
v 0.825 -1.125 0.0
v 0.825 -0.825 0.0
v -0.082954 1.001 0.612536
v -0.082897 1.001 0.604421
v -0.054606 1.001 0.612737
v -0.055053 1.001 0.675802
v -0.045865 1.001 0.675867
v -0.04536 1.001 0.604687
v -0.137904 1.001 0.606373
v -0.130244 1.001 0.603921
v -0.119388 1.001 0.602961
v -0.139123 1.001 0.60697
v -0.139185 1.001 0.615776
v -0.132169 1.001 0.612684
v -0.12411 1.001 0.61124
v -0.120774 1.001 0.611139
v -0.113632 1.001 0.61205
v -0.108572 1.001 0.614043
v -0.103942 1.001 0.617361
v -0.102541 1.001 0.618765
v -0.099524 1.001 0.622862
v -0.097102 1.001 0.628466
v -0.095835 1.001 0.635336
v -0.095698 1.001 0.639121
v -0.096955 1.001 0.648946
v -0.099391 1.001 0.655064
v -0.103328 1.001 0.660466
v -0.107381 1.001 0.663899
v -0.112894 1.001 0.666679
v -0.118952 1.001 0.668035
v -0.12278 1.001 0.668225
v -0.138737 1.001 0.664318
v -0.131536 1.001 0.667116
v -0.139527 1.001 0.663885
v -0.139595 1.001 0.673492
v -0.132099 1.001 0.675718
v -0.122791 1.001 0.676522
v -0.122748 1.001 0.676522
v -0.112414 1.001 0.675336
v -0.10496 1.001 0.672495
v -0.098268 1.001 0.667867
v -0.096527 1.001 0.666227
v -0.087882 1.001 0.651639
v -0.091319 1.001 0.659522
v -0.086202 1.001 0.642357
v -0.086051 1.001 0.638644
v -0.095002 1.001 0.612851
v -0.090242 1.001 0.619553
v -0.087387 1.001 0.626989
v -0.11509 1.001 0.603194
v -0.107388 1.001 0.604838
v -0.100693 1.001 0.608054
v -0.191689 1.001 0.611764
v -0.191632 1.001 0.603649
v -0.162595 1.001 0.611971
v -0.162765 1.001 0.635916
v -0.18822 1.001 0.635735
v -0.188278 1.001 0.643887
v -0.162823 1.001 0.644067
v -0.162984 1.001 0.666848
v -0.190459 1.001 0.666653
v -0.190517 1.001 0.674841
v -0.153854 1.001 0.675101
v -0.153349 1.001 0.603921
v -0.249071 1.001 0.622597
v -0.245873 1.001 0.618804
v -0.252366 1.001 0.61319
v -0.245074 1.001 0.618068
v -0.244931 1.001 0.607932
v -0.24047 1.001 0.614902
v -0.236803 1.001 0.604813
v -0.234591 1.001 0.612655
v -0.224656 1.001 0.603415
v -0.224659 1.001 0.611531
v -0.205078 1.001 0.603554
v -0.214324 1.001 0.611604
v -0.205583 1.001 0.674734
v -0.214714 1.001 0.666481
v -0.225889 1.001 0.67459
v -0.225467 1.001 0.666405
v -0.236748 1.001 0.673313
v -0.234607 1.001 0.665333
v -0.245316 1.001 0.670114
v -0.240769 1.001 0.663065
v -0.252733 1.001 0.664974
v -0.245962 1.001 0.659563
v -0.255203 1.001 0.662526
v -0.247903 1.001 0.657628
v -0.259571 1.001 0.656296
v -0.250641 1.001 0.653627
v -0.262163 1.001 0.649496
v -0.252618 1.001 0.648431
v -0.263289 1.001 0.639643
v -0.253626 1.001 0.639457
v -0.263044 1.001 0.635118
v -0.253243 1.001 0.634056
v -0.261262 1.001 0.626795
v -0.251685 1.001 0.627744
v -0.257706 1.001 0.619457
v -0.225467 1.0 0.666405
v -0.214714 1.0 0.666481
v -0.214324 1.0 0.611604
v -0.224659 1.0 0.611531
v -0.245873 1.0 0.618804
v -0.245074 1.0 0.618068
v -0.24047 1.0 0.614902
v -0.234591 1.0 0.612655
v -0.253626 1.0 0.639457
v -0.253243 1.0 0.634056
v -0.251685 1.0 0.627744
v -0.249071 1.0 0.622597
v -0.245962 1.0 0.659563
v -0.247903 1.0 0.657628
v -0.250641 1.0 0.653627
v -0.252618 1.0 0.648431
v -0.234607 1.0 0.665333
v -0.240769 1.0 0.663065
v -0.287079 1.001 0.630485
v -0.297933 1.001 0.659995
v -0.294594 1.001 0.674103
v -0.266979 1.001 0.603115
v -0.277132 1.001 0.603043
v -0.284111 1.001 0.622463
v -0.298565 1.001 0.662115
v -0.299133 1.001 0.664972
v -0.30442 1.001 0.674033
v -0.299352 1.001 0.664971
v -0.299906 1.001 0.661956
v -0.300426 1.001 0.659978
v -0.31097 1.001 0.630316
v -0.331026 1.001 0.602661
v -0.320873 1.001 0.602733
v -0.313751 1.001 0.622253
v -0.287079 1.0 0.630485
v -0.31097 1.0 0.630316
v -0.300426 1.0 0.659978
v -0.299352 1.0 0.664971
v -0.299906 1.0 0.661956
v -0.299133 1.0 0.664972
v -0.297933 1.0 0.659995
v -0.298565 1.0 0.662115
v -0.082899 1.001 0.49961
v -0.082842 1.001 0.491495
v -0.053805 1.001 0.499817
v -0.053975 1.001 0.523762
v -0.07943 1.001 0.523581
v -0.079488 1.001 0.531733
v -0.054033 1.001 0.531913
v -0.054194 1.001 0.554694
v -0.081669 1.001 0.554499
v -0.081727 1.001 0.562687
v -0.045064 1.001 0.562947
v -0.044559 1.001 0.491767
v -0.123308 1.001 0.491208
v -0.132224 1.001 0.491145
v -0.123364 1.001 0.499069
v -0.132456 1.001 0.52386
v -0.123127 1.001 0.49907
v -0.118438 1.001 0.500416
v -0.121491 1.001 0.496664
v -0.115907 1.001 0.498733
v -0.105886 1.001 0.51388
v -0.111578 1.001 0.515201
v -0.123489 1.001 0.516718
v -0.123455 1.001 0.511842
v -0.123442 1.001 0.51125
v -0.122839 1.001 0.507276
v -0.121509 1.001 0.504105
v -0.11956 1.001 0.501497
v -0.120379 1.001 0.542576
v -0.11842 1.001 0.534961
v -0.123938 1.001 0.541307
v -0.119993 1.001 0.533928
v -0.103901 1.001 0.512891
v -0.123537 1.001 0.523523
v -0.123259 1.001 0.527445
v -0.131637 1.001 0.531359
v -0.122362 1.001 0.530636
v -0.130198 1.001 0.535191
v -0.121329 1.001 0.532482
v -0.128332 1.001 0.537957
v -0.126758 1.001 0.539497
v -0.096678 1.001 0.538671
v -0.096617 1.001 0.53001
v -0.098506 1.001 0.539713
v -0.102797 1.001 0.533834
v -0.10515 1.001 0.54224
v -0.108394 1.001 0.535603
v -0.114215 1.001 0.543278
v -0.113327 1.001 0.536042
v -0.116361 1.001 0.5357
v -0.102309 1.001 0.500526
v -0.095762 1.001 0.494206
v -0.103062 1.001 0.499758
v -0.09875 1.001 0.49209
v -0.10483 1.001 0.498533
v -0.102159 1.001 0.490777
v -0.106842 1.001 0.497778
v -0.107488 1.001 0.49012
v -0.109851 1.001 0.497418
v -0.112208 1.001 0.490623
v -0.113195 1.001 0.497768
v -0.115812 1.001 0.491926
v -0.118625 1.001 0.493739
v -0.108457 1.001 0.521519
v -0.101071 1.001 0.519657
v -0.102931 1.001 0.512133
v -0.097479 1.001 0.517705
v -0.101855 1.001 0.510819
v -0.094859 1.001 0.515313
v -0.10106 1.001 0.509162
v -0.093003 1.001 0.512428
v -0.100606 1.001 0.507123
v -0.091905 1.001 0.509166
v -0.10052 1.001 0.505708
v -0.091472 1.001 0.505045
v -0.100732 1.001 0.50366
v -0.091975 1.001 0.500614
v -0.101307 1.001 0.502036
v -0.093096 1.001 0.497668
v -0.094978 1.001 0.494993
v -0.102931 1.0 0.512133
v -0.103901 1.0 0.512891
v -0.105886 1.0 0.51388
v -0.111578 1.0 0.515201
v -0.10052 1.0 0.505708
v -0.100606 1.0 0.507123
v -0.10106 1.0 0.509162
v -0.101855 1.0 0.510819
v -0.103062 1.0 0.499758
v -0.102309 1.0 0.500526
v -0.101307 1.0 0.502036
v -0.100732 1.0 0.50366
v -0.109851 1.0 0.497418
v -0.106842 1.0 0.497778
v -0.10483 1.0 0.498533
v -0.11956 1.0 0.501497
v -0.118438 1.0 0.500416
v -0.115907 1.0 0.498733
v -0.113195 1.0 0.497768
v -0.123455 1.0 0.511842
v -0.123442 1.0 0.51125
v -0.122839 1.0 0.507276
v -0.121509 1.0 0.504105
v -0.123489 1.0 0.516718
v -0.144384 1.001 0.502049
v -0.148327 1.001 0.499624
v -0.159014 1.001 0.497033
v -0.153928 1.001 0.497608
v -0.144318 1.001 0.492842
v -0.150572 1.001 0.490596
v -0.158089 1.001 0.489761
v -0.166148 1.001 0.49066
v -0.17085 1.001 0.492436
v -0.172929 1.001 0.493695
v -0.1755 1.001 0.495912
v -0.177177 1.001 0.498253
v -0.17829 1.001 0.501071
v -0.178738 1.001 0.504644
v -0.178392 1.001 0.507975
v -0.177458 1.001 0.51061
v -0.175814 1.001 0.513072
v -0.173701 1.001 0.514983
v -0.167803 1.001 0.518319
v -0.164361 1.001 0.51974
v -0.15886 1.001 0.522181
v -0.155731 1.001 0.524168
v -0.154868 1.001 0.525131
v -0.154234 1.001 0.526339
v -0.153891 1.001 0.527726
v -0.153818 1.001 0.528913
v -0.153989 1.001 0.530334
v -0.154438 1.001 0.531534
v -0.15521 1.001 0.532663
v -0.156564 1.001 0.533843
v -0.158571 1.001 0.534892
v -0.16096 1.001 0.535506
v -0.163601 1.001 0.535685
v -0.168895 1.001 0.535108
v -0.173966 1.001 0.53335
v -0.176493 1.001 0.531918
v -0.176555 1.001 0.540579
v -0.170776 1.001 0.542321
v -0.164525 1.001 0.542921
v -0.157409 1.001 0.542121
v -0.152617 1.001 0.540313
v -0.150414 1.001 0.538981
v -0.147742 1.001 0.53661
v -0.146072 1.001 0.534212
v -0.144994 1.001 0.531348
v -0.144623 1.001 0.528177
v -0.144985 1.001 0.524701
v -0.145951 1.001 0.521973
v -0.147096 1.001 0.520117
v -0.15802 1.001 0.513307
v -0.152723 1.001 0.515781
v -0.148543 1.001 0.518581
v -0.163857 1.001 0.510814
v -0.167321 1.001 0.508692
v -0.168424 1.001 0.507527
v -0.169105 1.001 0.506341
v -0.1695 1.001 0.504945
v -0.16958 1.001 0.503836
v -0.169383 1.001 0.502136
v -0.168921 1.001 0.500871
v -0.168134 1.001 0.499726
v -0.167105 1.001 0.498825
v -0.166288 1.001 0.498338
v -0.163982 1.001 0.497512
v -0.159408 1.001 0.497032
v -0.223197 1.001 0.54134
v -0.23244 1.001 0.541274
v -0.209043 1.001 0.503156
v -0.208343 1.001 0.50079
v -0.207922 1.001 0.499051
v -0.207685 1.001 0.499053
v -0.206623 1.001 0.503246
v -0.193612 1.001 0.54155
v -0.18364 1.001 0.541621
v -0.203223 1.001 0.490751
v -0.199245 1.001 0.481535
v -0.197422 1.001 0.47827
v -0.195748 1.001 0.476449
v -0.19435 1.001 0.475476
v -0.192415 1.001 0.474707
v -0.19006 1.001 0.474431
v -0.186829 1.001 0.474875
v -0.185009 1.001 0.475486
v -0.184953 1.001 0.467553
v -0.18873 1.001 0.466869
v -0.190698 1.001 0.466784
v -0.194304 1.001 0.467173
v -0.197831 1.001 0.468489
v -0.200961 1.001 0.470643
v -0.201568 1.001 0.471192
v -0.204858 1.001 0.475085
v -0.208954 1.001 0.482922
v -0.280027 1.001 0.498212
v -0.27997 1.001 0.490097
v -0.250933 1.001 0.498419
v -0.251103 1.001 0.522364
v -0.276558 1.001 0.522183
v -0.276616 1.001 0.530335
v -0.251161 1.001 0.530515
v -0.251322 1.001 0.553296
v -0.278797 1.001 0.553101
v -0.278855 1.001 0.561289
v -0.242192 1.001 0.561549
v -0.241687 1.001 0.490369
v -0.337409 1.001 0.509045
v -0.334211 1.001 0.505252
v -0.340704 1.001 0.499638
v -0.333412 1.001 0.504516
v -0.333269 1.001 0.49438
v -0.328808 1.001 0.50135
v -0.325141 1.001 0.491261
v -0.322929 1.001 0.499102
v -0.312994 1.001 0.489863
v -0.312997 1.001 0.497978
v -0.293416 1.001 0.490002
v -0.302662 1.001 0.498052
v -0.293921 1.001 0.561182
v -0.303052 1.001 0.552929
v -0.314227 1.001 0.561038
v -0.313805 1.001 0.552852
v -0.325086 1.001 0.559761
v -0.322945 1.001 0.55178
v -0.333654 1.001 0.556562
v -0.329107 1.001 0.549513
v -0.341071 1.001 0.551422
v -0.3343 1.001 0.546011
v -0.343541 1.001 0.548974
v -0.336241 1.001 0.544075
v -0.347909 1.001 0.542744
v -0.338979 1.001 0.540075
v -0.350501 1.001 0.535944
v -0.340956 1.001 0.534879
v -0.351627 1.001 0.526091
v -0.341964 1.001 0.525904
v -0.351382 1.001 0.521566
v -0.341581 1.001 0.520504
v -0.3496 1.001 0.513243
v -0.340023 1.001 0.514192
v -0.346044 1.001 0.505905
v -0.313805 1.0 0.552852
v -0.303052 1.0 0.552929
v -0.302662 1.0 0.498052
v -0.312997 1.0 0.497978
v -0.334211 1.0 0.505252
v -0.333412 1.0 0.504516
v -0.328808 1.0 0.50135
v -0.322929 1.0 0.499102
v -0.341964 1.0 0.525904
v -0.341581 1.0 0.520504
v -0.340023 1.0 0.514192
v -0.337409 1.0 0.509045
v -0.3343 1.0 0.546011
v -0.336241 1.0 0.544075
v -0.338979 1.0 0.540075
v -0.340956 1.0 0.534879
v -0.322945 1.0 0.55178
v -0.329107 1.0 0.549513
v -0.375417 1.001 0.516933
v -0.386271 1.001 0.546443
v -0.382932 1.001 0.560551
v -0.355317 1.001 0.489563
v -0.36547 1.001 0.489491
v -0.372449 1.001 0.508911
v -0.386903 1.001 0.548563
v -0.387471 1.001 0.55142
v -0.392758 1.001 0.560481
v -0.38769 1.001 0.551419
v -0.388244 1.001 0.548403
v -0.388764 1.001 0.546425
v -0.399308 1.001 0.516763
v -0.419364 1.001 0.489109
v -0.409211 1.001 0.489181
v -0.402089 1.001 0.508701
v -0.375417 1.0 0.516933
v -0.399308 1.0 0.516763
v -0.388764 1.0 0.546425
v -0.38769 1.0 0.551419
v -0.388244 1.0 0.548403
v -0.387471 1.0 0.55142
v -0.386271 1.0 0.546443
v -0.386903 1.0 0.548563
v 0.26988 1.001 0.483917
v 0.262422 1.001 0.474573
v 0.274123 1.001 0.528702
v 0.09084 1.001 0.616348
v 0.087859 1.001 0.602284
v 0.062867 1.001 0.629437
v 0.104915 1.001 0.552301
v 0.120414 1.001 0.579234
v 0.18848 1.001 0.54429
v 0.222644 1.001 0.529353
v 0.217975 1.001 0.527592
v 0.213954 1.001 0.524778
v 0.210754 1.001 0.521083
v 0.176033 1.001 0.515353
v 0.285091 1.001 0.535562
v 0.282603 1.001 0.497242
v 0.274869 1.001 0.494798
v 0.208627 1.001 0.516892
v 0.207551 1.001 0.512181
v 0.176068 1.001 0.510292
v 0.207575 1.001 0.507926
v 0.083811 1.001 0.602256
v 0.074206 1.001 0.601003
v 0.060357 1.001 0.628573
v 0.065397 1.001 0.597542
v 0.045353 1.001 0.620984
v 0.031715 1.001 0.609271
v 0.19346 1.001 0.657213
v 0.219423 1.001 0.677109
v 0.207156 1.001 0.647354
v 0.231388 1.001 0.667009
v 0.218596 1.001 0.633869
v 0.241848 1.001 0.655
v 0.226422 1.001 0.617944
v 0.270924 1.001 0.622635
v 0.258407 1.001 0.625494
v 0.253481 1.001 0.656094
v 0.25319 1.001 0.625726
v 0.247663 1.001 0.655737
v 0.241403 1.001 0.624189
v 0.230082 1.001 0.619976
v 0.23984 1.001 0.495017
v 0.235698 1.001 0.492352
v 0.252578 1.001 0.467038
v 0.230956 1.001 0.490776
v 0.231512 1.001 0.529403
v 0.23839 1.001 0.560367
v 0.235977 1.001 0.527808
v 0.2496 1.001 0.556175
v 0.240014 1.001 0.525134
v 0.260002 1.001 0.549063
v 0.243324 1.001 0.521513
v 0.26844 1.001 0.539559
v 0.245665 1.001 0.517112
v 0.246815 1.001 0.512243
v 0.032301 1.001 0.51484
v 0.055776 1.001 0.535068
v 0.046165 1.001 0.503274
v 0.063308 1.001 0.529017
v 0.061661 1.001 0.49583
v 0.072271 1.001 0.524951
v 0.078516 1.001 0.492393
v 0.081334 1.001 0.523285
v 0.108375 1.001 0.492604
v 0.104108 1.001 0.523447
v 0.111223 1.001 0.493084
v 0.302566 1.001 0.587701
v 0.335795 1.001 0.580593
v 0.304158 1.001 0.575477
v 0.336048 1.001 0.57469
v 0.303616 1.001 0.567725
v 0.334 1.001 0.555958
v 0.300086 1.001 0.555307
v 0.327162 1.001 0.537005
v 0.294101 1.001 0.544946
v 0.315184 1.001 0.519377
v 0.300657 1.001 0.506591
v 0.207952 1.001 0.558232
v 0.220145 1.001 0.561355
v 0.226314 1.001 0.561766
v 0.057585 1.001 0.592007
v 0.051761 1.001 0.585406
v 0.021495 1.001 0.594795
v 0.047126 1.001 0.576635
v 0.015426 1.001 0.579293
v 0.044828 1.001 0.566895
v 0.013235 1.001 0.562785
v 0.044616 1.001 0.562501
v 0.015692 1.001 0.544716
v 0.045899 1.001 0.552666
v 0.022168 1.001 0.528742
v 0.049449 1.001 0.54367
v 0.055071 1.001 0.535815
v 0.27231 1.001 0.654039
v 0.291183 1.001 0.647174
v 0.282254 1.001 0.616738
v 0.307514 1.001 0.636207
v 0.291071 1.001 0.608991
v 0.311853 1.001 0.632215
v 0.298154 1.001 0.598959
v 0.32359 1.001 0.617581
v 0.332014 1.001 0.599555
v 0.243177 1.001 0.498581
v 0.245469 1.001 0.502687
v 0.246721 1.001 0.507293
v 0.098521 1.001 0.632715
v 0.071644 1.001 0.64753
v 0.109829 1.001 0.646442
v 0.087493 1.001 0.667295
v 0.111155 1.001 0.647668
v 0.089912 1.001 0.669611
v 0.125306 1.001 0.657632
v 0.112378 1.001 0.684948
v 0.141134 1.001 0.663821
v 0.137712 1.001 0.694077
v 0.158262 1.001 0.666047
v 0.158553 1.001 0.696416
v 0.176874 1.001 0.663789
v 0.18372 1.001 0.693483
v 0.207113 1.001 0.684623
v 0.227046 1.001 0.529886
v 0.197256 1.001 0.552397
v 0.106648 1.001 0.523935
v 0.118995 1.001 0.497988
v 0.117827 1.001 0.496783
v 0.105133 1.001 0.523588
v 0.114561 1.001 0.494426
v 0.240938 1.001 0.462046
v 0.229003 1.001 0.460094
v 0.227326 1.001 0.490411
v 0.227036 1.001 0.460043
v 0.222821 1.001 0.490892
v 0.214789 1.001 0.461461
v 0.218374 1.001 0.49248
v 0.20347 1.001 0.465713
v 0.214439 1.001 0.495087
v 0.193339 1.001 0.472653
v 0.211123 1.001 0.498702
v 0.185468 1.001 0.481359
v 0.208772 1.001 0.503065
v 0.179411 1.001 0.492604
v 0.176374 1.001 0.50508
v 0.122941 1.001 0.508397
v 0.122487 1.001 0.504624
v 0.121178 1.001 0.501183
v 0.111062 1.001 0.5235
v 0.114545 1.001 0.522154
v 0.122799 1.001 0.510382
v 0.117673 1.001 0.519971
v 0.11979 1.001 0.517668
v 0.121759 1.001 0.514227
v 0.107141 1.001 0.523974
v 0.227046 1.0 0.529886
v 0.222644 1.0 0.529353
v 0.217975 1.0 0.527592
v 0.213954 1.0 0.524778
v 0.210754 1.0 0.521083
v 0.208627 1.0 0.516892
v 0.207551 1.0 0.512181
v 0.207575 1.0 0.507926
v 0.208772 1.0 0.503065
v 0.211123 1.0 0.498702
v 0.214439 1.0 0.495087
v 0.218374 1.0 0.49248
v 0.222821 1.0 0.490892
v 0.227326 1.0 0.490411
v 0.230956 1.0 0.490776
v 0.235698 1.0 0.492352
v 0.23984 1.0 0.495017
v 0.243177 1.0 0.498581
v 0.245469 1.0 0.502687
v 0.246721 1.0 0.507293
v 0.246815 1.0 0.512243
v 0.245665 1.0 0.517112
v 0.243324 1.0 0.521513
v 0.240014 1.0 0.525134
v 0.235977 1.0 0.527808
v 0.231512 1.0 0.529403
usemtl 1
f 1// 2// 3//
f 4// 5// 6//
f 7// 8// 9//
f 10// 11// 12//
f 13// 14// 15//
f 16// 17// 18//
f 19// 20// 21//
f 21// 22// 19//
f 19// 22// 23//
f 19// 23// 24//
f 25// 26// 27//
f 27// 26// 28//
f 27// 28// 19//
f 19// 28// 29//
f 19// 29// 20//
f 30// 25// 31//
f 30// 31// 32//
f 32// 31// 33//
f 32// 33// 34//
f 34// 33// 35//
f 34// 35// 36//
f 37// 38// 35//
f 35// 38// 39//
f 35// 39// 36//
f 40// 41// 37//
f 41// 42// 37//
f 37// 42// 43//
f 37// 43// 38//
f 38// 43// 44//
f 38// 44// 45//
f 45// 44// 46//
f 45// 46// 47//
f 48// 49// 50//
f 50// 51// 48//
f 48// 51// 52//
f 48// 52// 37//
f 37// 52// 53//
f 37// 53// 40//
f 54// 55// 56//
f 56// 55// 57//
f 56// 57// 49//
f 49// 57// 58//
f 49// 58// 50//
f 59// 60// 61//
f 62// 63// 64//
f 64// 63// 65//
f 66// 67// 68//
f 59// 61// 69//
f 70// 71// 72//
f 60// 73// 61//
f 61// 73// 74//
f 61// 74// 75//
f 67// 76// 68//
f 68// 76// 77//
f 68// 77// 54//
f 54// 77// 78//
f 54// 78// 55//
f 72// 79// 80//
f 81// 82// 68//
f 68// 82// 83//
f 80// 84// 72//
f 72// 84// 85//
f 72// 85// 86//
f 87// 88// 61//
f 61// 88// 89//
f 61// 89// 90//
f 71// 91// 72//
f 72// 91// 92//
f 72// 92// 93//
f 94// 95// 96//
f 96// 95// 97//
f 96// 97// 61//
f 61// 97// 98//
f 61// 98// 69//
f 86// 99// 72//
f 72// 99// 100//
f 72// 100// 68//
f 68// 100// 101//
f 68// 101// 81//
f 83// 102// 68//
f 68// 102// 103//
f 68// 103// 66//
f 93// 104// 72//
f 72// 104// 105//
f 72// 105// 79//
f 105// 106// 79//
f 79// 106// 107//
f 79// 107// 108//
f 108// 109// 79//
f 79// 109// 110//
f 79// 110// 111//
f 111// 110// 94//
f 111// 94// 112//
f 112// 94// 96//
f 75// 113// 61//
f 61// 113// 114//
f 61// 114// 115//
f 115// 116// 61//
f 61// 116// 117//
f 61// 117// 87//
f 89// 118// 90//
f 90// 118// 119//
f 90// 119// 120//
f 120// 119// 121//
f 122// 18// 123//
f 123// 18// 124//
f 123// 124// 125//
f 125// 124// 126//
f 121// 127// 120//
f 120// 127// 128//
f 120// 128// 124//
f 124// 128// 129//
f 124// 129// 126//
f 16// 130// 17//
f 17// 130// 131//
f 17// 131// 132//
f 133// 134// 135//
f 135// 134// 136//
f 135// 136// 122//
f 122// 136// 137//
f 122// 137// 18//
f 18// 137// 138//
f 18// 138// 16//
f 139// 140// 135//
f 135// 140// 141//
f 135// 141// 133//
f 139// 142// 140//
f 140// 142// 143//
f 140// 143// 144//
f 145// 146// 147//
f 147// 126// 145//
f 145// 126// 129//
f 145// 129// 148//
f 148// 129// 149//
f 149// 150// 148//
f 148// 150// 151//
f 148// 151// 152//
f 153// 154// 155//
f 154// 156// 155//
f 155// 156// 157//
f 155// 157// 158//
f 159// 155// 160//
f 146// 145// 159//
f 159// 145// 161//
f 159// 161// 155//
f 155// 161// 162//
f 155// 162// 153//
f 160// 163// 159//
f 159// 163// 164//
f 159// 164// 165//
f 158// 157// 166//
f 166// 157// 167//
f 166// 167// 168//
f 168// 167// 169//
f 168// 169// 170//
f 171// 172// 165//
f 165// 172// 173//
f 165// 173// 159//
f 174// 175// 62//
f 62// 175// 176//
f 62// 176// 63//
f 24// 177// 19//
f 19// 177// 178//
f 19// 178// 179//
f 179// 178// 180//
f 179// 180// 13//
f 181// 182// 183//
f 183// 182// 184//
f 185// 186// 187//
f 187// 186// 188//
f 184// 189// 183//
f 183// 189// 190//
f 183// 190// 191//
f 185// 192// 186//
f 186// 192// 193//
f 186// 193// 194//
f 194// 195// 186//
f 186// 195// 196//
f 186// 196// 183//
f 183// 196// 197//
f 183// 197// 181//
f 190// 198// 191//
f 191// 198// 199//
f 191// 199// 200//
f 200// 199// 201//
f 200// 201// 202//
f 201// 203// 202//
f 202// 203// 204//
f 202// 204// 205//
f 205// 204// 188//
f 200// 206// 207//
f 208// 200// 209//
f 209// 200// 207//
f 209// 207// 210//
f 211// 191// 212//
f 212// 191// 200//
f 212// 200// 213//
f 213// 200// 208//
f 213// 208// 214//
f 208// 215// 214//
f 214// 215// 216//
f 214// 216// 217//
f 207// 218// 210//
f 210// 218// 219//
f 210// 219// 220//
f 206// 200// 221//
f 221// 200// 202//
f 221// 202// 222//
f 223// 224// 222//
f 222// 224// 225//
f 222// 225// 221//
f 226// 227// 228//
f 229// 230// 227//
f 227// 230// 231//
f 227// 231// 228//
f 232// 233// 234//
f 234// 233// 235//
f 234// 235// 236//
f 236// 235// 237//
f 236// 237// 238//
f 238// 239// 236//
f 236// 239// 240//
f 236// 240// 241//
f 242// 243// 244//
f 245// 246// 247//
f 248// 249// 250//
f 251// 252// 243//
f 243// 252// 253//
f 243// 253// 244//
f 244// 253// 254//
f 244// 254// 255//
f 248// 250// 243//
f 243// 250// 256//
f 243// 256// 251//
f 247// 246// 257//
f 258// 259// 260//
f 261// 262// 263//
f 255// 264// 244//
f 244// 264// 265//
f 244// 265// 263//
f 263// 265// 266//
f 263// 266// 261//
f 262// 267// 263//
f 263// 267// 268//
f 263// 268// 269//
f 268// 270// 269//
f 269// 270// 271//
f 269// 271// 260//
f 272// 273// 274//
f 274// 273// 275//
f 274// 275// 276//
f 274// 277// 246//
f 246// 277// 278//
f 246// 278// 257//
f 276// 279// 274//
f 274// 279// 280//
f 274// 280// 277//
f 281// 282// 283//
f 283// 282// 284//
f 283// 284// 285//
f 283// 286// 281//
f 281// 286// 287//
f 281// 287// 288//
f 288// 289// 281//
f 281// 289// 290//
f 281// 290// 291//
f 291// 290// 292//
f 291// 292// 293//
f 293// 292// 294//
f 293// 294// 260//
f 260// 294// 295//
f 260// 295// 258//
f 296// 297// 285//
f 285// 297// 298//
f 285// 298// 283//
f 299// 300// 249//
f 249// 300// 301//
f 249// 301// 250//
f 299// 302// 300//
f 300// 302// 303//
f 300// 303// 304//
f 304// 303// 305//
f 304// 306// 307//
f 305// 308// 304//
f 304// 308// 309//
f 304// 309// 310//
f 310// 311// 304//
f 304// 311// 312//
f 304// 312// 306//
f 307// 313// 304//
f 304// 313// 314//
f 304// 314// 315//
f 316// 317// 10//
f 10// 317// 318//
f 319// 320// 321//
f 322// 323// 324//
f 324// 323// 325//
f 324// 325// 326//
f 325// 327// 326//
f 326// 327// 328//
f 326// 328// 329//
f 330// 328// 331//
f 331// 328// 327//
f 331// 327// 332//
f 332// 327// 325//
f 332// 325// 333//
f 333// 325// 334//
f 333// 334// 11//
f 335// 336// 337//
f 338// 339// 340//
f 340// 339// 337//
f 340// 337// 341//
f 341// 337// 336//
f 341// 336// 342//
f 343// 344// 345//
f 345// 344// 346//
f 337// 347// 335//
f 335// 347// 348//
f 335// 348// 349//
f 350// 351// 352//
f 353// 354// 338//
f 338// 354// 355//
f 338// 355// 339//
f 343// 345// 342//
f 342// 345// 356//
f 342// 356// 341//
f 341// 356// 357//
f 341// 357// 352//
f 352// 357// 358//
f 352// 358// 350//
f 359// 360// 361//
f 361// 360// 362//
f 361// 362// 363//
f 363// 364// 365//
f 365// 364// 366//
f 359// 367// 368//
f 368// 367// 27//
f 368// 27// 369//
f 369// 27// 19//
f 369// 19// 366//
f 366// 19// 179//
f 366// 179// 365//
f 8// 7// 353//
f 353// 7// 370//
f 353// 370// 371//
f 372// 373// 374//
f 374// 373// 375//
f 374// 375// 376//
f 376// 375// 377//
f 376// 377// 371//
f 371// 377// 351//
f 371// 351// 353//
f 353// 351// 350//
f 353// 350// 354//
f 378// 379// 380//
f 380// 379// 374//
f 378// 381// 379//
f 379// 381// 382//
f 379// 382// 383//
f 379// 384// 374//
f 374// 384// 385//
f 374// 385// 386//
f 383// 387// 379//
f 379// 387// 388//
f 379// 388// 389//
f 386// 390// 374//
f 374// 390// 391//
f 374// 391// 392//
f 392// 393// 374//
f 374// 393// 394//
f 374// 394// 372//
f 395// 396// 397//
f 397// 396// 9//
f 398// 399// 6//
f 6// 399// 400//
f 400// 401// 6//
f 6// 401// 402//
f 6// 402// 4//
f 398// 6// 403//
f 403// 6// 361//
f 403// 361// 404//
f 363// 365// 361//
f 361// 365// 405//
f 361// 405// 404//
f 406// 407// 408//
f 408// 407// 409//
f 408// 409// 365//
f 365// 409// 410//
f 365// 410// 405//
f 411// 412// 408//
f 408// 412// 413//
f 408// 413// 406//
f 2// 414// 415//
f 415// 414// 416//
f 415// 416// 417//
f 377// 418// 351//
f 351// 418// 419//
f 351// 419// 3//
f 3// 419// 420//
f 3// 420// 1//
f 421// 422// 423//
f 424// 64// 72//
f 72// 64// 65//
f 72// 65// 70//
f 425// 426// 427//
f 428// 429// 427//
f 427// 429// 430//
f 427// 430// 425//
f 425// 430// 421//
f 425// 421// 431//
f 431// 421// 423//
f 424// 72// 432//
f 432// 72// 433//
f 432// 433// 431//
f 434// 435// 436//
f 436// 435// 426//
f 434// 437// 438//
f 438// 437// 15//
f 438// 15// 439//
f 424// 440// 64//
f 64// 440// 439//
f 64// 439// 62//
f 62// 439// 15//
f 62// 15// 174//
f 174// 15// 14//
f 441// 442// 269//
f 228// 233// 226//
f 226// 233// 232//
f 226// 232// 443//
f 443// 232// 444//
f 259// 445// 260//
f 260// 445// 272//
f 260// 272// 269//
f 269// 272// 274//
f 269// 274// 441//
f 212// 446// 211//
f 211// 446// 236//
f 211// 236// 447//
f 447// 236// 241//
f 447// 241// 448//
f 449// 450// 451//
f 448// 452// 447//
f 447// 452// 453//
f 447// 453// 274//
f 274// 453// 454//
f 274// 454// 441//
f 232// 269// 444//
f 444// 269// 442//
f 444// 442// 449//
f 449// 442// 455//
f 449// 455// 456//
f 456// 457// 449//
f 449// 457// 458//
f 449// 458// 450//
f 451// 459// 449//
f 449// 459// 460//
f 449// 460// 461//
f 462// 463// 464//
f 464// 463// 465//
f 466// 467// 183//
f 183// 467// 186//
f 186// 467// 468//
f 186// 468// 463//
f 463// 468// 469//
f 463// 469// 465//
f 465// 469// 470//
f 465// 470// 471//
f 472// 473// 471//
f 471// 473// 466//
f 471// 466// 465//
f 465// 466// 183//
f 188// 186// 205//
f 205// 186// 463//
f 205// 463// 474//
f 474// 463// 462//
f 474// 462// 475//
f 11// 334// 12//
f 12// 334// 476//
f 12// 476// 477//
f 477// 476// 478//
f 477// 478// 479//
f 10// 12// 316//
f 316// 12// 477//
f 316// 477// 480//
f 480// 477// 479//
f 480// 479// 481//
f 482// 483// 319//
f 484// 485// 486//
f 486// 485// 487//
f 483// 488// 319//
f 319// 488// 489//
f 319// 489// 490//
f 340// 491// 486//
f 486// 491// 492//
f 486// 492// 493//
f 490// 494// 319//
f 319// 494// 495//
f 319// 495// 341//
f 341// 495// 496//
f 341// 496// 340//
f 340// 496// 497//
f 340// 497// 491//
f 493// 498// 486//
f 486// 498// 499//
f 486// 499// 484//
f 318// 317// 321//
f 321// 317// 486//
f 321// 486// 319//
f 319// 486// 487//
f 319// 487// 482//
f 2// 415// 3//
f 3// 415// 500//
f 3// 500// 351//
f 351// 500// 501//
f 351// 501// 352//
f 352// 501// 502//
f 352// 502// 341//
f 341// 502// 323//
f 341// 323// 319//
f 319// 323// 322//
f 319// 322// 320//
f 9// 8// 397//
f 397// 8// 353//
f 397// 353// 503//
f 503// 353// 338//
f 503// 338// 504//
f 504// 338// 340//
f 504// 340// 505//
f 505// 340// 486//
f 505// 486// 506//
f 506// 486// 317//
f 506// 317// 507//
f 507// 317// 316//
f 507// 316// 508//
f 508// 316// 480//
f 508// 480// 509//
f 509// 480// 481//
f 509// 481// 510//
f 511// 512// 513//
f 514// 515// 516//
f 516// 515// 245//
f 517// 518// 519//
f 244// 520// 521//
f 522// 244// 523//
f 523// 244// 524//
f 523// 524// 525//
f 525// 524// 526//
f 512// 527// 513//
f 513// 527// 528//
f 513// 528// 529//
f 529// 528// 519//
f 529// 519// 530//
f 530// 519// 518//
f 247// 242// 245//
f 245// 242// 244//
f 245// 244// 516//
f 516// 244// 521//
f 515// 531// 532//
f 515// 533// 534//
f 526// 524// 513//
f 513// 524// 535//
f 513// 535// 511//
f 522// 536// 244//
f 244// 536// 537//
f 244// 537// 538//
f 534// 539// 515//
f 515// 539// 540//
f 515// 540// 531//
f 541// 542// 519//
f 519// 542// 543//
f 519// 543// 544//
f 538// 545// 244//
f 244// 545// 546//
f 244// 546// 520//
f 547// 548// 515//
f 515// 548// 549//
f 515// 549// 533//
f 544// 550// 519//
f 519// 550// 551//
f 519// 551// 517//
f 514// 552// 553//
f 553// 554// 514//
f 514// 554// 555//
f 514// 555// 515//
f 515// 555// 556//
f 515// 556// 547//
f 431// 433// 425//
f 425// 433// 515//
f 425// 515// 524//
f 524// 515// 532//
f 524// 532// 535//
f 426// 425// 436//
f 436// 425// 524//
f 436// 524// 557//
f 557// 524// 244//
f 557// 244// 558//
f 558// 244// 263//
f 558// 263// 559//
f 559// 263// 269//
f 559// 269// 560//
f 560// 269// 232//
f 560// 232// 223//
f 223// 232// 234//
f 223// 234// 224//
f 434// 436// 437//
f 437// 436// 557//
f 437// 557// 417//
f 417// 557// 558//
f 417// 558// 415//
f 415// 558// 559//
f 415// 559// 500//
f 500// 559// 560//
f 500// 560// 501//
f 501// 560// 223//
f 501// 223// 502//
f 502// 223// 222//
f 502// 222// 323//
f 323// 222// 202//
f 323// 202// 325//
f 325// 202// 205//
f 325// 205// 334//
f 334// 205// 474//
f 334// 474// 476//
f 476// 474// 475//
f 476// 475// 478//
f 359// 361// 367//
f 367// 361// 6//
f 367// 6// 561//
f 561// 6// 5//
f 561// 5// 397//
f 397// 5// 562//
f 397// 562// 395//
f 13// 15// 179//
f 179// 15// 437//
f 179// 437// 365//
f 365// 437// 417//
f 365// 417// 408//
f 408// 417// 416//
f 408// 416// 411//
f 25// 27// 31//
f 31// 27// 367//
f 31// 367// 563//
f 563// 367// 561//
f 563// 561// 564//
f 564// 561// 397//
f 564// 397// 565//
f 565// 397// 503//
f 565// 503// 566//
f 566// 503// 504//
f 566// 504// 567//
f 567// 504// 505//
f 567// 505// 568//
f 568// 505// 506//
f 568// 506// 569//
f 569// 506// 507//
f 569// 507// 570//
f 570// 507// 508//
f 570// 508// 571//
f 571// 508// 509//
f 571// 509// 572//
f 572// 509// 510//
f 572// 510// 573//
usemtl 2
f 574// 575// 576//
f 577// 578// 579//
f 580// 581// 582//
f 583// 584// 585//
f 585// 584// 586//
f 585// 586// 587//
f 587// 586// 588//
f 587// 588// 589//
f 589// 588// 590//
f 589// 590// 591//
f 579// 578// 592//
f 592// 578// 593//
f 592// 593// 594//
f 594// 593// 595//
f 594// 595// 596//
f 597// 598// 599//
f 599// 598// 600//
f 599// 600// 601//
f 601// 600// 602//
f 603// 604// 605//
f 605// 604// 606//
f 606// 604// 602//
f 606// 602// 607//
f 607// 602// 600//
f 607// 600// 608//
f 598// 609// 600//
f 600// 609// 603//
f 600// 603// 608//
f 608// 603// 605//
f 610// 611// 612//
f 611// 610// 613//
f 613// 610// 614//
f 613// 614// 615//
f 615// 614// 609//
f 615// 609// 612//
f 612// 609// 598//
f 612// 598// 610//
f 610// 598// 597//
f 610// 597// 574//
f 616// 617// 618//
f 618// 617// 619//
f 619// 617// 604//
f 619// 604// 620//
f 620// 604// 603//
f 620// 603// 621//
f 622// 623// 624//
f 624// 623// 625//
f 623// 626// 625//
f 625// 626// 627//
f 625// 627// 614//
f 614// 627// 622//
f 614// 622// 609//
f 609// 622// 624//
f 609// 624// 603//
f 603// 624// 616//
f 603// 616// 621//
f 621// 616// 618//
f 628// 582// 583//
f 583// 582// 581//
f 583// 581// 584//
f 628// 583// 629//
f 629// 583// 617//
f 629// 617// 630//
f 630// 617// 616//
f 630// 616// 631//
f 632// 633// 634//
f 634// 633// 635//
f 633// 636// 635//
f 635// 636// 637//
f 635// 637// 625//
f 625// 637// 632//
f 625// 632// 624//
f 624// 632// 634//
f 624// 634// 616//
f 616// 634// 582//
f 616// 582// 631//
f 631// 582// 628//
f 595// 638// 596//
f 596// 638// 639//
f 596// 639// 635//
f 635// 639// 577//
f 635// 577// 634//
f 634// 577// 579//
f 634// 579// 582//
f 582// 579// 591//
f 582// 591// 580//
f 580// 591// 590//
f 640// 641// 591//
f 640// 591// 642//
f 643// 644// 579//
f 579// 644// 645//
f 579// 645// 646//
f 646// 647// 579//
f 579// 647// 648//
f 579// 648// 591//
f 591// 648// 649//
f 591// 649// 642//
f 650// 651// 592//
f 641// 652// 591//
f 591// 652// 653//
f 591// 653// 589//
f 589// 653// 654//
f 654// 655// 589//
f 589// 655// 656//
f 589// 656// 657//
f 657// 658// 589//
f 589// 658// 659//
f 589// 659// 592//
f 592// 659// 660//
f 592// 660// 650//
f 651// 661// 592//
f 592// 661// 662//
f 592// 662// 579//
f 579// 662// 663//
f 579// 663// 643//
f 574// 576// 610//
f 610// 576// 664//
f 610// 664// 614//
f 614// 664// 665//
f 614// 665// 625//
f 625// 665// 666//
f 625// 666// 635//
f 635// 666// 667//
f 635// 667// 596//
f 596// 667// 668//
f 596// 668// 594//
usemtl 1
f 669// 670// 671//
f 669// 671// 672//
f 673// 674// 675//
f 676// 677// 678//
f 678// 677// 679//
f 675// 674// 680//
f 680// 674// 681//
f 680// 681// 671//
f 671// 681// 682//
f 671// 682// 672//
f 679// 683// 678//
f 678// 683// 684//
f 678// 684// 685//
f 685// 684// 686//
f 675// 687// 673//
f 673// 687// 688//
f 673// 688// 686//
f 686// 688// 689//
f 686// 689// 685//
f 690// 691// 692//
f 690// 692// 693//
f 694// 695// 696//
f 696// 695// 697//
f 694// 698// 695//
f 695// 698// 699//
f 695// 699// 700//
f 700// 699// 701//
f 700// 701// 702//
f 702// 701// 703//
f 703// 701// 704//
f 703// 704// 705//
f 705// 704// 706//
f 705// 706// 707//
f 707// 706// 708//
f 707// 708// 692//
f 692// 708// 709//
f 692// 709// 693//
f 710// 711// 712//
f 710// 712// 713//
f 714// 715// 716//
f 716// 715// 717//
f 718// 719// 720//
f 720// 719// 721//
f 721// 719// 722//
f 721// 722// 723//
f 723// 722// 724//
f 723// 724// 712//
f 712// 724// 725//
f 712// 725// 713//
f 717// 726// 716//
f 716// 726// 727//
f 716// 727// 728//
f 728// 727// 718//
f 728// 718// 729//
f 729// 718// 720//
usemtl 2
f 730// 731// 587//
f 587// 731// 601//
f 732// 730// 668//
f 668// 730// 587//
f 733// 732// 575//
f 575// 732// 668//
f 731// 733// 601//
f 601// 733// 575//
f 730// 734// 731//
f 731// 734// 735//
f 731// 735// 736//
f 736// 737// 731//
f 731// 737// 738//
f 731// 738// 739//
f 740// 730// 741//
f 741// 730// 742//
f 740// 743// 730//
f 730// 743// 744//
f 730// 744// 734//
f 745// 746// 733//
f 733// 746// 747//
f 733// 747// 748//
f 739// 749// 731//
f 731// 749// 750//
f 731// 750// 733//
f 733// 750// 751//
f 733// 751// 745//
f 752// 753// 732//
f 753// 754// 732//
f 732// 754// 755//
f 732// 755// 756//
f 748// 757// 733//
f 733// 757// 758//
f 733// 758// 732//
f 732// 758// 759//
f 732// 759// 752//
f 756// 760// 732//
f 732// 760// 761//
f 732// 761// 730//
f 730// 761// 762//
f 730// 762// 742//
usemtl 1
f 763// 758// 757//
f 763// 757// 764//
f 764// 757// 748//
f 764// 748// 765//
f 765// 748// 747//
f 765// 747// 766//
f 766// 747// 746//
f 766// 746// 767//
f 767// 746// 745//
f 767// 745// 768//
f 768// 745// 751//
f 768// 751// 769//
f 750// 712// 711//
f 750// 711// 751//
f 751// 711// 770//
f 751// 770// 769//
f 712// 750// 749//
f 712// 749// 723//
f 723// 749// 739//
f 723// 739// 721//
f 721// 739// 738//
f 721// 738// 720//
f 720// 738// 737//
f 720// 737// 729//
f 729// 737// 736//
f 729// 736// 728//
f 728// 736// 735//
f 728// 735// 716//
f 734// 692// 691//
f 734// 691// 735//
f 735// 691// 714//
f 735// 714// 716//
f 692// 734// 744//
f 692// 744// 707//
f 707// 744// 743//
f 707// 743// 705//
f 705// 743// 740//
f 705// 740// 703//
f 703// 740// 741//
f 703// 741// 702//
f 702// 741// 742//
f 702// 742// 700//
f 700// 742// 762//
f 700// 762// 695//
f 761// 671// 670//
f 761// 670// 762//
f 762// 670// 697//
f 762// 697// 695//
f 671// 761// 760//
f 671// 760// 680//
f 680// 760// 756//
f 680// 756// 675//
f 675// 756// 755//
f 675// 755// 687//
f 687// 755// 754//
f 687// 754// 688//
f 688// 754// 753//
f 688// 753// 689//
f 689// 753// 752//
f 689// 752// 685//
f 685// 752// 759//
f 685// 759// 678//
f 758// 763// 771//
f 758// 771// 759//
f 759// 771// 676//
f 759// 676// 678//
f 772// 769// 773//
f 773// 769// 770//
f 772// 774// 769//
f 769// 774// 775//
f 769// 775// 768//
f 768// 775// 776//
f 768// 776// 767//
f 771// 763// 777//
f 777// 763// 778//
f 767// 776// 766//
f 766// 776// 779//
f 766// 779// 765//
f 765// 779// 780//
f 765// 780// 764//
f 764// 780// 781//
f 764// 781// 763//
f 763// 781// 782//
f 763// 782// 778//
f 783// 784// 785//
f 785// 784// 786//
f 785// 786// 787//
f 787// 786// 788//
f 787// 788// 789//
f 788// 790// 789//
f 789// 790// 791//
f 789// 791// 792//
f 792// 791// 793//
f 792// 793// 794//
f 794// 793// 795//
f 794// 795// 796//
f 796// 795// 797//
f 796// 797// 798//
f 798// 797// 799//
f 798// 799// 800//
f 800// 799// 801//
f 800// 801// 802//
f 802// 801// 803//
f 802// 803// 804//
f 803// 805// 804//
f 804// 805// 806//
f 804// 806// 807//
f 807// 806// 808//
f 807// 808// 809//
f 809// 808// 810//
f 809// 810// 811//
f 811// 810// 812//
f 811// 812// 813//
f 813// 812// 814//
f 813// 814// 815//
f 815// 814// 816//
f 815// 816// 817//
f 817// 816// 818//
f 819// 820// 818//
f 818// 820// 817//
f 820// 819// 821//
f 821// 819// 822//
f 821// 822// 823//
f 823// 822// 824//
f 823// 824// 825//
f 824// 826// 825//
f 825// 826// 827//
f 825// 827// 828//
f 828// 827// 829//
f 828// 829// 830//
f 830// 829// 831//
f 830// 831// 832//
f 832// 831// 833//
f 832// 833// 834//
f 834// 833// 835//
f 834// 835// 836//
f 836// 835// 837//
f 836// 837// 838//
f 838// 837// 839//
f 838// 839// 840//
f 839// 841// 840//
f 840// 841// 842//
f 840// 842// 843//
f 843// 842// 844//
f 843// 844// 845//
f 845// 844// 846//
f 845// 846// 847//
f 847// 846// 848//
f 847// 848// 849//
f 849// 848// 850//
f 849// 850// 851//
f 851// 850// 852//
f 851// 852// 853//
f 853// 852// 854//
f 855// 856// 854//
f 854// 856// 853//
f 856// 855// 857//
f 857// 855// 858//
f 857// 858// 859//
f 859// 858// 860//
f 859// 860// 861//
f 860// 862// 861//
f 861// 862// 863//
f 861// 863// 864//
f 864// 863// 865//
f 864// 865// 866//
f 866// 865// 867//
f 866// 867// 868//
f 868// 867// 869//
f 868// 869// 870//
f 870// 869// 871//
f 870// 871// 872//
f 872// 871// 873//
f 872// 873// 874//
f 874// 873// 875//
f 874// 875// 876//
f 875// 877// 876//
f 876// 877// 878//
f 876// 878// 879//
f 879// 878// 880//
f 879// 880// 881//
f 881// 880// 882//
f 881// 882// 883//
f 883// 882// 884//
f 883// 884// 885//
f 885// 884// 886//
f 885// 886// 887//
f 887// 886// 888//
f 887// 888// 33//
f 33// 888// 68//
f 573// 464// 889//
f 889// 464// 890//
f 889// 890// 891//
f 891// 890// 892//
f 891// 892// 893//
f 892// 894// 893//
f 893// 894// 895//
f 893// 895// 896//
f 896// 895// 897//
f 896// 897// 898//
f 898// 897// 899//
f 898// 899// 900//
f 900// 899// 901//
f 900// 901// 902//
f 902// 901// 903//
f 902// 903// 904//
f 904// 903// 905//
f 904// 905// 906//
f 906// 905// 907//
f 906// 907// 908//
f 907// 909// 908//
f 908// 909// 910//
f 908// 910// 911//
f 911// 910// 912//
f 911// 912// 913//
f 913// 912// 914//
f 913// 914// 915//
f 915// 914// 916//
f 915// 916// 917//
f 917// 916// 918//
f 917// 918// 919//
f 919// 918// 920//
f 919// 920// 921//
f 921// 920// 922//
f 921// 922// 783//
f 783// 922// 784//
f 923// 924// 925//
f 926// 927// 928//
f 929// 930// 925//
f 931// 932// 933//
f 933// 932// 934//
f 930// 935// 925//
f 925// 935// 936//
f 925// 936// 923//
f 934// 937// 933//
f 933// 937// 938//
f 933// 938// 939//
f 939// 938// 940//
f 939// 940// 941//
f 941// 942// 939//
f 939// 942// 943//
f 939// 943// 944//
f 944// 943// 945//
f 944// 945// 946//
f 947// 948// 949//
f 949// 948// 950//
f 949// 950// 951//
f 947// 952// 948//
f 948// 952// 953//
f 948// 953// 954//
f 955// 956// 957//
f 957// 956// 958//
f 957// 958// 924//
f 924// 958// 959//
f 924// 959// 925//
f 928// 927// 925//
f 925// 927// 960//
f 925// 960// 929//
f 931// 933// 928//
f 928// 933// 961//
f 928// 961// 926//
f 954// 962// 948//
f 948// 962// 963//
f 948// 963// 945//
f 945// 963// 964//
f 945// 964// 946//
f 965// 966// 967//
f 968// 969// 970//
f 970// 969// 971//
f 970// 972// 965//
f 965// 972// 973//
f 965// 973// 966//
f 957// 974// 955//
f 955// 974// 975//
f 955// 975// 976//
f 971// 977// 970//
f 970// 977// 978//
f 970// 978// 972//
f 979// 980// 981//
f 950// 982// 951//
f 951// 982// 983//
f 951// 983// 984//
f 984// 983// 965//
f 984// 965// 985//
f 985// 965// 967//
f 976// 986// 955//
f 955// 986// 987//
f 955// 987// 981//
f 981// 987// 988//
f 981// 988// 979//
f 970// 989// 968//
f 968// 989// 981//
f 968// 981// 990//
f 990// 981// 980//
f 991// 992// 993//
f 994// 995// 996//
f 997// 998// 999//
f 1000// 1001// 1002//
f 1003// 1004// 1005//
f 1006// 1007// 1008//
f 1009// 1010// 1011//
f 1012// 1013// 1014//
f 1015// 1016// 1017//
f 1018// 1019// 1020//
f 1020// 1019// 854//
f 854// 852// 1020//
f 1020// 852// 850//
f 1020// 850// 1021//
f 1021// 850// 848//
f 1021// 848// 1022//
f 848// 846// 1022//
f 1022// 846// 844//
f 1022// 844// 1023//
f 1023// 844// 842//
f 1023// 842// 1024//
f 842// 841// 1024//
f 1024// 841// 839//
f 1024// 839// 1025//
f 839// 837// 1025//
f 1025// 837// 835//
f 1025// 835// 1026//
f 1026// 835// 833//
f 1026// 833// 1027//
f 833// 831// 1027//
f 1027// 831// 829//
f 1027// 829// 1028//
f 1028// 829// 827//
f 1028// 827// 1029//
f 819// 1030// 822//
f 822// 1030// 1031//
f 822// 1031// 824//
f 824// 1031// 1029//
f 824// 1029// 826//
f 826// 1029// 827//
f 1030// 1015// 1031//
f 1031// 1015// 1017//
f 1031// 1017// 1029//
f 1029// 1017// 1032//
f 1029// 1032// 1028//
f 1028// 1032// 1033//
f 1028// 1033// 1027//
f 1027// 1033// 1034//
f 1027// 1034// 1026//
f 1026// 1034// 1035//
f 1026// 1035// 1025//
f 1025// 1035// 1036//
f 1025// 1036// 1024//
f 1024// 1036// 1037//
f 1024// 1037// 1023//
f 1023// 1037// 1038//
f 1023// 1038// 1022//
f 1022// 1038// 1039//
f 1022// 1039// 1021//
f 1021// 1039// 1040//
f 1021// 1040// 1020//
f 1020// 1040// 1014//
f 1020// 1014// 1018//
f 1018// 1014// 1013//
f 1016// 1009// 1017//
f 1017// 1009// 1011//
f 1017// 1011// 1032//
f 1032// 1011// 1041//
f 1032// 1041// 1033//
f 1033// 1041// 1042//
f 1033// 1042// 1034//
f 1034// 1042// 1043//
f 1034// 1043// 1035//
f 1035// 1043// 1044//
f 1035// 1044// 1036//
f 1036// 1044// 1045//
f 1036// 1045// 1037//
f 1037// 1045// 1046//
f 1037// 1046// 1038//
f 1038// 1046// 1047//
f 1038// 1047// 1039//
f 1039// 1047// 1048//
f 1039// 1048// 1040//
f 1040// 1048// 1049//
f 1040// 1049// 1014//
f 1014// 1049// 1008//
f 1014// 1008// 1012//
f 1012// 1008// 1007//
f 1010// 1003// 1011//
f 1011// 1003// 1005//
f 1011// 1005// 1041//
f 1041// 1005// 1050//
f 1041// 1050// 1042//
f 1042// 1050// 1051//
f 1042// 1051// 1043//
f 1043// 1051// 1052//
f 1043// 1052// 1044//
f 1044// 1052// 1053//
f 1044// 1053// 1045//
f 1045// 1053// 1054//
f 1045// 1054// 1046//
f 1046// 1054// 1055//
f 1046// 1055// 1047//
f 1047// 1055// 1056//
f 1047// 1056// 1048//
f 1048// 1056// 1057//
f 1048// 1057// 1049//
f 1049// 1057// 1058//
f 1049// 1058// 1008//
f 1008// 1058// 1002//
f 1008// 1002// 1006//
f 1006// 1002// 1001//
f 1004// 997// 1005//
f 1005// 997// 999//
f 1005// 999// 1050//
f 1050// 999// 1059//
f 1050// 1059// 1051//
f 1051// 1059// 1060//
f 1051// 1060// 1052//
f 1052// 1060// 1061//
f 1052// 1061// 1053//
f 1053// 1061// 1062//
f 1053// 1062// 1054//
f 1054// 1062// 1063//
f 1054// 1063// 1055//
f 1055// 1063// 1064//
f 1055// 1064// 1056//
f 1056// 1064// 1065//
f 1056// 1065// 1057//
f 1057// 1065// 1066//
f 1057// 1066// 1058//
f 1058// 1066// 1067//
f 1058// 1067// 1002//
f 1002// 1067// 996//
f 1002// 996// 1000//
f 1000// 996// 995//
f 998// 991// 999//
f 999// 991// 993//
f 999// 993// 1059//
f 1059// 993// 1068//
f 1059// 1068// 1060//
f 1060// 1068// 1069//
f 1060// 1069// 1061//
f 1061// 1069// 1070//
f 1061// 1070// 1062//
f 1062// 1070// 1071//
f 1062// 1071// 1063//
f 1063// 1071// 1072//
f 1063// 1072// 1064//
f 1064// 1072// 1073//
f 1064// 1073// 1065//
f 1065// 1073// 1074//
f 1065// 1074// 1066//
f 1066// 1074// 1075//
f 1066// 1075// 1067//
f 1067// 1075// 1076//
f 1067// 1076// 996//
f 996// 1076// 1077//
f 996// 1077// 994//
f 994// 1077// 1078//
f 992// 711// 993//
f 993// 711// 710//
f 993// 710// 1068//
f 1068// 710// 713//
f 1068// 713// 1069//
f 1069// 713// 725//
f 1069// 725// 1070//
f 1070// 725// 724//
f 1070// 724// 1071//
f 1071// 724// 722//
f 1071// 722// 1072//
f 1072// 722// 719//
f 1072// 719// 1073//
f 1073// 719// 718//
f 1073// 718// 1074//
f 1074// 718// 727//
f 1074// 727// 1075//
f 1075// 727// 726//
f 1075// 726// 1076//
f 1076// 726// 717//
f 1076// 717// 1077//
f 1077// 717// 715//
f 1077// 715// 1078//
f 1078// 715// 714//
f 855// 854// 1079//
f 1079// 854// 1019//
f 1079// 1019// 1080//
f 1080// 1019// 1018//
f 1080// 1018// 1081//
f 1081// 1018// 1013//
f 1081// 1013// 1082//
f 1082// 1013// 1012//
f 1082// 1012// 1083//
f 1083// 1012// 1007//
f 1083// 1007// 1084//
f 1084// 1007// 1006//
f 1084// 1006// 1085//
f 1085// 1006// 1001//
f 1085// 1001// 1086//
f 1086// 1001// 1000//
f 1086// 1000// 1087//
f 1087// 1000// 995//
f 1087// 995// 1088//
f 1088// 995// 994//
f 1088// 994// 1089//
f 1089// 994// 1078//
f 1089// 1078// 691//
f 691// 1078// 714//
f 770// 711// 1090//
f 1090// 711// 992//
f 1090// 992// 1091//
f 1091// 992// 991//
f 1091// 991// 1092//
f 1092// 991// 998//
f 1092// 998// 1093//
f 1093// 998// 997//
f 1093// 997// 1094//
f 1094// 997// 1004//
f 1094// 1004// 1095//
f 1095// 1004// 1003//
f 1095// 1003// 1096//
f 1096// 1003// 1010//
f 1096// 1010// 1097//
f 1097// 1010// 1009//
f 1097// 1009// 1098//
f 1098// 1009// 1016//
f 1098// 1016// 1099//
f 1099// 1016// 1015//
f 1099// 1015// 1100//
f 1100// 1015// 1030//
f 1100// 1030// 818//
f 818// 1030// 819//
f 1088// 1089// 1101//
f 1102// 1103// 1104//
f 1086// 1087// 1105//
f 1106// 1107// 1108//
f 1084// 1085// 1109//
f 1110// 1111// 1112//
f 1082// 1083// 1113//
f 1114// 1115// 1116//
f 1080// 1081// 1117//
f 1118// 1119// 1120//
f 1120// 1119// 68//
f 68// 888// 1120//
f 1120// 888// 886//
f 1120// 886// 1121//
f 1121// 886// 884//
f 1121// 884// 1122//
f 884// 882// 1122//
f 1122// 882// 880//
f 1122// 880// 1123//
f 1123// 880// 878//
f 1123// 878// 1124//
f 878// 877// 1124//
f 1124// 877// 875//
f 1124// 875// 1125//
f 875// 873// 1125//
f 1125// 873// 871//
f 1125// 871// 1126//
f 1126// 871// 869//
f 1126// 869// 1127//
f 869// 867// 1127//
f 1127// 867// 865//
f 1127// 865// 1128//
f 1128// 865// 863//
f 1128// 863// 1129//
f 855// 1079// 858//
f 858// 1079// 1130//
f 858// 1130// 860//
f 860// 1130// 1129//
f 860// 1129// 862//
f 862// 1129// 863//
f 1079// 1080// 1130//
f 1130// 1080// 1117//
f 1130// 1117// 1129//
f 1129// 1117// 1131//
f 1129// 1131// 1128//
f 1128// 1131// 1132//
f 1128// 1132// 1127//
f 1127// 1132// 1133//
f 1127// 1133// 1126//
f 1126// 1133// 1134//
f 1126// 1134// 1125//
f 1125// 1134// 1135//
f 1125// 1135// 1124//
f 1124// 1135// 1136//
f 1124// 1136// 1123//
f 1123// 1136// 1137//
f 1123// 1137// 1122//
f 1122// 1137// 1138//
f 1122// 1138// 1121//
f 1121// 1138// 1139//
f 1121// 1139// 1120//
f 1120// 1139// 1116//
f 1120// 1116// 1118//
f 1118// 1116// 1115//
f 1081// 1082// 1117//
f 1117// 1082// 1113//
f 1117// 1113// 1131//
f 1131// 1113// 1140//
f 1131// 1140// 1132//
f 1132// 1140// 1141//
f 1132// 1141// 1133//
f 1133// 1141// 1142//
f 1133// 1142// 1134//
f 1134// 1142// 1143//
f 1134// 1143// 1135//
f 1135// 1143// 1144//
f 1135// 1144// 1136//
f 1136// 1144// 1145//
f 1136// 1145// 1137//
f 1137// 1145// 1146//
f 1137// 1146// 1138//
f 1138// 1146// 1147//
f 1138// 1147// 1139//
f 1139// 1147// 1148//
f 1139// 1148// 1116//
f 1116// 1148// 1112//
f 1116// 1112// 1114//
f 1114// 1112// 1111//
f 1083// 1084// 1113//
f 1113// 1084// 1109//
f 1113// 1109// 1140//
f 1140// 1109// 1149//
f 1140// 1149// 1141//
f 1141// 1149// 1150//
f 1141// 1150// 1142//
f 1142// 1150// 1151//
f 1142// 1151// 1143//
f 1143// 1151// 1152//
f 1143// 1152// 1144//
f 1144// 1152// 1153//
f 1144// 1153// 1145//
f 1145// 1153// 1154//
f 1145// 1154// 1146//
f 1146// 1154// 1155//
f 1146// 1155// 1147//
f 1147// 1155// 1156//
f 1147// 1156// 1148//
f 1148// 1156// 1157//
f 1148// 1157// 1112//
f 1112// 1157// 1108//
f 1112// 1108// 1110//
f 1110// 1108// 1107//
f 1085// 1086// 1109//
f 1109// 1086// 1105//
f 1109// 1105// 1149//
f 1149// 1105// 1158//
f 1149// 1158// 1150//
f 1150// 1158// 1159//
f 1150// 1159// 1151//
f 1151// 1159// 1160//
f 1151// 1160// 1152//
f 1152// 1160// 1161//
f 1152// 1161// 1153//
f 1153// 1161// 1162//
f 1153// 1162// 1154//
f 1154// 1162// 1163//
f 1154// 1163// 1155//
f 1155// 1163// 1164//
f 1155// 1164// 1156//
f 1156// 1164// 1165//
f 1156// 1165// 1157//
f 1157// 1165// 1166//
f 1157// 1166// 1108//
f 1108// 1166// 1104//
f 1108// 1104// 1106//
f 1106// 1104// 1103//
f 1087// 1088// 1105//
f 1105// 1088// 1101//
f 1105// 1101// 1158//
f 1158// 1101// 1167//
f 1158// 1167// 1159//
f 1159// 1167// 1168//
f 1159// 1168// 1160//
f 1160// 1168// 1169//
f 1160// 1169// 1161//
f 1161// 1169// 1170//
f 1161// 1170// 1162//
f 1162// 1170// 1171//
f 1162// 1171// 1163//
f 1163// 1171// 1172//
f 1163// 1172// 1164//
f 1164// 1172// 1173//
f 1164// 1173// 1165//
f 1165// 1173// 1174//
f 1165// 1174// 1166//
f 1166// 1174// 1175//
f 1166// 1175// 1104//
f 1104// 1175// 1176//
f 1104// 1176// 1102//
f 1102// 1176// 1177//
f 1089// 691// 1101//
f 1101// 691// 690//
f 1101// 690// 1167//
f 1167// 690// 693//
f 1167// 693// 1168//
f 1168// 693// 709//
f 1168// 709// 1169//
f 1169// 709// 708//
f 1169// 708// 1170//
f 1170// 708// 706//
f 1170// 706// 1171//
f 1171// 706// 704//
f 1171// 704// 1172//
f 1172// 704// 701//
f 1172// 701// 1173//
f 1173// 701// 699//
f 1173// 699// 1174//
f 1174// 699// 698//
f 1174// 698// 1175//
f 1175// 698// 694//
f 1175// 694// 1176//
f 1176// 694// 696//
f 1176// 696// 1177//
f 1177// 696// 697//
f 1178// 1179// 1180//
f 1091// 1092// 1181//
f 1182// 1183// 1184//
f 1093// 1094// 1185//
f 1186// 1187// 1188//
f 1095// 1096// 1189//
f 1190// 1191// 1192//
f 1097// 1098// 1193//
f 1194// 1195// 1196//
f 1099// 1100// 1197//
f 1197// 1100// 818//
f 818// 816// 1197//
f 1197// 816// 814//
f 1197// 814// 1198//
f 1198// 814// 812//
f 1198// 812// 1199//
f 812// 810// 1199//
f 1199// 810// 808//
f 1199// 808// 1200//
f 1200// 808// 806//
f 1200// 806// 1201//
f 806// 805// 1201//
f 1201// 805// 803//
f 1201// 803// 1202//
f 803// 801// 1202//
f 1202// 801// 799//
f 1202// 799// 1203//
f 1203// 799// 797//
f 1203// 797// 1204//
f 797// 795// 1204//
f 1204// 795// 793//
f 1204// 793// 1205//
f 1205// 793// 791//
f 1205// 791// 1206//
f 784// 1207// 786//
f 786// 1207// 1208//
f 786// 1208// 788//
f 788// 1208// 1206//
f 788// 1206// 790//
f 790// 1206// 791//
f 1207// 1194// 1208//
f 1208// 1194// 1196//
f 1208// 1196// 1206//
f 1206// 1196// 1209//
f 1206// 1209// 1205//
f 1205// 1209// 1210//
f 1205// 1210// 1204//
f 1204// 1210// 1211//
f 1204// 1211// 1203//
f 1203// 1211// 1212//
f 1203// 1212// 1202//
f 1202// 1212// 1213//
f 1202// 1213// 1201//
f 1201// 1213// 1214//
f 1201// 1214// 1200//
f 1200// 1214// 1215//
f 1200// 1215// 1199//
f 1199// 1215// 1216//
f 1199// 1216// 1198//
f 1198// 1216// 1217//
f 1198// 1217// 1197//
f 1197// 1217// 1193//
f 1197// 1193// 1099//
f 1099// 1193// 1098//
f 1195// 1190// 1196//
f 1196// 1190// 1192//
f 1196// 1192// 1209//
f 1209// 1192// 1218//
f 1209// 1218// 1210//
f 1210// 1218// 1219//
f 1210// 1219// 1211//
f 1211// 1219// 1220//
f 1211// 1220// 1212//
f 1212// 1220// 1221//
f 1212// 1221// 1213//
f 1213// 1221// 1222//
f 1213// 1222// 1214//
f 1214// 1222// 1223//
f 1214// 1223// 1215//
f 1215// 1223// 1224//
f 1215// 1224// 1216//
f 1216// 1224// 1225//
f 1216// 1225// 1217//
f 1217// 1225// 1226//
f 1217// 1226// 1193//
f 1193// 1226// 1189//
f 1193// 1189// 1097//
f 1097// 1189// 1096//
f 1191// 1186// 1192//
f 1192// 1186// 1188//
f 1192// 1188// 1218//
f 1218// 1188// 1227//
f 1218// 1227// 1219//
f 1219// 1227// 1228//
f 1219// 1228// 1220//
f 1220// 1228// 1229//
f 1220// 1229// 1221//
f 1221// 1229// 1230//
f 1221// 1230// 1222//
f 1222// 1230// 1231//
f 1222// 1231// 1223//
f 1223// 1231// 1232//
f 1223// 1232// 1224//
f 1224// 1232// 1233//
f 1224// 1233// 1225//
f 1225// 1233// 1234//
f 1225// 1234// 1226//
f 1226// 1234// 1235//
f 1226// 1235// 1189//
f 1189// 1235// 1185//
f 1189// 1185// 1095//
f 1095// 1185// 1094//
f 1187// 1182// 1188//
f 1188// 1182// 1184//
f 1188// 1184// 1227//
f 1227// 1184// 1236//
f 1227// 1236// 1228//
f 1228// 1236// 1237//
f 1228// 1237// 1229//
f 1229// 1237// 1238//
f 1229// 1238// 1230//
f 1230// 1238// 1239//
f 1230// 1239// 1231//
f 1231// 1239// 1240//
f 1231// 1240// 1232//
f 1232// 1240// 1241//
f 1232// 1241// 1233//
f 1233// 1241// 1242//
f 1233// 1242// 1234//
f 1234// 1242// 1243//
f 1234// 1243// 1235//
f 1235// 1243// 1244//
f 1235// 1244// 1185//
f 1185// 1244// 1181//
f 1185// 1181// 1093//
f 1093// 1181// 1092//
f 1183// 1178// 1184//
f 1184// 1178// 1180//
f 1184// 1180// 1236//
f 1236// 1180// 1245//
f 1236// 1245// 1237//
f 1237// 1245// 1246//
f 1237// 1246// 1238//
f 1238// 1246// 1247//
f 1238// 1247// 1239//
f 1239// 1247// 1248//
f 1239// 1248// 1240//
f 1240// 1248// 1249//
f 1240// 1249// 1241//
f 1241// 1249// 1250//
f 1241// 1250// 1242//
f 1242// 1250// 1251//
f 1242// 1251// 1243//
f 1243// 1251// 1252//
f 1243// 1252// 1244//
f 1244// 1252// 1253//
f 1244// 1253// 1181//
f 1181// 1253// 1254//
f 1181// 1254// 1091//
f 1091// 1254// 1090//
f 1179// 771// 1180//
f 1180// 771// 777//
f 1180// 777// 1245//
f 1245// 777// 778//
f 1245// 778// 1246//
f 1246// 778// 782//
f 1246// 782// 1247//
f 1247// 782// 781//
f 1247// 781// 1248//
f 1248// 781// 780//
f 1248// 780// 1249//
f 1249// 780// 779//
f 1249// 779// 1250//
f 1250// 779// 776//
f 1250// 776// 1251//
f 1251// 776// 775//
f 1251// 775// 1252//
f 1252// 775// 774//
f 1252// 774// 1253//
f 1253// 774// 772//
f 1253// 772// 1254//
f 1254// 772// 773//
f 1254// 773// 1090//
f 1090// 773// 770//
f 464// 68// 1255//
f 1255// 68// 1119//
f 1255// 1119// 1256//
f 1256// 1119// 1118//
f 1256// 1118// 1257//
f 1257// 1118// 1115//
f 1257// 1115// 1258//
f 1258// 1115// 1114//
f 1258// 1114// 1259//
f 1259// 1114// 1111//
f 1259// 1111// 1260//
f 1260// 1111// 1110//
f 1260// 1110// 1261//
f 1261// 1110// 1107//
f 1261// 1107// 1262//
f 1262// 1107// 1106//
f 1262// 1106// 1263//
f 1263// 1106// 1103//
f 1263// 1103// 1264//
f 1264// 1103// 1102//
f 1264// 1102// 1265//
f 1265// 1102// 1177//
f 1265// 1177// 670//
f 670// 1177// 697//
f 676// 771// 1266//
f 1266// 771// 1179//
f 1266// 1179// 1267//
f 1267// 1179// 1178//
f 1267// 1178// 1268//
f 1268// 1178// 1183//
f 1268// 1183// 1269//
f 1269// 1183// 1182//
f 1269// 1182// 1270//
f 1270// 1182// 1187//
f 1270// 1187// 1271//
f 1271// 1187// 1186//
f 1271// 1186// 1272//
f 1272// 1186// 1191//
f 1272// 1191// 1273//
f 1273// 1191// 1190//
f 1273// 1190// 1274//
f 1274// 1190// 1195//
f 1274// 1195// 1275//
f 1275// 1195// 1194//
f 1275// 1194// 1276//
f 1276// 1194// 1207//
f 1276// 1207// 922//
f 922// 1207// 784//
f 1264// 1265// 1277//
f 1267// 1268// 1278//
f 1262// 1263// 1279//
f 1269// 1270// 1280//
f 1260// 1261// 1281//
f 1271// 1272// 1282//
f 1258// 1259// 1283//
f 1273// 1274// 1284//
f 1256// 1257// 1285//
f 1275// 1276// 1286//
f 1286// 1276// 922//
f 922// 920// 1286//
f 1286// 920// 918//
f 1286// 918// 1287//
f 1287// 918// 916//
f 1287// 916// 1288//
f 916// 914// 1288//
f 1288// 914// 912//
f 1288// 912// 1289//
f 1289// 912// 910//
f 1289// 910// 1290//
f 910// 909// 1290//
f 1290// 909// 907//
f 1290// 907// 1291//
f 907// 905// 1291//
f 1291// 905// 903//
f 1291// 903// 1292//
f 1292// 903// 901//
f 1292// 901// 1293//
f 901// 899// 1293//
f 1293// 899// 897//
f 1293// 897// 1294//
f 1294// 897// 895//
f 1294// 895// 1295//
f 464// 1255// 890//
f 890// 1255// 1296//
f 890// 1296// 892//
f 892// 1296// 1295//
f 892// 1295// 894//
f 894// 1295// 895//
f 1255// 1256// 1296//
f 1296// 1256// 1285//
f 1296// 1285// 1295//
f 1295// 1285// 1297//
f 1295// 1297// 1294//
f 1294// 1297// 1298//
f 1294// 1298// 1293//
f 1293// 1298// 1299//
f 1293// 1299// 1292//
f 1292// 1299// 1300//
f 1292// 1300// 1291//
f 1291// 1300// 1301//
f 1291// 1301// 1290//
f 1290// 1301// 1302//
f 1290// 1302// 1289//
f 1289// 1302// 1303//
f 1289// 1303// 1288//
f 1288// 1303// 1304//
f 1288// 1304// 1287//
f 1287// 1304// 1305//
f 1287// 1305// 1286//
f 1286// 1305// 1284//
f 1286// 1284// 1275//
f 1275// 1284// 1274//
f 1257// 1258// 1285//
f 1285// 1258// 1283//
f 1285// 1283// 1297//
f 1297// 1283// 1306//
f 1297// 1306// 1298//
f 1298// 1306// 1307//
f 1298// 1307// 1299//
f 1299// 1307// 1308//
f 1299// 1308// 1300//
f 1300// 1308// 1309//
f 1300// 1309// 1301//
f 1301// 1309// 1310//
f 1301// 1310// 1302//
f 1302// 1310// 1311//
f 1302// 1311// 1303//
f 1303// 1311// 1312//
f 1303// 1312// 1304//
f 1304// 1312// 1313//
f 1304// 1313// 1305//
f 1305// 1313// 1314//
f 1305// 1314// 1284//
f 1284// 1314// 1282//
f 1284// 1282// 1273//
f 1273// 1282// 1272//
f 1259// 1260// 1283//
f 1283// 1260// 1281//
f 1283// 1281// 1306//
f 1306// 1281// 1315//
f 1306// 1315// 1307//
f 1307// 1315// 1316//
f 1307// 1316// 1308//
f 1308// 1316// 1317//
f 1308// 1317// 1309//
f 1309// 1317// 1318//
f 1309// 1318// 1310//
f 1310// 1318// 1319//
f 1310// 1319// 1311//
f 1311// 1319// 1320//
f 1311// 1320// 1312//
f 1312// 1320// 1321//
f 1312// 1321// 1313//
f 1313// 1321// 1322//
f 1313// 1322// 1314//
f 1314// 1322// 1323//
f 1314// 1323// 1282//
f 1282// 1323// 1280//
f 1282// 1280// 1271//
f 1271// 1280// 1270//
f 1261// 1262// 1281//
f 1281// 1262// 1279//
f 1281// 1279// 1315//
f 1315// 1279// 1324//
f 1315// 1324// 1316//
f 1316// 1324// 1325//
f 1316// 1325// 1317//
f 1317// 1325// 1326//
f 1317// 1326// 1318//
f 1318// 1326// 1327//
f 1318// 1327// 1319//
f 1319// 1327// 1328//
f 1319// 1328// 1320//
f 1320// 1328// 1329//
f 1320// 1329// 1321//
f 1321// 1329// 1330//
f 1321// 1330// 1322//
f 1322// 1330// 1331//
f 1322// 1331// 1323//
f 1323// 1331// 1332//
f 1323// 1332// 1280//
f 1280// 1332// 1278//
f 1280// 1278// 1269//
f 1269// 1278// 1268//
f 1263// 1264// 1279//
f 1279// 1264// 1277//
f 1279// 1277// 1324//
f 1324// 1277// 1333//
f 1324// 1333// 1325//
f 1325// 1333// 1334//
f 1325// 1334// 1326//
f 1326// 1334// 1335//
f 1326// 1335// 1327//
f 1327// 1335// 1336//
f 1327// 1336// 1328//
f 1328// 1336// 1337//
f 1328// 1337// 1329//
f 1329// 1337// 1338//
f 1329// 1338// 1330//
f 1330// 1338// 1339//
f 1330// 1339// 1331//
f 1331// 1339// 1340//
f 1331// 1340// 1332//
f 1332// 1340// 1341//
f 1332// 1341// 1278//
f 1278// 1341// 1342//
f 1278// 1342// 1267//
f 1267// 1342// 1266//
f 1265// 670// 1277//
f 1277// 670// 669//
f 1277// 669// 1333//
f 1333// 669// 672//
f 1333// 672// 1334//
f 1334// 672// 682//
f 1334// 682// 1335//
f 1335// 682// 681//
f 1335// 681// 1336//
f 1336// 681// 674//
f 1336// 674// 1337//
f 1337// 674// 673//
f 1337// 673// 1338//
f 1338// 673// 686//
f 1338// 686// 1339//
f 1339// 686// 684//
f 1339// 684// 1340//
f 1340// 684// 683//
f 1340// 683// 1341//
f 1341// 683// 679//
f 1341// 679// 1342//
f 1342// 679// 677//
f 1342// 677// 1266//
f 1266// 677// 676//
f 957// 924// 1343//
f 1343// 924// 1344//
f 1343// 1344// 1345//
f 1345// 1344// 1346//
f 1345// 1346// 1347//
f 1347// 1346// 1348//
f 1347// 1348// 1349//
f 1349// 1348// 1350//
f 1349// 1350// 1351//
f 1351// 1350// 1352//
f 1351// 1352// 1353//
f 1353// 1352// 1354//
f 1353// 1354// 1355//
f 1355// 1354// 1356//
f 1355// 1356// 1357//
f 1357// 1356// 1358//
f 1357// 1358// 1359//
f 1359// 1358// 1360//
f 1359// 1360// 1361//
f 1361// 1360// 1362//
f 1361// 1362// 1363//
f 1363// 1362// 1364//
f 1363// 1364// 856//
f 856// 1364// 853//
f 1363// 856// 857//
f 1363// 857// 1365//
f 1365// 857// 859//
f 1365// 859// 1366//
f 859// 861// 1366//
f 1366// 861// 864//
f 1366// 864// 1367//
f 864// 866// 1367//
f 1367// 866// 868//
f 1367// 868// 1368//
f 1368// 868// 870//
f 1368// 870// 1369//
f 870// 872// 1369//
f 1369// 872// 874//
f 1369// 874// 1370//
f 874// 876// 1370//
f 1370// 876// 879//
f 1370// 879// 1371//
f 1371// 879// 881//
f 1371// 881// 1372//
f 1372// 881// 883//
f 1372// 883// 1373//
f 1373// 883// 885//
f 1373// 885// 887//
f 1357// 1359// 1374//
f 1374// 1359// 1361//
f 887// 33// 1373//
f 1373// 33// 1375//
f 1373// 1375// 1376//
f 1376// 1377// 1373//
f 1373// 1377// 1378//
f 1373// 1378// 1372//
f 1372// 1378// 1379//
f 1372// 1379// 1371//
f 1371// 1379// 1380//
f 1371// 1380// 1370//
f 1370// 1380// 1381//
f 1370// 1381// 1369//
f 1369// 1381// 1382//
f 1369// 1382// 1368//
f 1368// 1382// 1383//
f 1368// 1383// 1367//
f 1367// 1383// 1384//
f 1367// 1384// 1366//
f 1366// 1384// 1374//
f 1366// 1374// 1365//
f 1365// 1374// 1361//
f 1365// 1361// 1363//
f 1385// 1355// 1357//
f 1357// 1374// 1385//
f 1385// 1374// 1384//
f 1385// 1384// 1386//
f 1386// 1384// 1383//
f 1386// 1383// 1387//
f 1387// 1383// 1382//
f 1387// 1382// 1388//
f 1388// 1382// 1381//
f 1388// 1381// 1389//
f 1389// 1381// 1380//
f 1389// 1380// 1390//
f 1390// 1380// 1379//
f 1390// 1379// 1391//
f 1391// 1379// 1378//
f 1391// 1378// 1392//
f 1392// 1378// 1377//
f 1392// 1377// 1393//
f 1349// 1351// 1394//
f 1394// 1351// 1353//
f 1376// 1395// 1377//
f 1377// 1395// 1396//
f 1377// 1396// 1393//
f 1393// 1396// 1397//
f 1393// 1397// 1398//
f 1398// 1399// 1393//
f 1393// 1399// 1400//
f 1393// 1400// 1392//
f 1392// 1400// 1401//
f 1392// 1401// 1391//
f 1391// 1401// 1402//
f 1391// 1402// 1390//
f 1390// 1402// 1403//
f 1390// 1403// 1389//
f 1389// 1403// 1404//
f 1389// 1404// 1388//
f 1388// 1404// 1405//
f 1388// 1405// 1387//
f 1387// 1405// 1406//
f 1387// 1406// 1386//
f 1386// 1406// 1394//
f 1386// 1394// 1385//
f 1385// 1394// 1353//
f 1385// 1353// 1355//
f 1345// 1347// 1407//
f 1407// 1347// 1349//
f 1349// 1394// 1407//
f 1407// 1394// 1406//
f 1407// 1406// 1408//
f 1408// 1406// 1405//
f 1408// 1405// 1409//
f 1409// 1405// 1404//
f 1409// 1404// 1410//
f 1410// 1404// 1403//
f 1410// 1403// 1411//
f 1411// 1403// 1402//
f 1411// 1402// 1412//
f 1412// 1402// 1401//
f 1412// 1401// 1413//
f 1413// 1401// 1400//
f 1413// 1400// 1414//
f 1414// 1400// 1399//
f 1414// 1399// 1415//
f 957// 1343// 1416//
f 1416// 1343// 1345//
f 1398// 1417// 1399//
f 1399// 1417// 1418//
f 1399// 1418// 1415//
f 1415// 1418// 1419//
f 1415// 1419// 1420//
f 1345// 1407// 1416//
f 1416// 1407// 1408//
f 1416// 1408// 1421//
f 1421// 1408// 1409//
f 1421// 1409// 1422//
f 1422// 1409// 1410//
f 1422// 1410// 1423//
f 1423// 1410// 1411//
f 1423// 1411// 1424//
f 1424// 1411// 1412//
f 1424// 1412// 1425//
f 1425// 1412// 1413//
f 1425// 1413// 1426//
f 1426// 1413// 1414//
f 1426// 1414// 1427//
f 1427// 1414// 1415//
f 1427// 1415// 1428//
f 1428// 1415// 1420//
f 1428// 1420// 1429//
f 957// 1416// 974//
f 974// 1416// 1421//
f 974// 1421// 975//
f 975// 1421// 1422//
f 975// 1422// 976//
f 976// 1422// 1423//
f 976// 1423// 986//
f 986// 1423// 1424//
f 986// 1424// 987//
f 987// 1424// 1425//
f 987// 1425// 988//
f 988// 1425// 1426//
f 988// 1426// 979//
f 979// 1426// 1427//
f 979// 1427// 980//
f 980// 1427// 1428//
f 980// 1428// 990//
f 990// 1428// 1429//
f 990// 1429// 968//
f 1430// 820// 821//
f 1430// 821// 1431//
f 1431// 821// 823//
f 1431// 823// 1432//
f 823// 825// 1432//
f 1432// 825// 828//
f 1432// 828// 1433//
f 828// 830// 1433//
f 1433// 830// 832//
f 1433// 832// 1434//
f 1434// 832// 834//
f 1434// 834// 1435//
f 834// 836// 1435//
f 1435// 836// 838//
f 1435// 838// 1436//
f 838// 840// 1436//
f 1436// 840// 843//
f 1436// 843// 1437//
f 1437// 843// 845//
f 1437// 845// 1438//
f 1438// 845// 847//
f 1438// 847// 1439//
f 1439// 847// 849//
f 1439// 849// 851//
f 1440// 1441// 1442//
f 1442// 1441// 1443//
f 851// 853// 1439//
f 1439// 853// 1364//
f 1439// 1364// 1362//
f 1362// 1444// 1439//
f 1439// 1444// 1445//
f 1439// 1445// 1438//
f 1438// 1445// 1446//
f 1438// 1446// 1437//
f 1437// 1446// 1447//
f 1437// 1447// 1436//
f 1436// 1447// 1448//
f 1436// 1448// 1435//
f 1435// 1448// 1449//
f 1435// 1449// 1434//
f 1434// 1449// 1450//
f 1434// 1450// 1433//
f 1433// 1450// 1451//
f 1433// 1451// 1432//
f 1432// 1451// 1442//
f 1432// 1442// 1431//
f 1431// 1442// 1443//
f 1431// 1443// 1430//
f 1452// 1453// 1440//
f 1440// 1442// 1452//
f 1452// 1442// 1451//
f 1452// 1451// 1454//
f 1454// 1451// 1450//
f 1454// 1450// 1455//
f 1455// 1450// 1449//
f 1455// 1449// 1456//
f 1456// 1449// 1448//
f 1456// 1448// 1457//
f 1457// 1448// 1447//
f 1457// 1447// 1458//
f 1458// 1447// 1446//
f 1458// 1446// 1459//
f 1459// 1446// 1445//
f 1459// 1445// 1460//
f 1460// 1445// 1444//
f 1460// 1444// 1461//
f 1462// 1463// 1464//
f 1464// 1463// 1465//
f 1362// 1360// 1444//
f 1444// 1360// 1358//
f 1444// 1358// 1461//
f 1461// 1358// 1356//
f 1461// 1356// 1354//
f 1354// 1466// 1461//
f 1461// 1466// 1467//
f 1461// 1467// 1460//
f 1460// 1467// 1468//
f 1460// 1468// 1459//
f 1459// 1468// 1469//
f 1459// 1469// 1458//
f 1458// 1469// 1470//
f 1458// 1470// 1457//
f 1457// 1470// 1471//
f 1457// 1471// 1456//
f 1456// 1471// 1472//
f 1456// 1472// 1455//
f 1455// 1472// 1473//
f 1455// 1473// 1454//
f 1454// 1473// 1464//
f 1454// 1464// 1452//
f 1452// 1464// 1465//
f 1452// 1465// 1453//
f 1474// 1475// 1476//
f 1476// 1475// 1462//
f 1462// 1464// 1476//
f 1476// 1464// 1473//
f 1476// 1473// 1477//
f 1477// 1473// 1472//
f 1477// 1472// 1478//
f 1478// 1472// 1471//
f 1478// 1471// 1479//
f 1479// 1471// 1470//
f 1479// 1470// 1480//
f 1480// 1470// 1469//
f 1480// 1469// 1481//
f 1481// 1469// 1468//
f 1481// 1468// 1482//
f 1482// 1468// 1467//
f 1482// 1467// 1483//
f 1483// 1467// 1466//
f 1483// 1466// 1484//
f 933// 1485// 1486//
f 1486// 1485// 1474//
f 1354// 1352// 1466//
f 1466// 1352// 1350//
f 1466// 1350// 1484//
f 1484// 1350// 1348//
f 1484// 1348// 1346//
f 1474// 1476// 1486//
f 1486// 1476// 1477//
f 1486// 1477// 1487//
f 1487// 1477// 1478//
f 1487// 1478// 1488//
f 1488// 1478// 1479//
f 1488// 1479// 1489//
f 1489// 1479// 1480//
f 1489// 1480// 1490//
f 1490// 1480// 1481//
f 1490// 1481// 1491//
f 1491// 1481// 1482//
f 1491// 1482// 1492//
f 1492// 1482// 1483//
f 1492// 1483// 1493//
f 1493// 1483// 1484//
f 1493// 1484// 1494//
f 1494// 1484// 1346//
f 1494// 1346// 1344//
f 933// 1486// 961//
f 961// 1486// 1487//
f 961// 1487// 926//
f 926// 1487// 1488//
f 926// 1488// 927//
f 927// 1488// 1489//
f 927// 1489// 960//
f 960// 1489// 1490//
f 960// 1490// 929//
f 929// 1490// 1491//
f 929// 1491// 930//
f 930// 1491// 1492//
f 930// 1492// 935//
f 935// 1492// 1493//
f 935// 1493// 936//
f 936// 1493// 1494//
f 936// 1494// 923//
f 923// 1494// 1344//
f 923// 1344// 924//
f 969// 968// 1495//
f 1495// 968// 1429//
f 1495// 1429// 1496//
f 1496// 1429// 1420//
f 1496// 1420// 1497//
f 1497// 1420// 1419//
f 1497// 1419// 1498//
f 1498// 1419// 1418//
f 1498// 1418// 1499//
f 1499// 1418// 1417//
f 1499// 1417// 1500//
f 1500// 1417// 1398//
f 1500// 1398// 1501//
f 1501// 1398// 1397//
f 1501// 1397// 1502//
f 1502// 1397// 1396//
f 1502// 1396// 1503//
f 1503// 1396// 1395//
f 1503// 1395// 1504//
f 1504// 1395// 1376//
f 1504// 1376// 1505//
f 1505// 1376// 1375//
f 1505// 1375// 573//
f 573// 1375// 33//
f 817// 820// 1506//
f 1506// 820// 1430//
f 1506// 1430// 1507//
f 1507// 1430// 1443//
f 1507// 1443// 1508//
f 1508// 1443// 1441//
f 1508// 1441// 1509//
f 1509// 1441// 1440//
f 1509// 1440// 1510//
f 1510// 1440// 1453//
f 1510// 1453// 1511//
f 1511// 1453// 1465//
f 1511// 1465// 1512//
f 1512// 1465// 1463//
f 1512// 1463// 1513//
f 1513// 1463// 1462//
f 1513// 1462// 1514//
f 1514// 1462// 1475//
f 1514// 1475// 1515//
f 1515// 1475// 1474//
f 1515// 1474// 1516//
f 1516// 1474// 1485//
f 1516// 1485// 939//
f 939// 1485// 933//
f 1505// 573// 889//
f 1505// 889// 1517//
f 1517// 889// 891//
f 1517// 891// 1518//
f 891// 893// 1518//
f 1518// 893// 896//
f 1518// 896// 1519//
f 896// 898// 1519//
f 1519// 898// 900//
f 1519// 900// 1520//
f 1520// 900// 902//
f 1520// 902// 1521//
f 902// 904// 1521//
f 1521// 904// 906//
f 1521// 906// 1522//
f 906// 908// 1522//
f 1522// 908// 911//
f 1522// 911// 1523//
f 1523// 911// 913//
f 1523// 913// 1524//
f 1524// 913// 915//
f 1524// 915// 1525//
f 1525// 915// 917//
f 1525// 917// 919//
f 1502// 1503// 1526//
f 1526// 1503// 1504//
f 919// 921// 1525//
f 1525// 921// 1527//
f 1525// 1527// 1528//
f 1528// 1529// 1525//
f 1525// 1529// 1530//
f 1525// 1530// 1524//
f 1524// 1530// 1531//
f 1524// 1531// 1523//
f 1523// 1531// 1532//
f 1523// 1532// 1522//
f 1522// 1532// 1533//
f 1522// 1533// 1521//
f 1521// 1533// 1534//
f 1521// 1534// 1520//
f 1520// 1534// 1535//
f 1520// 1535// 1519//
f 1519// 1535// 1536//
f 1519// 1536// 1518//
f 1518// 1536// 1526//
f 1518// 1526// 1517//
f 1517// 1526// 1504//
f 1517// 1504// 1505//
f 1537// 1501// 1502//
f 1502// 1526// 1537//
f 1537// 1526// 1536//
f 1537// 1536// 1538//
f 1538// 1536// 1535//
f 1538// 1535// 1539//
f 1539// 1535// 1534//
f 1539// 1534// 1540//
f 1540// 1534// 1533//
f 1540// 1533// 1541//
f 1541// 1533// 1532//
f 1541// 1532// 1542//
f 1542// 1532// 1531//
f 1542// 1531// 1543//
f 1543// 1531// 1530//
f 1543// 1530// 1544//
f 1544// 1530// 1529//
f 1544// 1529// 1545//
f 1498// 1499// 1546//
f 1546// 1499// 1500//
f 1528// 1547// 1529//
f 1529// 1547// 1548//
f 1529// 1548// 1545//
f 1545// 1548// 1549//
f 1545// 1549// 1550//
f 1550// 1551// 1545//
f 1545// 1551// 1552//
f 1545// 1552// 1544//
f 1544// 1552// 1553//
f 1544// 1553// 1543//
f 1543// 1553// 1554//
f 1543// 1554// 1542//
f 1542// 1554// 1555//
f 1542// 1555// 1541//
f 1541// 1555// 1556//
f 1541// 1556// 1540//
f 1540// 1556// 1557//
f 1540// 1557// 1539//
f 1539// 1557// 1558//
f 1539// 1558// 1538//
f 1538// 1558// 1546//
f 1538// 1546// 1537//
f 1537// 1546// 1500//
f 1537// 1500// 1501//
f 1496// 1497// 1559//
f 1559// 1497// 1498//
f 1498// 1546// 1559//
f 1559// 1546// 1558//
f 1559// 1558// 1560//
f 1560// 1558// 1557//
f 1560// 1557// 1561//
f 1561// 1557// 1556//
f 1561// 1556// 1562//
f 1562// 1556// 1555//
f 1562// 1555// 1563//
f 1563// 1555// 1554//
f 1563// 1554// 1564//
f 1564// 1554// 1553//
f 1564// 1553// 1565//
f 1565// 1553// 1552//
f 1565// 1552// 1566//
f 1566// 1552// 1551//
f 1566// 1551// 1567//
f 969// 1495// 1568//
f 1568// 1495// 1496//
f 1550// 1569// 1551//
f 1551// 1569// 1570//
f 1551// 1570// 1567//
f 1567// 1570// 1571//
f 1567// 1571// 1572//
f 1496// 1559// 1568//
f 1568// 1559// 1560//
f 1568// 1560// 1573//
f 1573// 1560// 1561//
f 1573// 1561// 1574//
f 1574// 1561// 1562//
f 1574// 1562// 1575//
f 1575// 1562// 1563//
f 1575// 1563// 1576//
f 1576// 1563// 1564//
f 1576// 1564// 1577//
f 1577// 1564// 1565//
f 1577// 1565// 1578//
f 1578// 1565// 1566//
f 1578// 1566// 1579//
f 1579// 1566// 1567//
f 1579// 1567// 1580//
f 1580// 1567// 1572//
f 1580// 1572// 1581//
f 969// 1568// 971//
f 971// 1568// 1573//
f 971// 1573// 977//
f 977// 1573// 1574//
f 977// 1574// 978//
f 978// 1574// 1575//
f 978// 1575// 972//
f 972// 1575// 1576//
f 972// 1576// 973//
f 973// 1576// 1577//
f 973// 1577// 966//
f 966// 1577// 1578//
f 966// 1578// 967//
f 967// 1578// 1579//
f 967// 1579// 985//
f 985// 1579// 1580//
f 985// 1580// 984//
f 984// 1580// 1581//
f 984// 1581// 951//
f 1582// 783// 785//
f 1582// 785// 1583//
f 1583// 785// 787//
f 1583// 787// 1584//
f 787// 789// 1584//
f 1584// 789// 792//
f 1584// 792// 1585//
f 792// 794// 1585//
f 1585// 794// 796//
f 1585// 796// 1586//
f 1586// 796// 798//
f 1586// 798// 1587//
f 798// 800// 1587//
f 1587// 800// 802//
f 1587// 802// 1588//
f 802// 804// 1588//
f 1588// 804// 807//
f 1588// 807// 1589//
f 1589// 807// 809//
f 1589// 809// 1590//
f 1590// 809// 811//
f 1590// 811// 1591//
f 1591// 811// 813//
f 1591// 813// 815//
f 1592// 1593// 1594//
f 1594// 1593// 1595//
f 815// 817// 1591//
f 1591// 817// 1506//
f 1591// 1506// 1507//
f 1507// 1596// 1591//
f 1591// 1596// 1597//
f 1591// 1597// 1590//
f 1590// 1597// 1598//
f 1590// 1598// 1589//
f 1589// 1598// 1599//
f 1589// 1599// 1588//
f 1588// 1599// 1600//
f 1588// 1600// 1587//
f 1587// 1600// 1601//
f 1587// 1601// 1586//
f 1586// 1601// 1602//
f 1586// 1602// 1585//
f 1585// 1602// 1603//
f 1585// 1603// 1584//
f 1584// 1603// 1594//
f 1584// 1594// 1583//
f 1583// 1594// 1595//
f 1583// 1595// 1582//
f 1604// 1605// 1592//
f 1592// 1594// 1604//
f 1604// 1594// 1603//
f 1604// 1603// 1606//
f 1606// 1603// 1602//
f 1606// 1602// 1607//
f 1607// 1602// 1601//
f 1607// 1601// 1608//
f 1608// 1601// 1600//
f 1608// 1600// 1609//
f 1609// 1600// 1599//
f 1609// 1599// 1610//
f 1610// 1599// 1598//
f 1610// 1598// 1611//
f 1611// 1598// 1597//
f 1611// 1597// 1612//
f 1612// 1597// 1596//
f 1612// 1596// 1613//
f 1614// 1615// 1616//
f 1616// 1615// 1617//
f 1507// 1508// 1596//
f 1596// 1508// 1509//
f 1596// 1509// 1613//
f 1613// 1509// 1510//
f 1613// 1510// 1511//
f 1511// 1618// 1613//
f 1613// 1618// 1619//
f 1613// 1619// 1612//
f 1612// 1619// 1620//
f 1612// 1620// 1611//
f 1611// 1620// 1621//
f 1611// 1621// 1610//
f 1610// 1621// 1622//
f 1610// 1622// 1609//
f 1609// 1622// 1623//
f 1609// 1623// 1608//
f 1608// 1623// 1624//
f 1608// 1624// 1607//
f 1607// 1624// 1625//
f 1607// 1625// 1606//
f 1606// 1625// 1616//
f 1606// 1616// 1604//
f 1604// 1616// 1617//
f 1604// 1617// 1605//
f 1626// 1627// 1628//
f 1628// 1627// 1614//
f 1614// 1616// 1628//
f 1628// 1616// 1625//
f 1628// 1625// 1629//
f 1629// 1625// 1624//
f 1629// 1624// 1630//
f 1630// 1624// 1623//
f 1630// 1623// 1631//
f 1631// 1623// 1622//
f 1631// 1622// 1632//
f 1632// 1622// 1621//
f 1632// 1621// 1633//
f 1633// 1621// 1620//
f 1633// 1620// 1634//
f 1634// 1620// 1619//
f 1634// 1619// 1635//
f 1635// 1619// 1618//
f 1635// 1618// 1636//
f 949// 1637// 1638//
f 1638// 1637// 1626//
f 1511// 1512// 1618//
f 1618// 1512// 1513//
f 1618// 1513// 1636//
f 1636// 1513// 1514//
f 1636// 1514// 1515//
f 1626// 1628// 1638//
f 1638// 1628// 1629//
f 1638// 1629// 1639//
f 1639// 1629// 1630//
f 1639// 1630// 1640//
f 1640// 1630// 1631//
f 1640// 1631// 1641//
f 1641// 1631// 1632//
f 1641// 1632// 1642//
f 1642// 1632// 1633//
f 1642// 1633// 1643//
f 1643// 1633// 1634//
f 1643// 1634// 1644//
f 1644// 1634// 1635//
f 1644// 1635// 1645//
f 1645// 1635// 1636//
f 1645// 1636// 1646//
f 1646// 1636// 1515//
f 1646// 1515// 1516//
f 949// 1638// 947//
f 947// 1638// 1639//
f 947// 1639// 952//
f 952// 1639// 1640//
f 952// 1640// 953//
f 953// 1640// 1641//
f 953// 1641// 954//
f 954// 1641// 1642//
f 954// 1642// 962//
f 962// 1642// 1643//
f 962// 1643// 963//
f 963// 1643// 1644//
f 963// 1644// 964//
f 964// 1644// 1645//
f 964// 1645// 946//
f 946// 1645// 1646//
f 946// 1646// 944//
f 944// 1646// 1516//
f 944// 1516// 939//
f 949// 951// 1637//
f 1637// 951// 1581//
f 1637// 1581// 1626//
f 1626// 1581// 1572//
f 1626// 1572// 1627//
f 1627// 1572// 1571//
f 1627// 1571// 1614//
f 1614// 1571// 1570//
f 1614// 1570// 1615//
f 1615// 1570// 1569//
f 1615// 1569// 1617//
f 1617// 1569// 1550//
f 1617// 1550// 1605//
f 1605// 1550// 1549//
f 1605// 1549// 1592//
f 1592// 1549// 1548//
f 1592// 1548// 1593//
f 1593// 1548// 1547//
f 1593// 1547// 1595//
f 1595// 1547// 1528//
f 1595// 1528// 1582//
f 1582// 1528// 1527//
f 1582// 1527// 783//
f 783// 1527// 921//
usemtl 3
f 1647// 925// 1648//
f 1648// 925// 959//
f 1648// 959// 1649//
f 1649// 959// 958//
f 1649// 958// 1650//
f 1650// 958// 956//
f 1650// 956// 1651//
f 1651// 956// 955//
f 1651// 955// 1652//
f 1652// 955// 981//
f 1652// 981// 1653//
f 1653// 981// 989//
f 1653// 989// 1654//
f 1654// 989// 970//
f 1654// 970// 1655//
f 1655// 970// 965//
f 1655// 965// 1656//
f 1656// 965// 983//
f 1656// 983// 1657//
f 1657// 983// 982//
f 1657// 982// 1658//
f 1658// 982// 950//
f 1658// 950// 1659//
f 1659// 950// 948//
f 1659// 948// 1660//
f 1660// 948// 945//
f 1660// 945// 1661//
f 1661// 945// 943//
f 1661// 943// 1662//
f 1662// 943// 942//
f 1662// 942// 1663//
f 1663// 942// 941//
f 1663// 941// 1664//
f 1664// 941// 940//
f 1664// 940// 1665//
f 1665// 940// 938//
f 1665// 938// 1666//
f 1666// 938// 937//
f 1666// 937// 1667//
f 1667// 937// 934//
f 1667// 934// 1668//
f 1668// 934// 932//
f 1668// 932// 1669//
f 1669// 932// 931//
f 1669// 931// 1670//
f 1670// 931// 928//
f 1670// 928// 1647//
f 1647// 928// 925//
f 1669// 1670// 1671//
f 1671// 1670// 1647//
f 1671// 1647// 1648//
f 1666// 1667// 1671//
f 1671// 1667// 1668//
f 1671// 1668// 1669//
f 1663// 1664// 1671//
f 1671// 1664// 1665//
f 1671// 1665// 1666//
f 1660// 1661// 1671//
f 1671// 1661// 1662//
f 1671// 1662// 1663//
f 1657// 1658// 1671//
f 1671// 1658// 1659//
f 1671// 1659// 1660//
f 1654// 1655// 1671//
f 1671// 1655// 1656//
f 1671// 1656// 1657//
f 1651// 1652// 1671//
f 1671// 1652// 1653//
f 1671// 1653// 1654//
f 1648// 1649// 1671//
f 1671// 1649// 1650//
f 1671// 1650// 1651//
usemtl 4
f 1672// 593// 1673//
f 1673// 593// 578//
f 1673// 578// 577//
f 1674// 1673// 639//
f 639// 1673// 577//
f 595// 1675// 638//
f 638// 1675// 1674//
f 638// 1674// 639//
f 1672// 1675// 593//
f 593// 1675// 595//
f 1674// 1675// 1673//
f 1673// 1675// 1672//
f 1676// 588// 1677//
f 1677// 588// 586//
f 1677// 586// 584//
f 1678// 1677// 581//
f 581// 1677// 584//
f 590// 1679// 580//
f 580// 1679// 1678//
f 580// 1678// 581//
f 1676// 1679// 588//
f 588// 1679// 590//
f 1678// 1679// 1677//
f 1677// 1679// 1676//
f 653// 1680// 654//
f 654// 1680// 1681//
f 654// 1681// 655//
f 655// 1681// 1682//
f 655// 1682// 656//
f 656// 1682// 1683//
f 656// 1683// 657//
f 657// 1683// 1684//
f 657// 1684// 658//
f 658// 1684// 1685//
f 658// 1685// 659//
f 659// 1685// 1686//
f 659// 1686// 660//
f 660// 1686// 1687//
f 660// 1687// 650//
f 650// 1687// 1688//
f 650// 1688// 651//
f 651// 1688// 1689//
f 651// 1689// 661//
f 661// 1689// 1690//
f 661// 1690// 662//
f 662// 1690// 1691//
f 662// 1691// 663//
f 663// 1691// 1692//
f 663// 1692// 643//
f 643// 1692// 1693//
f 643// 1693// 644//
f 644// 1693// 1694//
f 644// 1694// 645//
f 645// 1694// 1695//
f 645// 1695// 646//
f 646// 1695// 1696//
f 646// 1696// 647//
f 647// 1696// 1697//
f 647// 1697// 648//
f 648// 1697// 1698//
f 648// 1698// 649//
f 649// 1698// 1699//
f 649// 1699// 642//
f 642// 1699// 1700//
f 642// 1700// 640//
f 640// 1700// 1701//
f 640// 1701// 641//
f 641// 1701// 1702//
f 641// 1702// 652//
f 652// 1702// 1703//
f 652// 1703// 653//
f 653// 1703// 1680//
f 1693// 1692// 1704//
f 1704// 1692// 1691//
f 1704// 1691// 1690//
f 1696// 1695// 1704//
f 1704// 1695// 1694//
f 1704// 1694// 1693//
f 1699// 1698// 1704//
f 1704// 1698// 1697//
f 1704// 1697// 1696//
f 1702// 1701// 1704//
f 1704// 1701// 1700//
f 1704// 1700// 1699//
f 1681// 1680// 1704//
f 1704// 1680// 1703//
f 1704// 1703// 1702//
f 1684// 1683// 1704//
f 1704// 1683// 1682//
f 1704// 1682// 1681//
f 1687// 1686// 1704//
f 1704// 1686// 1685//
f 1704// 1685// 1684//
f 1690// 1689// 1704//
f 1704// 1689// 1688//
f 1704// 1688// 1687//
f 1705// 1706// 632//
f 632// 1706// 633//
f 1707// 1705// 637//
f 637// 1705// 632//
f 1708// 1707// 636//
f 636// 1707// 637//
f 1706// 1708// 633//
f 633// 1708// 636//
f 1707// 1708// 1705//
f 1705// 1708// 1706//
f 1709// 1710// 629//
f 629// 1710// 628//
f 1711// 1709// 630//
f 630// 1709// 629//
f 1712// 1711// 631//
f 631// 1711// 630//
f 1710// 1712// 628//
f 628// 1712// 631//
f 1711// 1712// 1709//
f 1709// 1712// 1710//
f 1713// 1714// 622//
f 622// 1714// 623//
f 1715// 1713// 627//
f 627// 1713// 622//
f 1716// 1715// 626//
f 626// 1715// 627//
f 1714// 1716// 623//
f 623// 1716// 626//
f 1715// 1716// 1713//
f 1713// 1716// 1714//
f 1717// 1718// 619//
f 619// 1718// 618//
f 1719// 1717// 620//
f 620// 1717// 619//
f 1720// 1719// 621//
f 621// 1719// 620//
f 1718// 1720// 618//
f 618// 1720// 621//
f 1719// 1720// 1717//
f 1717// 1720// 1718//
f 1721// 1722// 612//
f 612// 1722// 615//
f 1723// 1721// 611//
f 611// 1721// 612//
f 1724// 1723// 613//
f 613// 1723// 611//
f 1722// 1724// 615//
f 615// 1724// 613//
f 1723// 1724// 1721//
f 1721// 1724// 1722//
f 1725// 1726// 606//
f 606// 1726// 605//
f 1727// 1725// 607//
f 607// 1725// 606//
f 1728// 1727// 608//
f 608// 1727// 607//
f 1726// 1728// 605//
f 605// 1728// 608//
f 1727// 1728// 1725//
f 1725// 1728// 1726//
usemtl 3
f 1729// 1730// 363//
f 363// 1730// 364//
f 1731// 1729// 362//
f 362// 1729// 363//
f 359// 1732// 360//
f 360// 1732// 1731//
f 360// 1731// 362//
f 1733// 1732// 368//
f 368// 1732// 359//
f 366// 1734// 369//
f 369// 1734// 1733//
f 369// 1733// 368//
f 1730// 1734// 364//
f 364// 1734// 366//
f 1732// 1733// 1731//
f 1731// 1733// 1734//
f 1731// 1734// 1729//
f 1729// 1734// 1730//
f 420// 1735// 1//
f 1// 1735// 1736//
f 1// 1736// 2//
f 2// 1736// 1737//
f 2// 1737// 414//
f 420// 419// 1735//
f 1735// 419// 418//
f 1735// 418// 1738//
f 1739// 1738// 377//
f 377// 1738// 418//
f 1739// 377// 375//
f 1739// 375// 1740//
f 375// 373// 1740//
f 1740// 373// 372//
f 1740// 372// 1741//
f 1741// 372// 394//
f 1741// 394// 1742//
f 1742// 394// 393//
f 1742// 393// 1743//
f 1743// 393// 392//
f 1743// 392// 1744//
f 1744// 392// 391//
f 1744// 391// 1745//
f 1745// 391// 390//
f 1745// 390// 1746//
f 1746// 390// 386//
f 1746// 386// 1747//
f 1747// 386// 385//
f 1747// 385// 1748//
f 1748// 385// 384//
f 1748// 384// 1749//
f 1749// 384// 379//
f 1749// 379// 1750//
f 1750// 379// 389//
f 1750// 389// 1751//
f 1751// 389// 388//
f 1751// 388// 1752//
f 1752// 388// 387//
f 1752// 387// 1753//
f 1753// 387// 383//
f 1753// 383// 1754//
f 1754// 383// 382//
f 1754// 382// 1755//
f 1755// 382// 381//
f 1755// 381// 1756//
f 1756// 381// 378//
f 1756// 378// 1757//
f 1757// 378// 380//
f 374// 1758// 380//
f 380// 1758// 1759//
f 380// 1759// 1757//
f 374// 376// 1758//
f 1758// 376// 371//
f 1758// 371// 1760//
f 1761// 1760// 370//
f 370// 1760// 371//
f 9// 1762// 7//
f 7// 1762// 1761//
f 7// 1761// 370//
f 9// 396// 1762//
f 1762// 396// 395//
f 1762// 395// 1763//
f 1763// 395// 562//
f 1763// 562// 1764//
f 1764// 562// 1765//
f 1765// 562// 5//
f 5// 4// 1765//
f 1765// 4// 402//
f 1765// 402// 1766//
f 1766// 402// 401//
f 1766// 401// 1767//
f 1767// 401// 400//
f 1767// 400// 1768//
f 1768// 400// 399//
f 398// 1769// 399//
f 399// 1769// 1770//
f 399// 1770// 1768//
f 398// 403// 1769//
f 1769// 403// 404//
f 1769// 404// 1771//
f 1771// 404// 405//
f 1771// 405// 1772//
f 406// 1773// 1774//
f 1772// 405// 410//
f 1772// 410// 1775//
f 1775// 410// 409//
f 1775// 409// 1774//
f 1774// 409// 407//
f 1774// 407// 406//
f 414// 1737// 416//
f 416// 1737// 1776//
f 416// 1776// 411//
f 411// 1776// 1777//
f 411// 1777// 412//
f 412// 1777// 1778//
f 412// 1778// 413//
f 413// 1778// 1773//
f 413// 1773// 406//
f 1758// 1760// 1761//
f 1754// 1767// 1753//
f 1753// 1767// 1768//
f 1753// 1768// 1752//
f 1752// 1768// 1770//
f 1752// 1770// 1751//
f 1772// 1750// 1771//
f 1771// 1750// 1751//
f 1771// 1751// 1769//
f 1769// 1751// 1770//
f 1758// 1761// 1759//
f 1759// 1761// 1762//
f 1759// 1762// 1757//
f 1757// 1762// 1763//
f 1757// 1763// 1756//
f 1756// 1763// 1764//
f 1756// 1764// 1755//
f 1755// 1764// 1765//
f 1755// 1765// 1754//
f 1754// 1765// 1766//
f 1754// 1766// 1767//
f 1738// 1739// 1735//
f 1735// 1739// 1740//
f 1735// 1740// 1736//
f 1736// 1740// 1741//
f 1736// 1741// 1737//
f 1737// 1741// 1742//
f 1737// 1742// 1776//
f 1776// 1742// 1743//
f 1776// 1743// 1777//
f 1777// 1743// 1744//
f 1777// 1744// 1778//
f 1778// 1744// 1745//
f 1778// 1745// 1773//
f 1773// 1745// 1746//
f 1773// 1746// 1774//
f 1774// 1746// 1747//
f 1774// 1747// 1775//
f 1775// 1747// 1748//
f 1775// 1748// 1772//
f 1772// 1748// 1749//
f 1772// 1749// 1750//
f 1779// 1780// 356//
f 356// 1780// 357//
f 346// 1781// 345//
f 345// 1781// 1779//
f 345// 1779// 356//
f 1782// 1781// 344//
f 344// 1781// 346//
f 342// 1783// 343//
f 343// 1783// 1782//
f 343// 1782// 344//
f 1784// 1783// 336//
f 336// 1783// 342//
f 349// 1785// 335//
f 335// 1785// 1784//
f 335// 1784// 336//
f 1786// 1785// 348//
f 348// 1785// 349//
f 337// 1787// 347//
f 347// 1787// 1786//
f 347// 1786// 348//
f 1788// 1787// 339//
f 339// 1787// 337//
f 354// 1789// 355//
f 355// 1789// 1788//
f 355// 1788// 339//
f 1790// 1789// 350//
f 350// 1789// 354//
f 357// 1780// 358//
f 358// 1780// 1790//
f 358// 1790// 350//
f 1790// 1780// 1779//
f 1779// 1781// 1790//
f 1790// 1781// 1782//
f 1790// 1782// 1789//
f 1787// 1788// 1786//
f 1786// 1788// 1789//
f 1786// 1789// 1785//
f 1785// 1789// 1782//
f 1785// 1782// 1784//
f 1784// 1782// 1783//
f 1791// 1792// 1793//
f 1793// 1792// 1794//
f 1793// 1794// 1795//
f 1795// 1794// 1796//
f 1795// 1796// 1797//
f 1797// 1796// 1798//
f 1797// 1798// 1799//
f 1799// 1798// 1800//
f 1799// 1800// 1801//
f 1801// 1800// 1802//
f 1801// 1802// 1803//
f 1803// 1802// 1804//
f 1803// 1804// 1805//
f 1805// 1804// 1806//
f 1805// 1806// 1807//
f 1807// 1806// 1808//
f 1807// 1808// 1809//
f 1809// 1808// 1810//
f 1809// 1810// 1811//
f 1811// 1810// 1812//
f 1811// 1812// 1813//
f 1813// 1812// 1814//
f 1813// 1814// 1815//
f 1815// 1814// 1816//
f 1815// 1816// 1817//
f 1817// 1816// 1818//
f 1817// 1818// 1819//
f 1819// 1818// 1820//
f 1819// 1820// 1821//
f 1821// 1820// 1822//
f 1821// 1822// 1823//
f 1823// 1822// 1824//
f 1823// 1824// 1825//
f 1825// 1824// 1791//
f 1825// 1791// 1793//
f 1799// 1801// 495//
f 495// 1801// 496//
f 1799// 495// 494//
f 1799// 494// 1797//
f 1797// 494// 490//
f 1797// 490// 1795//
f 1795// 490// 489//
f 1795// 489// 1793//
f 1793// 489// 488//
f 1793// 488// 1825//
f 1825// 488// 483//
f 1825// 483// 1823//
f 1823// 483// 482//
f 1823// 482// 1821//
f 1821// 482// 487//
f 1821// 487// 1819//
f 1819// 487// 485//
f 1819// 485// 1817//
f 1817// 485// 484//
f 1817// 484// 1815//
f 1815// 484// 499//
f 1815// 499// 1813//
f 1813// 499// 498//
f 1813// 498// 1811//
f 1811// 498// 493//
f 1811// 493// 1809//
f 1809// 493// 492//
f 1809// 492// 1807//
f 1807// 492// 491//
f 1807// 491// 1805//
f 1803// 1805// 497//
f 497// 1805// 491//
f 1801// 1803// 496//
f 496// 1803// 497//
f 1806// 1804// 1826//
f 1826// 1804// 1827//
f 1804// 1802// 1827//
f 1827// 1802// 1828//
f 1802// 1800// 1828//
f 1828// 1800// 1829//
f 1792// 1830// 1831//
f 1792// 1831// 1794//
f 1794// 1831// 1832//
f 1794// 1832// 1796//
f 1796// 1832// 1833//
f 1796// 1833// 1798//
f 1798// 1833// 1829//
f 1798// 1829// 1800//
f 1820// 1834// 1835//
f 1820// 1835// 1822//
f 1822// 1835// 1836//
f 1822// 1836// 1824//
f 1824// 1836// 1837//
f 1824// 1837// 1791//
f 1791// 1837// 1830//
f 1791// 1830// 1792//
f 1812// 1838// 1839//
f 1812// 1839// 1814//
f 1814// 1839// 1840//
f 1814// 1840// 1816//
f 1816// 1840// 1841//
f 1816// 1841// 1818//
f 1818// 1841// 1834//
f 1818// 1834// 1820//
f 1806// 1826// 1842//
f 1806// 1842// 1808//
f 1808// 1842// 1843//
f 1808// 1843// 1810//
f 1810// 1843// 1838//
f 1810// 1838// 1812//
usemtl 1
f 1831// 1830// 1826//
f 1827// 1828// 1826//
f 1826// 1828// 1829//
f 1829// 1833// 1826//
f 1826// 1833// 1832//
f 1826// 1832// 1831//
f 1830// 1837// 1826//
f 1826// 1837// 1836//
f 1826// 1836// 1835//
f 1835// 1834// 1826//
f 1826// 1834// 1841//
f 1826// 1841// 1840//
f 1840// 1839// 1826//
f 1826// 1839// 1838//
f 1826// 1838// 1842//
f 1842// 1838// 1843//
usemtl 3
f 1844// 1845// 1846//
f 1847// 1848// 1849//
f 1845// 1850// 1846//
f 1846// 1850// 1851//
f 1846// 1851// 1852//
f 1852// 1851// 1853//
f 1852// 1853// 1854//
f 1854// 1855// 1852//
f 1852// 1855// 1856//
f 1852// 1856// 1857//
f 1858// 1857// 1859//
f 1859// 1857// 1856//
f 1859// 1856// 1849//
f 1849// 1856// 1844//
f 1849// 1844// 1847//
f 1847// 1844// 1846//
f 10// 1852// 11//
f 11// 1852// 1857//
f 11// 1857// 333//
f 1846// 1852// 318//
f 318// 1852// 10//
f 320// 322// 1847//
f 320// 1847// 321//
f 321// 1847// 1846//
f 321// 1846// 318//
f 1848// 1847// 324//
f 324// 1847// 322//
f 329// 1849// 326//
f 326// 1849// 1848//
f 326// 1848// 324//
f 330// 1859// 328//
f 328// 1859// 1849//
f 328// 1849// 329//
f 332// 1858// 331//
f 331// 1858// 1859//
f 331// 1859// 330//
f 1857// 1858// 333//
f 333// 1858// 332//
f 1844// 1856// 1860//
f 1860// 1856// 1861//
f 1856// 1855// 1861//
f 1861// 1855// 1862//
f 1853// 1863// 1864//
f 1853// 1864// 1854//
f 1854// 1864// 1862//
f 1854// 1862// 1855//
f 1853// 1851// 1863//
f 1863// 1851// 1865//
f 1845// 1866// 1867//
f 1845// 1867// 1850//
f 1850// 1867// 1865//
f 1850// 1865// 1851//
f 1845// 1844// 1866//
f 1866// 1844// 1860//
usemtl 1
f 1863// 1865// 1864//
f 1864// 1865// 1867//
f 1864// 1867// 1862//
f 1862// 1867// 1866//
f 1862// 1866// 1861//
f 1861// 1866// 1860//
usemtl 3
f 1868// 1869// 431//
f 431// 1869// 432//
f 1870// 1868// 423//
f 423// 1868// 431//
f 1871// 1870// 422//
f 422// 1870// 423//
f 1872// 1871// 421//
f 421// 1871// 422//
f 1873// 1872// 430//
f 430// 1872// 421//
f 1874// 1873// 429//
f 429// 1873// 430//
f 1875// 1874// 428//
f 428// 1874// 429//
f 1876// 1875// 427//
f 427// 1875// 428//
f 1877// 1876// 427//
f 427// 426// 1877//
f 1877// 426// 435//
f 1877// 435// 434//
f 1878// 1877// 438//
f 438// 1877// 434//
f 424// 1879// 440//
f 440// 1879// 1878//
f 440// 1878// 439//
f 439// 1878// 438//
f 1869// 1879// 432//
f 432// 1879// 424//
f 1879// 1869// 1868//
f 1868// 1870// 1879//
f 1879// 1870// 1871//
f 1879// 1871// 1878//
f 1876// 1877// 1875//
f 1875// 1877// 1878//
f 1875// 1878// 1874//
f 1874// 1878// 1871//
f 1874// 1871// 1873//
f 1873// 1871// 1872//
f 1880// 1881// 1882//
f 1882// 1881// 1883//
f 1884// 1885// 1886//
f 1886// 1885// 1887//
f 1888// 1889// 1883//
f 1883// 1889// 1890//
f 1883// 1890// 1891//
f 1891// 1892// 1883//
f 1883// 1892// 1893//
f 1883// 1893// 1882//
f 1882// 1893// 1894//
f 1882// 1894// 1884//
f 1884// 1894// 1895//
f 1884// 1895// 1885//
f 1896// 1897// 1898//
f 1898// 1897// 1899//
f 1900// 1888// 1901//
f 1901// 1888// 1883//
f 1901// 1883// 1902//
f 1902// 1883// 1903//
f 1902// 1903// 1904//
f 1904// 1903// 1905//
f 1904// 1905// 1906//
f 1906// 1905// 1907//
f 1906// 1907// 1899//
f 1899// 1907// 1908//
f 1899// 1908// 1898//
f 1909// 1910// 1911//
f 1911// 1910// 1912//
f 1911// 1912// 1913//
f 1913// 1912// 1914//
f 1913// 1914// 1915//
f 1915// 1914// 1916//
f 1915// 1916// 1896//
f 1896// 1916// 1917//
f 1896// 1917// 1897//
f 1918// 1919// 1920//
f 1920// 1919// 1921//
f 1920// 1921// 1922//
f 1922// 1921// 1923//
f 1922// 1923// 1924//
f 1924// 1923// 1925//
f 1924// 1925// 1926//
f 1926// 1925// 1927//
f 1926// 1927// 1928//
f 1928// 1927// 1929//
f 1928// 1929// 1887//
f 1887// 1929// 1930//
f 1887// 1930// 1886//
f 1901// 1931// 1900//
f 1900// 1931// 1932//
f 1900// 1932// 1933//
f 1933// 1932// 1934//
f 1933// 1934// 1935//
f 1935// 1934// 1936//
f 1935// 1936// 1937//
f 1937// 1936// 1938//
f 1937// 1938// 1939//
f 1939// 1938// 1940//
f 1939// 1940// 1941//
f 1941// 1940// 1942//
f 1941// 1942// 1943//
f 1943// 1942// 1944//
f 1943// 1944// 1945//
f 1945// 1944// 1946//
f 1945// 1946// 1918//
f 1918// 1946// 1947//
f 1918// 1947// 1919//
f 1915// 522// 523//
f 1915// 523// 1913//
f 1913// 523// 525//
f 1913// 525// 1911//
f 1911// 525// 526//
f 1911// 526// 1909//
f 1910// 1909// 513//
f 513// 1909// 526//
f 1910// 513// 529//
f 1910// 529// 1912//
f 1912// 529// 530//
f 1912// 530// 1914//
f 1914// 530// 518//
f 1914// 518// 1916//
f 1916// 518// 517//
f 1916// 517// 1917//
f 1917// 517// 551//
f 1917// 551// 1897//
f 1897// 551// 550//
f 1897// 550// 1899//
f 1899// 550// 544//
f 1899// 544// 1906//
f 1906// 544// 543//
f 1906// 543// 1904//
f 1904// 543// 542//
f 1904// 542// 1902//
f 1902// 542// 541//
f 1902// 541// 1901//
f 1931// 1901// 519//
f 519// 1901// 541//
f 1931// 519// 528//
f 1931// 528// 1932//
f 1932// 528// 527//
f 1932// 527// 1934//
f 1934// 527// 512//
f 1934// 512// 1936//
f 1936// 512// 511//
f 1936// 511// 1938//
f 1938// 511// 535//
f 1938// 535// 1940//
f 1940// 535// 532//
f 1940// 532// 1942//
f 1942// 532// 531//
f 1942// 531// 1944//
f 1944// 531// 540//
f 1944// 540// 1946//
f 1946// 540// 539//
f 1946// 539// 1947//
f 1947// 539// 534//
f 1947// 534// 1919//
f 1919// 534// 533//
f 1919// 533// 1921//
f 1921// 533// 549//
f 1921// 549// 1923//
f 1923// 549// 548//
f 1923// 548// 1925//
f 1925// 548// 547//
f 1925// 547// 1927//
f 1927// 547// 556//
f 1927// 556// 1929//
f 1929// 556// 555//
f 1929// 555// 1930//
f 1930// 555// 554//
f 1930// 554// 1886//
f 1886// 554// 553//
f 1886// 553// 1884//
f 1882// 1884// 552//
f 552// 1884// 553//
f 1880// 1882// 514//
f 514// 1882// 552//
f 1881// 1880// 516//
f 516// 1880// 514//
f 1883// 1881// 521//
f 521// 1881// 516//
f 1883// 521// 520//
f 1883// 520// 1903//
f 1903// 520// 546//
f 1903// 546// 1905//
f 1905// 546// 545//
f 1905// 545// 1907//
f 1907// 545// 538//
f 1907// 538// 1908//
f 1908// 538// 537//
f 1908// 537// 1898//
f 1898// 537// 536//
f 1898// 536// 1896//
f 1896// 536// 522//
f 1896// 522// 1915//
f 1933// 1948// 1949//
f 1933// 1949// 1900//
f 1900// 1949// 1950//
f 1900// 1950// 1888//
f 1888// 1950// 1951//
f 1888// 1951// 1889//
f 1941// 1952// 1953//
f 1941// 1953// 1939//
f 1939// 1953// 1954//
f 1939// 1954// 1937//
f 1937// 1954// 1955//
f 1937// 1955// 1935//
f 1935// 1955// 1948//
f 1935// 1948// 1933//
f 1920// 1956// 1957//
f 1920// 1957// 1918//
f 1918// 1957// 1958//
f 1918// 1958// 1945//
f 1945// 1958// 1959//
f 1945// 1959// 1943//
f 1943// 1959// 1952//
f 1943// 1952// 1941//
f 1926// 1960// 1961//
f 1926// 1961// 1924//
f 1924// 1961// 1962//
f 1924// 1962// 1922//
f 1922// 1962// 1956//
f 1922// 1956// 1920//
f 1895// 1963// 1964//
f 1895// 1964// 1885//
f 1885// 1964// 1965//
f 1885// 1965// 1887//
f 1887// 1965// 1966//
f 1887// 1966// 1928//
f 1928// 1966// 1960//
f 1928// 1960// 1926//
f 1891// 1967// 1968//
f 1891// 1968// 1892//
f 1892// 1968// 1969//
f 1892// 1969// 1893//
f 1893// 1969// 1970//
f 1893// 1970// 1894//
f 1894// 1970// 1963//
f 1894// 1963// 1895//
f 1891// 1890// 1967//
f 1967// 1890// 1971//
f 1890// 1889// 1971//
f 1971// 1889// 1951//
usemtl 1
f 1968// 1967// 1948//
f 1967// 1971// 1951//
f 1951// 1950// 1967//
f 1967// 1950// 1949//
f 1967// 1949// 1948//
f 1968// 1948// 1969//
f 1969// 1948// 1955//
f 1969// 1955// 1970//
f 1957// 1956// 1964//
f 1957// 1964// 1958//
f 1965// 1964// 1966//
f 1966// 1964// 1960//
f 1955// 1954// 1970//
f 1970// 1954// 1953//
f 1970// 1953// 1963//
f 1963// 1953// 1952//
f 1963// 1952// 1964//
f 1964// 1952// 1959//
f 1964// 1959// 1958//
f 1956// 1962// 1964//
f 1964// 1962// 1961//
f 1964// 1961// 1960//
usemtl 3
f 243// 1972// 1973//
f 1974// 302// 299//
f 1974// 299// 1975//
f 1975// 299// 249//
f 1975// 249// 1973//
f 1973// 249// 248//
f 1973// 248// 243//
f 1976// 1972// 242//
f 242// 1972// 243//
f 1976// 242// 1977//
f 1977// 242// 247//
f 247// 257// 1977//
f 1977// 257// 278//
f 1977// 278// 1978//
f 1978// 278// 277//
f 1978// 277// 1979//
f 1979// 277// 280//
f 1979// 280// 1980//
f 1980// 280// 279//
f 1980// 279// 1981//
f 1981// 279// 276//
f 1981// 276// 1982//
f 1982// 276// 275//
f 1982// 275// 1983//
f 1983// 275// 273//
f 1983// 273// 1984//
f 1984// 273// 272//
f 1984// 272// 1985//
f 1985// 272// 445//
f 1985// 445// 1986//
f 1986// 445// 259//
f 1986// 259// 1987//
f 1987// 259// 258//
f 1987// 258// 1988//
f 1988// 258// 295//
f 1988// 295// 1989//
f 1989// 295// 294//
f 1989// 294// 1990//
f 1990// 294// 292//
f 1990// 292// 1991//
f 1991// 292// 290//
f 1991// 290// 1992//
f 1992// 290// 289//
f 1992// 289// 1993//
f 1993// 289// 288//
f 1993// 288// 1994//
f 1994// 288// 287//
f 1994// 287// 1995//
f 1995// 287// 286//
f 1995// 286// 1996//
f 1996// 286// 283//
f 1996// 283// 1997//
f 1997// 283// 298//
f 1997// 298// 1998//
f 1998// 298// 297//
f 1998// 297// 1999//
f 1999// 297// 296//
f 1999// 296// 2000//
f 2000// 296// 285//
f 2000// 285// 2001//
f 2001// 285// 284//
f 2001// 284// 2002//
f 2002// 284// 282//
f 2002// 282// 2003//
f 2003// 282// 281//
f 2003// 281// 2004//
f 2004// 281// 291//
f 2004// 291// 2005//
f 2005// 291// 293//
f 2005// 293// 2006//
f 2006// 293// 260//
f 2006// 260// 2007//
f 2008// 2007// 271//
f 271// 2007// 260//
f 2008// 271// 270//
f 2008// 270// 2009//
f 2009// 270// 268//
f 2009// 268// 2010//
f 2010// 268// 267//
f 2010// 267// 2011//
f 2011// 267// 262//
f 2011// 262// 2012//
f 2012// 262// 261//
f 2012// 261// 2013//
f 2013// 261// 2014//
f 2014// 261// 266//
f 266// 265// 2014//
f 2014// 265// 264//
f 2014// 264// 2015//
f 2015// 264// 255//
f 2015// 255// 2016//
f 2016// 255// 254//
f 2016// 254// 2017//
f 2017// 254// 253//
f 2017// 253// 2018//
f 2018// 253// 252//
f 2018// 252// 2019//
f 2019// 252// 251//
f 2019// 251// 2020//
f 300// 2021// 2022//
f 2020// 251// 256//
f 2020// 256// 2023//
f 2023// 256// 250//
f 2023// 250// 2022//
f 2022// 250// 301//
f 2022// 301// 300//
f 2021// 300// 304//
f 2021// 304// 2024//
f 2024// 304// 315//
f 2024// 315// 2025//
f 2025// 315// 314//
f 2025// 314// 2026//
f 2026// 314// 313//
f 2026// 313// 2027//
f 2027// 313// 307//
f 2027// 307// 2028//
f 2028// 307// 306//
f 2028// 306// 2029//
f 2029// 306// 312//
f 2029// 312// 2030//
f 2030// 312// 311//
f 2030// 311// 2031//
f 2031// 311// 310//
f 2031// 310// 2032//
f 2032// 310// 309//
f 2032// 309// 2033//
f 2033// 309// 308//
f 2033// 308// 2034//
f 2034// 308// 305//
f 2034// 305// 2035//
f 2035// 305// 303//
f 2035// 303// 2036//
f 2036// 303// 302//
f 2036// 302// 1974//
f 2000// 2001// 2012//
f 2012// 2001// 2011//
f 2024// 1991// 2021//
f 2021// 1991// 1992//
f 1980// 1981// 2032//
f 2032// 1981// 1982//
f 2032// 1982// 2031//
f 2031// 1982// 1983//
f 2031// 1983// 2030//
f 2030// 1983// 1984//
f 2030// 1984// 2029//
f 2029// 1984// 1985//
f 2029// 1985// 2028//
f 2028// 1985// 1986//
f 2028// 1986// 2027//
f 2027// 1986// 1987//
f 2027// 1987// 2026//
f 2026// 1987// 1988//
f 2026// 1988// 2025//
f 2025// 1988// 1989//
f 2025// 1989// 2024//
f 2024// 1989// 1990//
f 2024// 1990// 1991//
f 1978// 1974// 1977//
f 1977// 1974// 1975//
f 1977// 1975// 1976//
f 1976// 1975// 1973//
f 1976// 1973// 1972//
f 2001// 2002// 2011//
f 2011// 2002// 2003//
f 2011// 2003// 2010//
f 2010// 2003// 2004//
f 2010// 2004// 2009//
f 2009// 2004// 2005//
f 2009// 2005// 2008//
f 2008// 2005// 2006//
f 2008// 2006// 2007//
f 2032// 2033// 1980//
f 1980// 2033// 2034//
f 1980// 2034// 1979//
f 1979// 2034// 2035//
f 1979// 2035// 1978//
f 1978// 2035// 2036//
f 1978// 2036// 1974//
f 2012// 2013// 2000//
f 2000// 2013// 2014//
f 2000// 2014// 1999//
f 1999// 2014// 2015//
f 1999// 2015// 1998//
f 1998// 2015// 2016//
f 1998// 2016// 1997//
f 1997// 2016// 2017//
f 1997// 2017// 1996//
f 1996// 2017// 2018//
f 1996// 2018// 1995//
f 1995// 2018// 2019//
f 1995// 2019// 1994//
f 1994// 2019// 2020//
f 1994// 2020// 1993//
f 1993// 2020// 2023//
f 1993// 2023// 1992//
f 1992// 2023// 2022//
f 1992// 2022// 2021//
f 2037// 2038// 233//
f 233// 2038// 235//
f 2039// 2037// 228//
f 228// 2037// 233//
f 2039// 228// 231//
f 2039// 231// 2040//
f 2040// 231// 230//
f 2040// 230// 2041//
f 2042// 2041// 229//
f 229// 2041// 230//
f 2043// 2042// 227//
f 227// 2042// 229//
f 443// 2044// 226//
f 226// 2044// 2043//
f 226// 2043// 227//
f 2045// 2044// 444//
f 444// 2044// 443//
f 461// 2046// 449//
f 449// 2046// 2045//
f 449// 2045// 444//
f 2047// 2046// 460//
f 460// 2046// 461//
f 2047// 460// 459//
f 2047// 459// 2048//
f 459// 451// 2048//
f 2048// 451// 450//
f 2048// 450// 2049//
f 2049// 450// 458//
f 2049// 458// 2050//
f 2050// 458// 457//
f 2050// 457// 2051//
f 2051// 457// 456//
f 2051// 456// 2052//
f 2052// 456// 455//
f 2052// 455// 2053//
f 2053// 455// 442//
f 2053// 442// 2054//
f 2055// 2054// 441//
f 441// 2054// 442//
f 2055// 441// 454//
f 2055// 454// 2056//
f 2056// 454// 453//
f 2056// 453// 2057//
f 2057// 453// 452//
f 2057// 452// 2058//
f 2058// 452// 448//
f 2058// 448// 2059//
f 2059// 448// 241//
f 2059// 241// 2060//
f 241// 240// 2060//
f 2060// 240// 239//
f 2060// 239// 2061//
f 2061// 239// 238//
f 2061// 238// 2062//
f 2062// 238// 237//
f 2062// 237// 2063//
f 2038// 2063// 235//
f 235// 2063// 237//
f 2040// 2041// 2063//
f 2038// 2037// 2063//
f 2063// 2037// 2039//
f 2063// 2039// 2040//
f 2044// 2045// 2043//
f 2043// 2045// 2046//
f 2043// 2046// 2042//
f 2054// 2055// 2053//
f 2053// 2055// 2056//
f 2053// 2056// 2052//
f 2052// 2056// 2057//
f 2052// 2057// 2051//
f 2051// 2057// 2058//
f 2051// 2058// 2050//
f 2050// 2058// 2059//
f 2050// 2059// 2049//
f 2041// 2042// 2063//
f 2063// 2042// 2046//
f 2063// 2046// 2062//
f 2046// 2047// 2062//
f 2062// 2047// 2048//
f 2062// 2048// 2061//
f 2061// 2048// 2049//
f 2061// 2049// 2060//
f 2060// 2049// 2059//
f 2064// 2065// 213//
f 213// 2065// 212//
f 217// 2066// 214//
f 214// 2066// 2064//
f 214// 2064// 213//
f 2067// 2066// 216//
f 216// 2066// 217//
f 208// 2068// 215//
f 215// 2068// 2067//
f 215// 2067// 216//
f 2069// 2068// 209//
f 209// 2068// 208//
f 220// 2070// 210//
f 210// 2070// 2069//
f 210// 2069// 209//
f 2071// 2070// 219//
f 219// 2070// 220//
f 207// 2072// 218//
f 218// 2072// 2071//
f 218// 2071// 219//
f 221// 2073// 206//
f 206// 2073// 2072//
f 206// 2072// 207//
f 224// 2074// 225//
f 225// 2074// 2073//
f 225// 2073// 221//
f 236// 2075// 234//
f 234// 2075// 2074//
f 234// 2074// 224//
f 212// 2065// 446//
f 446// 2065// 2075//
f 446// 2075// 236//
f 2068// 2069// 2067//
f 2067// 2069// 2070//
f 2065// 2064// 2075//
f 2075// 2064// 2066//
f 2072// 2073// 2071//
f 2071// 2073// 2074//
f 2071// 2074// 2070//
f 2070// 2074// 2075//
f 2070// 2075// 2067//
f 2067// 2075// 2066//
f 2076// 2077// 2078//
f 2078// 2077// 2079//
f 2078// 2079// 2080//
f 2080// 2079// 2081//
f 2080// 2081// 2082//
f 2082// 2081// 2083//
f 2082// 2083// 2084//
f 2084// 2083// 2085//
f 2084// 2085// 2086//
f 2086// 2085// 2087//
f 2086// 2087// 2088//
f 2088// 2087// 2089//
f 2088// 2089// 2090//
f 2090// 2089// 2091//
f 2090// 2091// 2092//
f 2092// 2091// 2093//
f 2092// 2093// 2094//
f 2094// 2093// 2095//
f 2094// 2095// 2096//
f 2096// 2095// 2097//
f 2096// 2097// 2098//
f 2098// 2097// 2099//
f 2098// 2099// 2100//
f 2100// 2099// 2101//
f 2100// 2101// 2102//
f 2102// 2101// 2103//
f 2102// 2103// 2104//
f 2104// 2103// 2105//
f 2104// 2105// 2106//
f 2106// 2105// 2107//
f 2106// 2107// 2108//
f 2108// 2107// 2109//
f 2108// 2109// 2110//
f 2110// 2109// 2076//
f 2110// 2076// 2078//
f 2084// 2086// 198//
f 198// 2086// 199//
f 2084// 198// 190//
f 2084// 190// 2082//
f 2082// 190// 189//
f 2082// 189// 2080//
f 2080// 189// 184//
f 2080// 184// 2078//
f 2078// 184// 182//
f 2078// 182// 2110//
f 2110// 182// 181//
f 2110// 181// 2108//
f 2108// 181// 197//
f 2108// 197// 2106//
f 2106// 197// 196//
f 2106// 196// 2104//
f 2104// 196// 195//
f 2104// 195// 2102//
f 2102// 195// 194//
f 2102// 194// 2100//
f 2100// 194// 193//
f 2100// 193// 2098//
f 2098// 193// 192//
f 2098// 192// 2096//
f 2096// 192// 185//
f 2096// 185// 2094//
f 2094// 185// 187//
f 2094// 187// 2092//
f 2092// 187// 2090//
f 2090// 187// 188//
f 2090// 188// 204//
f 2088// 2090// 203//
f 203// 2090// 204//
f 199// 2086// 201//
f 201// 2086// 2088//
f 201// 2088// 203//
f 2091// 2089// 2111//
f 2111// 2089// 2112//
f 2089// 2087// 2112//
f 2112// 2087// 2113//
f 2087// 2085// 2113//
f 2113// 2085// 2114//
f 2077// 2115// 2116//
f 2077// 2116// 2079//
f 2079// 2116// 2117//
f 2079// 2117// 2081//
f 2081// 2117// 2118//
f 2081// 2118// 2083//
f 2083// 2118// 2114//
f 2083// 2114// 2085//
f 2105// 2119// 2120//
f 2105// 2120// 2107//
f 2107// 2120// 2121//
f 2107// 2121// 2109//
f 2109// 2121// 2122//
f 2109// 2122// 2076//
f 2076// 2122// 2115//
f 2076// 2115// 2077//
f 2097// 2123// 2124//
f 2097// 2124// 2099//
f 2099// 2124// 2125//
f 2099// 2125// 2101//
f 2101// 2125// 2126//
f 2101// 2126// 2103//
f 2103// 2126// 2119//
f 2103// 2119// 2105//
f 2091// 2111// 2127//
f 2091// 2127// 2093//
f 2093// 2127// 2128//
f 2093// 2128// 2095//
f 2095// 2128// 2123//
f 2095// 2123// 2097//
usemtl 1
f 2116// 2115// 2111//
f 2112// 2113// 2111//
f 2111// 2113// 2114//
f 2114// 2118// 2111//
f 2111// 2118// 2117//
f 2111// 2117// 2116//
f 2115// 2122// 2111//
f 2111// 2122// 2121//
f 2111// 2121// 2120//
f 2120// 2119// 2111//
f 2111// 2119// 2126//
f 2111// 2126// 2125//
f 2125// 2124// 2111//
f 2111// 2124// 2123//
f 2111// 2123// 2127//
f 2127// 2123// 2128//
usemtl 3
f 2129// 2130// 2131//
f 2132// 2133// 2134//
f 2130// 2135// 2131//
f 2131// 2135// 2136//
f 2131// 2136// 2137//
f 2137// 2136// 2138//
f 2137// 2138// 2139//
f 2139// 2140// 2137//
f 2137// 2140// 2141//
f 2137// 2141// 2142//
f 2143// 2142// 2144//
f 2144// 2142// 2141//
f 2144// 2141// 2134//
f 2134// 2141// 2129//
f 2134// 2129// 2132//
f 2132// 2129// 2131//
f 2137// 2142// 469//
f 469// 2142// 470//
f 2131// 2137// 468//
f 468// 2137// 469//
f 2132// 2131// 467//
f 467// 2131// 468//
f 2133// 2132// 466//
f 466// 2132// 467//
f 2134// 2133// 473//
f 473// 2133// 466//
f 2144// 2134// 472//
f 472// 2134// 473//
f 2143// 2144// 471//
f 471// 2144// 472//
f 2142// 2143// 470//
f 470// 2143// 471//
f 2129// 2141// 2145//
f 2145// 2141// 2146//
f 2141// 2140// 2146//
f 2146// 2140// 2147//
f 2138// 2148// 2149//
f 2138// 2149// 2139//
f 2139// 2149// 2147//
f 2139// 2147// 2140//
f 2138// 2136// 2148//
f 2148// 2136// 2150//
f 2130// 2151// 2152//
f 2130// 2152// 2135//
f 2135// 2152// 2150//
f 2135// 2150// 2136//
f 2130// 2129// 2151//
f 2151// 2129// 2145//
usemtl 1
f 2148// 2150// 2149//
f 2149// 2150// 2152//
f 2149// 2152// 2147//
f 2147// 2152// 2151//
f 2147// 2151// 2146//
f 2146// 2151// 2145//
usemtl 3
f 2153// 2154// 2155//
f 2156// 2157// 2158//
f 2159// 2160// 2161//
f 2162// 2163// 2159//
f 2163// 2164// 2159//
f 2159// 2164// 2165//
f 2159// 2165// 2166//
f 2167// 2168// 2155//
f 2155// 2168// 2169//
f 2155// 2169// 2153//
f 2165// 2170// 2166//
f 2166// 2170// 2171//
f 2166// 2171// 2172//
f 2172// 2171// 2173//
f 2157// 2174// 2158//
f 2158// 2174// 2175//
f 2158// 2175// 2176//
f 2176// 2175// 2177//
f 2176// 2177// 2178//
f 2178// 2177// 2179//
f 2180// 2181// 2182//
f 2182// 2181// 2183//
f 2182// 2183// 2184//
f 2184// 2183// 2185//
f 2184// 2185// 2186//
f 2187// 2188// 2189//
f 2189// 2188// 2190//
f 2189// 2190// 2191//
f 2191// 2190// 2192//
f 2191// 2192// 2185//
f 2185// 2192// 2193//
f 2185// 2193// 2186//
f 2194// 2154// 2195//
f 2195// 2154// 2196//
f 2195// 2196// 2197//
f 2198// 2199// 2200//
f 2200// 2199// 2201//
f 2200// 2201// 2202//
f 2202// 2201// 2203//
f 2202// 2203// 2204//
f 2204// 2203// 2205//
f 2204// 2205// 2206//
f 2206// 2205// 2155//
f 2206// 2155// 2207//
f 2208// 2209// 2210//
f 2210// 2209// 2211//
f 2210// 2211// 2212//
f 2212// 2211// 2213//
f 2212// 2213// 2214//
f 2214// 2213// 2215//
f 2214// 2215// 2216//
f 2216// 2215// 2217//
f 2216// 2217// 2218//
f 2219// 2220// 2221//
f 2221// 2220// 2222//
f 2221// 2222// 2223//
f 2223// 2222// 2224//
f 2223// 2224// 2225//
f 2225// 2224// 2226//
f 2225// 2226// 2227//
f 2227// 2226// 2228//
f 2227// 2228// 2167//
f 2167// 2228// 2229//
f 2167// 2229// 2168//
f 2230// 2231// 2198//
f 2198// 2231// 2232//
f 2198// 2232// 2199//
f 2177// 2233// 2179//
f 2179// 2233// 2234//
f 2179// 2234// 2235//
f 2235// 2234// 2236//
f 2235// 2236// 2237//
f 2237// 2236// 2238//
f 2237// 2238// 2239//
f 2239// 2238// 2240//
f 2239// 2240// 2241//
f 2241// 2240// 2242//
f 2241// 2242// 2243//
f 2243// 2242// 2244//
f 2243// 2244// 2208//
f 2208// 2244// 2245//
f 2208// 2245// 2209//
f 2189// 2246// 2187//
f 2187// 2246// 2247//
f 2187// 2247// 2248//
f 2248// 2247// 2249//
f 2248// 2249// 2250//
f 2250// 2249// 2251//
f 2250// 2251// 2252//
f 2252// 2251// 2253//
f 2252// 2253// 2219//
f 2219// 2253// 2254//
f 2219// 2254// 2220//
f 2194// 2255// 2154//
f 2154// 2255// 2256//
f 2154// 2256// 2155//
f 2155// 2256// 2257//
f 2155// 2257// 2207//
f 2156// 2158// 2258//
f 2258// 2158// 2259//
f 2258// 2259// 2260//
f 2260// 2259// 2261//
f 2260// 2261// 2262//
f 2262// 2261// 2263//
f 2262// 2263// 2264//
f 2264// 2263// 2265//
f 2264// 2265// 2266//
f 2266// 2265// 2267//
f 2266// 2267// 2268//
f 2268// 2267// 2269//
f 2268// 2269// 2270//
f 2270// 2269// 2271//
f 2270// 2271// 2180//
f 2180// 2271// 2272//
f 2180// 2272// 2181//
f 2162// 2159// 2273//
f 2273// 2159// 2161//
f 2273// 2161// 2198//
f 2198// 2161// 2274//
f 2198// 2274// 2230//
f 2275// 2276// 2277//
f 2217// 2278// 2218//
f 2218// 2278// 2275//
f 2218// 2275// 2279//
f 2279// 2275// 2277//
f 2196// 2280// 2197//
f 2197// 2280// 2281//
f 2197// 2281// 2282//
f 2282// 2281// 2283//
f 2282// 2283// 2284//
f 2284// 2283// 2285//
f 2284// 2285// 2286//
f 2286// 2285// 2287//
f 2286// 2287// 2288//
f 2288// 2287// 2289//
f 2288// 2289// 2290//
f 2290// 2289// 2291//
f 2290// 2291// 2292//
f 2292// 2291// 2293//
f 2292// 2293// 2173//
f 2173// 2293// 2294//
f 2173// 2294// 2172//
f 2295// 2296// 2275//
f 2275// 2296// 2297//
f 2275// 2297// 2276//
f 2298// 2299// 2300//
f 2299// 2301// 2300//
f 2300// 2301// 2302//
f 2300// 2302// 2303//
f 2295// 2275// 2300//
f 2300// 2275// 2304//
f 2300// 2304// 2298//
f 2239// 175// 174//
f 180// 2179// 2235//
f 2239// 174// 2237//
f 2237// 174// 14//
f 2237// 14// 2235//
f 2235// 14// 13//
f 2235// 13// 180//
f 180// 178// 2179//
f 2179// 178// 177//
f 2179// 177// 2178//
f 2178// 177// 24//
f 2178// 24// 2176//
f 2176// 24// 23//
f 2176// 23// 2158//
f 2158// 23// 22//
f 2158// 22// 2259//
f 2259// 22// 21//
f 2259// 21// 2261//
f 2261// 21// 20//
f 2261// 20// 2263//
f 30// 2269// 2267//
f 2263// 20// 29//
f 2263// 29// 2265//
f 29// 28// 2265//
f 2265// 28// 26//
f 2265// 26// 2267//
f 2267// 26// 25//
f 2267// 25// 30//
f 39// 2181// 2272//
f 2269// 30// 32//
f 2269// 32// 2271//
f 2271// 32// 34//
f 2271// 34// 2272//
f 2272// 34// 36//
f 2272// 36// 39//
f 47// 2185// 2183//
f 2181// 39// 38//
f 2181// 38// 2183//
f 2183// 38// 45//
f 2183// 45// 47//
f 2185// 47// 46//
f 2185// 46// 2191//
f 2191// 46// 44//
f 2191// 44// 2189//
f 2189// 44// 43//
f 2189// 43// 2246//
f 2246// 43// 42//
f 2246// 42// 2247//
f 2247// 42// 41//
f 2247// 41// 2249//
f 2249// 41// 40//
f 2249// 40// 2251//
f 50// 2220// 51//
f 51// 2220// 2254//
f 51// 2254// 52//
f 52// 2254// 2253//
f 52// 2253// 53//
f 53// 2253// 2251//
f 53// 2251// 40//
f 50// 58// 2220//
f 2220// 58// 57//
f 2220// 57// 2222//
f 78// 2224// 55//
f 55// 2224// 2222//
f 55// 2222// 57//
f 78// 77// 2224//
f 2224// 77// 76//
f 2224// 76// 2226//
f 2226// 76// 67//
f 2226// 67// 2228//
f 2228// 67// 66//
f 2228// 66// 2229//
f 2229// 66// 103//
f 2229// 103// 2168//
f 2168// 103// 102//
f 2168// 102// 2169//
f 2169// 102// 83//
f 2169// 83// 2153//
f 2153// 83// 82//
f 2153// 82// 2154//
f 2154// 82// 81//
f 2154// 81// 2196//
f 2196// 81// 101//
f 2196// 101// 2280//
f 2280// 101// 100//
f 2280// 100// 2281//
f 2281// 100// 99//
f 2281// 99// 2283//
f 2283// 99// 86//
f 2283// 86// 2285//
f 2285// 86// 85//
f 2285// 85// 2287//
f 2287// 85// 84//
f 2287// 84// 2289//
f 2289// 84// 80//
f 2289// 80// 2291//
f 2291// 80// 79//
f 2291// 79// 2293//
f 2293// 79// 111//
f 2293// 111// 2294//
f 2294// 111// 112//
f 2294// 112// 2172//
f 2166// 2172// 96//
f 96// 2172// 112//
f 2159// 2166// 61//
f 61// 2166// 96//
f 124// 2160// 120//
f 120// 2160// 2159//
f 120// 2159// 90//
f 90// 2159// 61//
f 17// 132// 2161//
f 17// 2161// 18//
f 18// 2161// 2160//
f 18// 2160// 124//
f 130// 2274// 131//
f 131// 2274// 2161//
f 131// 2161// 132//
f 16// 2231// 130//
f 130// 2231// 2230//
f 130// 2230// 2274//
f 16// 138// 2231//
f 2231// 138// 137//
f 2231// 137// 2232//
f 2199// 2232// 136//
f 136// 2232// 137//
f 136// 134// 2199//
f 2199// 134// 133//
f 2199// 133// 2201//
f 2201// 133// 141//
f 2201// 141// 2203//
f 2203// 141// 140//
f 2203// 140// 2205//
f 2205// 140// 144//
f 2205// 144// 2155//
f 122// 2223// 135//
f 135// 2223// 2225//
f 135// 2225// 139//
f 139// 2225// 2227//
f 139// 2227// 142//
f 142// 2227// 2167//
f 142// 2167// 143//
f 143// 2167// 2155//
f 143// 2155// 144//
f 122// 123// 2223//
f 2223// 123// 125//
f 2223// 125// 2221//
f 2219// 2221// 126//
f 126// 2221// 125//
f 126// 147// 2219//
f 2219// 147// 146//
f 2219// 146// 2252//
f 2252// 146// 159//
f 2252// 159// 2250//
f 159// 173// 2250//
f 2250// 173// 172//
f 2250// 172// 2248//
f 2248// 172// 171//
f 2248// 171// 2187//
f 2187// 171// 165//
f 2187// 165// 2188//
f 2188// 165// 164//
f 2188// 164// 2190//
f 2190// 164// 163//
f 2190// 163// 2192//
f 2192// 163// 160//
f 2192// 160// 2193//
f 2193// 160// 155//
f 2193// 155// 2186//
f 2186// 155// 158//
f 2186// 158// 2184//
f 2184// 158// 166//
f 2184// 166// 2182//
f 2182// 166// 168//
f 2182// 168// 2180//
f 2180// 168// 170//
f 2180// 170// 2270//
f 2270// 170// 169//
f 2270// 169// 2268//
f 2268// 169// 167//
f 2268// 167// 2266//
f 2266// 167// 157//
f 2266// 157// 2264//
f 2264// 157// 156//
f 2264// 156// 2262//
f 2262// 156// 154//
f 2262// 154// 2260//
f 2260// 154// 153//
f 2260// 153// 2258//
f 2258// 153// 162//
f 2258// 162// 2156//
f 2156// 162// 2157//
f 2157// 162// 161//
f 2157// 161// 145//
f 2174// 2157// 148//
f 148// 2157// 145//
f 2174// 148// 152//
f 2174// 152// 2175//
f 2175// 152// 151//
f 2175// 151// 2177//
f 2177// 151// 150//
f 2177// 150// 2233//
f 2233// 150// 149//
f 2233// 149// 2234//
f 2234// 149// 129//
f 2234// 129// 2236//
f 129// 128// 2236//
f 2236// 128// 127//
f 2236// 127// 2238//
f 2238// 127// 121//
f 2238// 121// 2240//
f 121// 119// 2240//
f 2240// 119// 118//
f 2240// 118// 2242//
f 118// 89// 2242//
f 2242// 89// 88//
f 2242// 88// 2244//
f 2244// 88// 87//
f 2244// 87// 2245//
f 2245// 87// 117//
f 2245// 117// 2209//
f 2209// 117// 116//
f 2209// 116// 2211//
f 2211// 116// 115//
f 2211// 115// 2213//
f 2213// 115// 114//
f 2213// 114// 2215//
f 2217// 2215// 113//
f 113// 2215// 114//
f 2217// 113// 75//
f 2217// 75// 2278//
f 2278// 75// 74//
f 2278// 74// 2275//
f 2275// 74// 73//
f 2275// 73// 2304//
f 2304// 73// 60//
f 2304// 60// 2298//
f 2298// 60// 59//
f 2298// 59// 2299//
f 2299// 59// 69//
f 2299// 69// 2301//
f 2301// 69// 98//
f 2301// 98// 2302//
f 2302// 98// 97//
f 2302// 97// 2303//
f 2303// 97// 95//
f 2303// 95// 2300//
f 2300// 95// 94//
f 2300// 94// 2295//
f 2295// 94// 110//
f 2295// 110// 2296//
f 2296// 110// 109//
f 2296// 109// 2297//
f 2297// 109// 108//
f 2297// 108// 2276//
f 2276// 108// 107//
f 2276// 107// 2277//
f 2277// 107// 106//
f 2277// 106// 2279//
f 2279// 106// 105//
f 2279// 105// 2218//
f 2218// 105// 104//
f 2218// 104// 2216//
f 2214// 2216// 93//
f 93// 2216// 104//
f 2214// 93// 92//
f 2214// 92// 2212//
f 2212// 92// 91//
f 2212// 91// 2210//
f 2210// 91// 71//
f 2210// 71// 2208//
f 176// 175// 2239//
f 2208// 71// 70//
f 2208// 70// 2243//
f 2243// 70// 65//
f 2243// 65// 2241//
f 2241// 65// 2239//
f 2239// 65// 63//
f 2239// 63// 176//
f 2273// 2305// 2306//
f 2273// 2306// 2162//
f 2162// 2306// 2307//
f 2162// 2307// 2163//
f 2163// 2307// 2308//
f 2163// 2308// 2164//
f 2164// 2308// 2309//
f 2164// 2309// 2165//
f 2165// 2309// 2310//
f 2165// 2310// 2170//
f 2170// 2310// 2311//
f 2170// 2311// 2171//
f 2171// 2311// 2312//
f 2171// 2312// 2173//
f 2173// 2312// 2313//
f 2173// 2313// 2292//
f 2292// 2313// 2314//
f 2292// 2314// 2290//
f 2290// 2314// 2315//
f 2290// 2315// 2288//
f 2288// 2315// 2316//
f 2288// 2316// 2286//
f 2286// 2316// 2317//
f 2286// 2317// 2284//
f 2284// 2317// 2318//
f 2284// 2318// 2282//
f 2282// 2318// 2319//
f 2282// 2319// 2197//
f 2197// 2319// 2320//
f 2197// 2320// 2195//
f 2195// 2320// 2321//
f 2195// 2321// 2194//
f 2194// 2321// 2322//
f 2194// 2322// 2255//
f 2255// 2322// 2323//
f 2255// 2323// 2256//
f 2256// 2323// 2324//
f 2256// 2324// 2257//
f 2257// 2324// 2325//
f 2257// 2325// 2207//
f 2207// 2325// 2326//
f 2207// 2326// 2206//
f 2206// 2326// 2327//
f 2206// 2327// 2204//
f 2204// 2327// 2328//
f 2204// 2328// 2202//
f 2202// 2328// 2329//
f 2202// 2329// 2200//
f 2200// 2329// 2330//
f 2200// 2330// 2198//
f 2198// 2330// 2305//
f 2198// 2305// 2273//
usemtl 1
f 2319// 2318// 2305//
f 2311// 2318// 2312//
f 2312// 2318// 2317//
f 2312// 2317// 2316//
f 2311// 2310// 2318//
f 2318// 2310// 2309//
f 2318// 2309// 2308//
f 2329// 2322// 2321//
f 2308// 2307// 2318//
f 2318// 2307// 2306//
f 2318// 2306// 2305//
f 2322// 2329// 2323//
f 2323// 2329// 2328//
f 2323// 2328// 2324//
f 2305// 2330// 2319//
f 2319// 2330// 2329//
f 2319// 2329// 2320//
f 2320// 2329// 2321//
f 2316// 2315// 2312//
f 2312// 2315// 2314//
f 2312// 2314// 2313//
f 2324// 2328// 2325//
f 2325// 2328// 2327//
f 2325// 2327// 2326//
