v 0.16425 0.083984 0.0
v 0.183944 0.081772 0.0
v 0.120997 -0.066172 0.0
newmtl 1
Ka 0.25098039215686274 0.25098039215686274 0.25098039215686274
Kd 0.25098039215686274 0.25098039215686274 0.25098039215686274
Ks 0.12549019607843137 0.12549019607843137 0.12549019607843137
d 0.0
endmtl
v 0.216475 -0.089715 0.0
v 0.283267 -0.096504 0.0
v 0.197091 -0.096387 0.0
v 0.184205 -0.097723 0.0
v 0.139941 0.080826 0.0
v 0.117413 -0.064187 0.0
v 0.117413 0.071179 0.0
v 0.097901 2.0 0.0
v 0.117413 0.098008 0.0
v 0.198913 0.07637 0.0
v 0.212756 0.067109 0.0
v 0.224834 0.053776 0.0
v 0.239364 0.001362 0.0
v 0.237339 -0.020289 0.0
v 0.231905 -0.037492 0.0
v 0.187401 -0.074899 0.0
v 0.168747 -0.076992 0.0
v 0.201974 -0.069534 0.0
v 0.214249 -0.061261 0.0
v 0.223634 -0.05136 0.0
v 0.142199 -0.074045 0.0
v 0.255638 0.050819 0.0
v 0.243916 0.069518 0.0
v 0.358876 0.103496 0.0
v 0.385706 0.103496 0.0
v 2.0 2.0 0.0
v 0.385706 -0.096504 0.0
v 2.0 -0.097723 0.0
v 0.233079 0.038334 0.0
v 0.23841 0.016923 0.0
v 0.232563 -0.079442 0.0
v 0.247586 -0.063626 0.0
v 0.283267 -0.074553 0.0
v 0.25824 -0.044609 0.0
v 0.358876 -0.074553 0.0
v 0.225859 0.086883 0.0
v 0.206863 0.097818 0.0
v 0.184566 0.104295 0.0
v 0.264259 -0.023439 0.0
v 0.266193 -2.77E-4 0.0
v 0.263316 0.028157 0.0
v 0.164478 0.105935 0.0
v 0.140536 0.104283 0.0
v 0.117413 -0.086138 0.0
v 0.138732 -0.094891 0.0
v 0.097901 -0.097723 0.0
v 0.158941 -0.097723 0.0
v 0.097901 -2.0 0.0
v 0.166975 -0.098849 0.0
v 2.0 -2.0 0.0
v 0.172443 -0.098943 0.0
v -0.243563 -0.096504 0.0
v -0.218942 -0.041688 0.0
v -0.207472 -0.059577 0.0
v -0.028929 -0.096504 0.0
v 0.078389 -0.096504 0.0
v 0.078389 0.103496 0.0
v -0.024051 0.103496 0.0
v -2.0 2.0 0.0
v -0.319172 0.103496 0.0
v -0.346002 0.103496 0.0
v -0.19101 -0.075339 0.0
v -0.170128 -0.087475 0.0
v -0.147082 -0.094344 0.0
v -2.0 -0.097723 0.0
v 0.051559 0.081545 0.0
v 0.051559 0.015691 0.0
v -0.024051 0.081545 0.0
v -0.019172 0.015691 0.0
v -0.067953 0.103496 0.0
v -0.019172 -0.00626 0.0
v 0.051559 -0.00626 0.0
v 0.051559 -0.074553 0.0
v -0.028929 -0.074553 0.0
v -0.067953 -0.096504 0.0
v -0.122336 -0.096504 0.0
v -0.42405 -0.096504 0.0
v -0.394782 -0.096504 0.0
v -0.124393 0.103496 0.0
v -0.153288 0.100408 0.0
v -0.176688 0.092191 0.0
v -0.198457 0.077602 0.0
v -0.374546 -0.040406 0.0
v -0.291924 -0.040406 0.0
v -0.272831 -0.096504 0.0
v -0.198666 0.077419 0.0
v -0.212809 0.061736 0.0
v -0.222103 0.044536 0.0
v -0.227475 0.024831 0.0
v -0.228929 0.006011 0.0
v -0.226122 -0.020754 0.0
v -2.0 -2.0 0.0
v -2.0 -2.0 1.0
v -1.280637 -2.0 1.0
v -1.280637 -0.177977 1.0
v -0.627783 0.148332 1.0
v -0.605008 0.185789 1.0
v -0.662716 0.251291 1.0
v -0.574404 0.216269 1.0
v -0.537532 0.237967 1.0
v -0.497056 0.249907 1.0
v -0.508651 -0.150837 1.0
v -0.546238 -0.137911 1.0
v -0.662716 -0.177977 1.0
v -0.459667 -0.156026 1.0
v -0.35432 -0.177977 1.0
v -0.395185 -0.147032 1.0
v -0.427094 -0.153882 1.0
v -0.578958 -0.117069 1.0
v -0.607692 -0.087324 1.0
v -0.629851 -0.049983 1.0
v -0.643373 -0.006756 1.0
v -0.648082 0.044127 1.0
v -0.642613 0.101926 1.0
v -0.213935 -0.177977 1.0
v -0.270553 -0.177977 1.0
v -0.233448 -0.204806 1.0
v -0.29037 -0.056376 1.0
v -0.31988 -0.099471 1.0
v -0.367073 0.234981 1.0
v -0.213935 0.251291 1.0
v -0.404888 0.248439 1.0
v -0.430925 0.251291 1.0
v -0.332622 -0.111924 1.0
v -0.346557 -0.123023 1.0
v -0.332292 0.211593 1.0
v -0.302615 0.178184 1.0
v -0.281761 0.138242 1.0
v -0.270423 0.093646 1.0
v -0.267594 0.053578 1.0
v -0.274594 -0.011844 1.0
v 0.535325 0.23304 1.0
v 0.562391 0.246264 1.0
v 0.454357 0.251291 1.0
v 0.732406 0.146566 1.0
v 0.728471 0.109802 1.0
v 0.742162 -0.107245 1.0
v 0.493382 -0.131331 1.0
v 0.496821 -0.0936 1.0
v 0.454357 -0.177977 1.0
v 0.508016 0.1612 1.0
v 0.508016 0.210133 1.0
v 0.506737 -0.064065 1.0
v 0.522951 -0.038818 1.0
v 0.555714 -0.006189 1.0
v 0.637422 0.251291 1.0
v 0.645496 0.250531 1.0
v 0.759235 0.251291 1.0
v 0.672431 0.241934 1.0
v 0.69666 0.226901 1.0
v 0.59765 0.025524 1.0
v 0.601995 0.028578 1.0
v 0.521574 0.174213 1.0
v 0.717279 0.079235 1.0
v 0.701199 0.055107 1.0
v 0.663026 0.01887 1.0
v 0.712819 0.210283 1.0
v 0.723688 0.191722 1.0
v 0.730262 0.17042 1.0
v 0.759235 -0.177977 1.0
v 0.742162 -0.151148 1.0
v 0.493382 -0.151148 1.0
v 0.643001 0.004188 1.0
v 0.580567 -0.041513 1.0
v 0.561292 -0.060549 1.0
v 0.673253 0.097688 1.0
v 0.681109 0.119537 1.0
v 0.549251 0.193708 1.0
v 0.552475 -0.074123 1.0
v 0.547642 -0.088417 1.0
v 0.545821 -0.107245 1.0
v 0.658045 0.075713 1.0
v 0.683626 0.142679 1.0
v 0.681832 0.160012 1.0
v 0.677262 0.173281 1.0
v 0.648558 0.20134 1.0
v 0.629747 0.207635 1.0
v 0.606644 0.209828 1.0
v 0.576644 0.205397 1.0
v 0.670187 0.184479 1.0
v 0.660924 0.193541 1.0
v 0.611522 0.25373 1.0
v 0.759235 0.895656 1.0
v 0.593957 0.252933 1.0
v 0.454357 0.895656 1.0
v 0.586186 0.251291 1.0
v -0.31889 -0.204806 1.0
v -0.662716 -2.0 1.0
v -0.213935 -2.0 1.0
v 0.049479 -0.177977 1.0
v 2.0 -2.0 1.0
v 2.0 -0.177977 1.0
v 1.534496 -2.0 1.0
v 1.534496 -0.177977 1.0
v 0.759235 -2.0 1.0
v 0.454357 -2.0 1.0
v 0.049479 -2.0 1.0
v -1.023692 0.248852 1.0
v -1.280637 0.251291 1.0
v -0.87735 -0.151148 1.0
v -0.843247 -0.079136 1.0
v -0.837792 -0.061285 1.0
v -0.965155 0.248852 1.0
v -0.731009 0.248852 1.0
v -0.847853 -0.097489 1.0
v -0.846633 -0.097489 1.0
v -0.850909 -0.079428 1.0
v -0.855932 -0.061818 1.0
v -0.67735 0.248852 1.0
v -0.818813 -0.151148 1.0
v 0.010455 0.248852 1.0
v 0.049479 0.251291 1.0
v 0.010455 0.20495 1.0
v -0.140765 0.20495 1.0
v -0.140765 0.068365 1.0
v 6.99E-4 0.068365 1.0
v 6.99E-4 0.024462 1.0
v -0.140765 0.024462 1.0
v -0.140765 -0.151148 1.0
v -0.194423 -0.151148 1.0
v -0.194423 0.248852 1.0
v 0.142162 -0.151148 1.0
v 0.088504 -0.151148 1.0
v 0.088504 0.248852 1.0
v 0.142162 0.185438 1.0
v 0.140562 0.185438 1.0
v 0.148227 0.172096 1.0
v 0.14193 0.157486 1.0
v 0.155501 0.159371 1.0
v 0.35169 -0.151148 1.0
v 0.142162 0.129493 1.0
v 0.156796 0.248852 1.0
v 0.361674 0.248852 1.0
v 0.415333 0.248852 1.0
v 0.415333 -0.151148 1.0
v 0.363199 -0.082855 1.0
v 0.364266 -0.082855 1.0
v 0.355497 -0.068903 1.0
v 0.362118 -0.053861 1.0
v 0.347116 -0.05534 1.0
v 0.361674 -0.024776 1.0
v 1.068992 -0.058465 1.0
v 1.010455 -0.058465 1.0
v 1.010455 -0.151148 1.0
v 1.068992 -0.014562 1.0
v 0.961674 -0.151148 1.0
v 0.961674 -0.058465 1.0
v 0.922665 0.184588 1.0
v 0.958321 0.248852 1.0
v 1.010455 0.248852 1.0
v 1.534496 0.251291 1.0
v 0.776309 -0.058465 1.0
v 0.776309 -0.016849 1.0
v 0.873028 0.10789 1.0
v 2.0 0.251291 1.0
v 1.010455 -0.014562 1.0
v -0.481171 0.251291 1.0
v -0.662716 0.895656 1.0
v -1.280637 0.895656 1.0
v 0.049479 0.895656 1.0
v -0.213935 0.895656 1.0
v -0.453188 0.25373 1.0
v 2.0 0.895656 1.0
v 1.534496 0.895656 1.0
v -1.537582 1.65 1.0
v -1.541412 1.620904 1.0
v -1.552643 1.593791 1.0
v -1.570508 1.570508 1.0
v -1.593791 1.552643 1.0
v -1.620904 1.541412 1.0
v -2.0 -0.177977 1.0
v -2.0 0.251291 1.0
v -2.0 0.895656 1.0
v -1.65 1.537582 1.0
v -1.679096 1.541412 1.0
v -1.706209 1.552643 1.0
v -1.729492 1.570508 1.0
v -1.758588 1.679096 1.0
v -1.747357 1.706209 1.0
v -2.0 2.0 1.0
v -1.729492 1.729492 1.0
v -1.706209 1.747357 1.0
v -1.747357 1.593791 1.0
v -1.758588 1.620904 1.0
v -1.762418 1.65 1.0
v -1.593791 1.747357 1.0
v -1.570508 1.729492 1.0
v -1.280637 2.0 1.0
v -1.552643 1.706209 1.0
v -1.541412 1.679096 1.0
v -1.679096 1.758588 1.0
v -1.65 1.762418 1.0
v -1.620904 1.758588 1.0
v 2.0 2.0 1.0
v 1.534496 2.0 1.0
v 0.759235 2.0 1.0
v 0.454357 2.0 1.0
v 0.049479 2.0 1.0
v -0.213935 2.0 1.0
v -0.662716 2.0 1.0
v 0.6 -2.0 0.12
v 0.4 -2.0 0.12
v 0.4 -2.0 0.18
v -0.6 -2.0 0.18
v -0.6 -2.0 0.12
v -0.4 -2.0 0.12
v -0.4 -2.0 0.18
v 0.6 -2.0 0.18
v -0.731009 0.248852 0.99
v -0.67735 0.248852 0.99
newmtl 2
Ka 0.6666666666666666 0.6666666666666666 0.6666666666666666
Kd 0.6666666666666666 0.6666666666666666 0.6666666666666666
Ks 0.3333333333333333 0.3333333333333333 0.3333333333333333
d 0.0
endmtl
v -0.818813 -0.151148 0.99
v -0.87735 -0.151148 0.99
v -1.023692 0.248852 0.99
v -0.965155 0.248852 0.99
v -0.855932 -0.061818 0.99
v -0.847853 -0.097489 0.99
v -0.850909 -0.079428 0.99
v -0.846633 -0.097489 0.99
v -0.837792 -0.061285 0.99
v -0.843247 -0.079136 0.99
v -1.537582 1.65 0.99
v -1.541412 1.679096 0.99
v -1.552643 1.706209 0.99
v -1.570508 1.729492 0.99
v -1.593791 1.747357 0.99
v -1.620904 1.758588 0.99
v -1.65 1.762418 0.99
v -1.679096 1.758588 0.99
v -1.706209 1.747357 0.99
v -1.729492 1.729492 0.99
v -1.747357 1.706209 0.99
v -1.758588 1.679096 0.99
v -1.762418 1.65 0.99
v -1.758588 1.620904 0.99
v -1.747357 1.593791 0.99
v -1.729492 1.570508 0.99
v -1.706209 1.552643 0.99
v -1.679096 1.541412 0.99
v -1.65 1.537582 0.99
v -1.620904 1.541412 0.99
v -1.593791 1.552643 0.99
v -1.570508 1.570508 0.99
v -1.552643 1.593791 0.99
v -1.541412 1.620904 0.99
v -1.65 1.65 0.99
v 0.958321 0.248852 0.99
v 1.010455 0.248852 0.99
v 1.010455 -0.014562 0.99
v 1.068992 -0.014562 0.99
v 1.068992 -0.058465 0.99
v 1.010455 -0.058465 0.99
v 1.010455 -0.151148 0.99
v 0.961674 -0.151148 0.99
v 0.961674 -0.058465 0.99
v 0.776309 -0.058465 0.99
v 0.776309 -0.016849 0.99
v 0.922665 0.184588 0.99
v 0.873028 0.10789 0.99
v 0.961674 0.175453 0.99
v 0.961674 -0.014562 0.99
v 0.901536 0.077587 0.99
v 0.83294 -0.014562 0.99
v 0.83294 -0.014562 1.0
v 0.901536 0.077587 1.0
v 0.961674 0.175453 1.0
v 0.961674 -0.014562 1.0
v 0.683626 0.142679 0.99
v 0.681109 0.119537 0.99
v 0.673253 0.097688 0.99
v 0.658045 0.075713 0.99
v 0.601995 0.028578 0.99
v 0.606644 0.209828 0.99
v 0.629747 0.207635 0.99
v 0.648558 0.20134 0.99
v 0.660924 0.193541 0.99
v 0.670187 0.184479 0.99
v 0.677262 0.173281 0.99
v 0.681832 0.160012 0.99
v 0.508016 0.1612 0.99
v 0.521574 0.174213 0.99
v 0.549251 0.193708 0.99
v 0.576644 0.205397 0.99
v 0.508016 0.210133 0.99
v 0.611522 0.25373 0.99
v 0.593957 0.252933 0.99
v 0.562391 0.246264 0.99
v 0.535325 0.23304 0.99
v 0.645496 0.250531 0.99
v 0.672431 0.241934 0.99
v 0.69666 0.226901 0.99
v 0.712819 0.210283 0.99
v 0.723688 0.191722 0.99
v 0.730262 0.17042 0.99
v 0.732406 0.146566 0.99
v 0.643001 0.004188 0.99
v 0.663026 0.01887 0.99
v 0.701199 0.055107 0.99
v 0.717279 0.079235 0.99
v 0.728471 0.109802 0.99
v 0.545821 -0.107245 0.99
v 0.547642 -0.088417 0.99
v 0.552475 -0.074123 0.99
v 0.561292 -0.060549 0.99
v 0.580567 -0.041513 0.99
v 0.742162 -0.107245 0.99
v 0.742162 -0.151148 0.99
v 0.493382 -0.151148 0.99
v 0.493382 -0.131331 0.99
v 0.59765 0.025524 0.99
v 0.555714 -0.006189 0.99
v 0.522951 -0.038818 0.99
v 0.506737 -0.064065 0.99
v 0.496821 -0.0936 0.99
v 0.415333 0.248852 0.99
v 0.415333 -0.151148 0.99
v 0.35169 -0.151148 0.99
v 0.155501 0.159371 0.99
v 0.142162 0.185438 0.99
v 0.148227 0.172096 0.99
v 0.140562 0.185438 0.99
v 0.142162 0.129493 0.99
v 0.14193 0.157486 0.99
v 0.142162 -0.151148 0.99
v 0.088504 -0.151148 0.99
v 0.088504 0.248852 0.99
v 0.156796 0.248852 0.99
v 0.347116 -0.05534 0.99
v 0.363199 -0.082855 0.99
v 0.355497 -0.068903 0.99
v 0.364266 -0.082855 0.99
v 0.361674 -0.024776 0.99
v 0.362118 -0.053861 0.99
v 0.361674 0.248852 0.99
v 0.010455 0.248852 0.99
v 0.010455 0.20495 0.99
v -0.140765 0.20495 0.99
v -0.140765 0.068365 0.99
v 6.99E-4 0.068365 0.99
v 6.99E-4 0.024462 0.99
v -0.140765 0.024462 0.99
v -0.140765 -0.151148 0.99
v -0.194423 -0.151148 0.99
v -0.194423 0.248852 0.99
v -0.648082 0.044127 0.99
v -0.643373 -0.006756 0.99
v -0.629851 -0.049983 0.99
v -0.607692 -0.087324 0.99
v -0.578958 -0.117069 0.99
v -0.546238 -0.137911 0.99
v -0.508651 -0.150837 0.99
v -0.459667 -0.156026 0.99
v -0.453188 0.25373 0.99
v -0.497056 0.249907 0.99
v -0.537532 0.237967 0.99
v -0.574404 0.216269 0.99
v -0.605008 0.185789 0.99
v -0.627783 0.148332 0.99
v -0.642613 0.101926 0.99
v -0.267594 0.053578 0.99
v -0.270423 0.093646 0.99
v -0.281761 0.138242 0.99
v -0.302615 0.178184 0.99
v -0.332292 0.211593 0.99
v -0.367073 0.234981 0.99
v -0.404888 0.248439 0.99
v -0.31988 -0.099471 0.99
v -0.29037 -0.056376 0.99
v -0.274594 -0.011844 0.99
v -0.346557 -0.123023 0.99
v -0.332622 -0.111924 0.99
v -0.233448 -0.204806 0.99
v -0.31889 -0.204806 0.99
v -0.395185 -0.147032 0.99
v -0.427094 -0.153882 0.99
v -0.423577 -0.108364 0.99
v -0.459515 -0.112123 0.99
v -0.488816 -0.109247 0.99
v -0.516452 -0.099982 0.99
v -0.539988 -0.085038 0.99
v -0.561641 -0.062576 0.99
v -0.578652 -0.034006 0.99
v -0.590126 0.002443 0.99
v -0.594423 0.048471 0.99
v -0.592829 0.077052 0.99
v -0.582146 0.121401 0.99
v -0.56582 0.152693 0.99
v -0.542765 0.178879 0.99
v -0.518781 0.195387 0.99
v -0.491921 0.205589 0.99
v -0.456161 0.209828 0.99
v -0.420367 0.205884 0.99
v -0.393948 0.196494 0.99
v -0.37169 0.181879 0.99
v -0.352103 0.161067 0.99
v -0.335445 0.131166 0.99
v -0.325207 0.094983 0.99
v -0.321252 0.047709 0.99
v -0.325869 -0.00169 0.99
v -0.338324 -0.039725 0.99
v -0.354063 -0.06512 0.99
v -0.372552 -0.084032 0.99
v -0.395845 -0.098897 0.99
v -0.594423 0.048471 1.0
v -0.592829 0.077052 1.0
v -0.582146 0.121401 1.0
v -0.56582 0.152693 1.0
v -0.542765 0.178879 1.0
v -0.518781 0.195387 1.0
v -0.491921 0.205589 1.0
v -0.456161 0.209828 1.0
v -0.420367 0.205884 1.0
v -0.393948 0.196494 1.0
v -0.37169 0.181879 1.0
v -0.352103 0.161067 1.0
v -0.335445 0.131166 1.0
v -0.325207 0.094983 1.0
v -0.321252 0.047709 1.0
v -0.325869 -0.00169 1.0
v -0.338324 -0.039725 1.0
v -0.354063 -0.06512 1.0
v -0.372552 -0.084032 1.0
v -0.395845 -0.098897 1.0
v -0.423577 -0.108364 1.0
v -0.459515 -0.112123 1.0
v -0.488816 -0.109247 1.0
v -0.516452 -0.099982 1.0
v -0.539988 -0.085038 1.0
v -0.561641 -0.062576 1.0
v -0.578652 -0.034006 1.0
v -0.590126 0.002443 1.0
v 0.6 -2.001 0.18
v 0.6 -2.001 0.12
newmtl 3
Ka 1.0 1.0 0.0
Kd 1.0 1.0 0.0
Ks 0.5019607843137255 0.5019607843137255 0.0
d 0.0
endmtl
v 0.4 -2.001 0.12
v 0.4 -2.001 0.18
v -0.4 -2.001 0.18
v -0.4 -2.001 0.12
v -0.6 -2.001 0.12
v -0.6 -2.001 0.18
v -0.346002 0.103496 0.01
v -0.42405 -0.096504 0.01
newmtl 4
Ka 1.0 1.0 1.0
Kd 1.0 1.0 1.0
Ks 0.8784313725490196 0.8784313725490196 0.8784313725490196
d 0.0
endmtl
v -0.394782 -0.096504 0.01
v -0.374546 -0.040406 0.01
v -0.291924 -0.040406 0.01
v -0.272831 -0.096504 0.01
v -0.243563 -0.096504 0.01
v -0.319172 0.103496 0.01
v -0.298669 -0.018455 0.01
v -0.365552 -0.018455 0.01
v -0.328509 0.065082 0.01
v -0.330434 0.072018 0.01
v -0.331711 0.079106 0.01
v -0.332358 0.079106 0.01
v -0.333664 0.072039 0.01
v -0.335445 0.065082 0.01
v -0.298669 -0.018455 0.0
v -0.365552 -0.018455 0.0
v -0.328509 0.065082 0.0
v -0.330434 0.072018 0.0
v -0.331711 0.079106 0.0
v -0.332358 0.079106 0.0
v -0.333664 0.072039 0.0
v -0.335445 0.065082 0.0
v -0.122336 -0.096504 0.01
v -0.067953 -0.096504 0.01
v -0.067953 0.103496 0.01
v -0.124393 0.103496 0.01
v -0.228929 0.006011 0.01
v -0.227475 0.024831 0.01
v -0.222103 0.044536 0.01
v -0.212809 0.061736 0.01
v -0.198666 0.077419 0.01
v -0.198457 0.077602 0.01
v -0.176688 0.092191 0.01
v -0.153288 0.100408 0.01
v -0.147082 -0.094344 0.01
v -0.170128 -0.087475 0.01
v -0.19101 -0.075339 0.01
v -0.207472 -0.059577 0.01
v -0.218942 -0.041688 0.01
v -0.226122 -0.020754 0.01
v -0.188783 0.053499 0.01
v -0.179069 0.063814 0.01
v -0.16446 0.073252 0.01
v -0.147951 0.079029 0.01
v -0.124279 0.081545 0.01
v -0.094782 0.081545 0.01
v -0.094782 -0.074553 0.01
v -0.123174 -0.074553 0.01
v -0.144274 -0.072589 0.01
v -0.161104 -0.067335 0.01
v -0.174744 -0.059236 0.01
v -0.185962 -0.048156 0.01
v -0.194397 -0.034367 0.01
v -0.200263 -0.015567 0.01
v -0.202099 0.00544 0.01
v -0.2004 0.025345 0.01
v -0.195731 0.041164 0.01
v -0.124279 0.081545 0.0
v -0.094782 0.081545 0.0
v -0.147951 0.079029 0.0
v -0.16446 0.073252 0.0
v -0.179069 0.063814 0.0
v -0.188783 0.053499 0.0
v -0.195731 0.041164 0.0
v -0.2004 0.025345 0.0
v -0.202099 0.00544 0.0
v -0.200263 -0.015567 0.0
v -0.194397 -0.034367 0.0
v -0.185962 -0.048156 0.0
v -0.174744 -0.059236 0.0
v -0.161104 -0.067335 0.0
v -0.144274 -0.072589 0.0
v -0.123174 -0.074553 0.0
v -0.094782 -0.074553 0.0
v -0.028929 -0.074553 0.01
v -0.028929 -0.096504 0.01
v 0.078389 -0.096504 0.01
v 0.078389 0.103496 0.01
v -0.024051 0.103496 0.01
v -0.024051 0.081545 0.01
v 0.051559 0.081545 0.01
v 0.051559 0.015691 0.01
v -0.019172 0.015691 0.01
v -0.019172 -0.00626 0.01
v 0.051559 -0.00626 0.01
v 0.051559 -0.074553 0.01
v 0.117413 -0.064187 0.01
v 0.117413 -0.086138 0.01
v 0.138732 -0.094891 0.01
v 0.172443 -0.098943 0.01
v 0.166975 -0.098849 0.01
v 0.266193 -2.77E-4 0.01
v 0.264259 -0.023439 0.01
v 0.25824 -0.044609 0.01
v 0.247586 -0.063626 0.01
v 0.232563 -0.079442 0.01
v 0.216475 -0.089715 0.01
v 0.197091 -0.096387 0.01
v 0.164478 0.105935 0.01
v 0.184566 0.104295 0.01
v 0.206863 0.097818 0.01
v 0.225859 0.086883 0.01
v 0.243916 0.069518 0.01
v 0.255638 0.050819 0.01
v 0.263316 0.028157 0.01
v 0.117413 0.098008 0.01
v 0.140536 0.104283 0.01
v 0.117413 0.071179 0.01
v 0.16425 0.083984 0.01
v 0.139941 0.080826 0.01
v 0.239364 0.001362 0.01
v 0.23841 0.016923 0.01
v 0.233079 0.038334 0.01
v 0.224834 0.053776 0.01
v 0.212756 0.067109 0.01
v 0.198913 0.07637 0.01
v 0.183944 0.081772 0.01
v 0.168747 -0.076992 0.01
v 0.187401 -0.074899 0.01
v 0.201974 -0.069534 0.01
v 0.214249 -0.061261 0.01
v 0.223634 -0.05136 0.01
v 0.231905 -0.037492 0.01
v 0.237339 -0.020289 0.01
v 0.120997 -0.066172 0.01
v 0.142199 -0.074045 0.01
v 0.283267 -0.074553 0.01
v 0.283267 -0.096504 0.01
v 0.385706 -0.096504 0.01
v 0.385706 0.103496 0.01
v 0.358876 0.103496 0.01
v 0.358876 -0.074553 0.01
v 1.81 -1.15 0.18
v 2.01 -1.15 0.18
v 1.81 -1.15 -0.02
newmtl 5
Ka 0.7686274509803922 0.7686274509803922 0.7686274509803922
Kd 0.7686274509803922 0.7686274509803922 0.7686274509803922
Ks 0.615686274509804 0.615686274509804 0.615686274509804
d 0.0
endmtl
v 2.01 -1.15 -0.02
v 1.795768 -1.151018 -0.02
v 1.795768 -1.151018 0.18
v 1.781827 -1.154051 -0.02
v 1.781827 -1.154051 0.18
v 1.768458 -1.159037 -0.02
v 1.768458 -1.159037 0.18
v 1.755936 -1.165875 -0.02
v 1.755936 -1.165875 0.18
v 1.744514 -1.174425 -0.02
v 1.744514 -1.174425 0.18
v 1.734425 -1.184514 -0.02
v 1.734425 -1.184514 0.18
v 1.725875 -1.195936 -0.02
v 1.725875 -1.195936 0.18
v 1.719037 -1.208458 -0.02
v 1.719037 -1.208458 0.18
v 1.714051 -1.221827 -0.02
v 1.714051 -1.221827 0.18
v 1.711018 -1.235769 -0.02
v 1.711018 -1.235769 0.18
v 1.71 -1.25 -0.02
v 1.71 -1.25 0.18
v 1.711018 -1.264232 -0.02
v 1.711018 -1.264232 0.18
v 1.714051 -1.278173 -0.02
v 1.714051 -1.278173 0.18
v 1.719037 -1.291541 -0.02
v 1.719037 -1.291541 0.18
v 1.725875 -1.304064 -0.02
v 1.725875 -1.304064 0.18
v 1.734425 -1.315486 -0.02
v 1.734425 -1.315486 0.18
v 1.744514 -1.325575 -0.02
v 1.744514 -1.325575 0.18
v 1.755936 -1.334125 -0.02
v 1.755936 -1.334125 0.18
v 1.768458 -1.340963 -0.02
v 1.768458 -1.340963 0.18
v 1.781827 -1.345949 -0.02
v 1.781827 -1.345949 0.18
v 1.795768 -1.348982 -0.02
v 1.795768 -1.348982 0.18
v 1.81 -1.35 -0.02
v 1.81 -1.35 0.18
v 2.01 -1.35 0.18
v 2.01 -1.35 -0.02
v -1.15 -1.81 0.18
v -1.15 -2.01 0.18
v -1.15 -1.81 -0.02
v -1.15 -2.01 -0.02
v -1.151018 -1.795768 -0.02
v -1.151018 -1.795768 0.18
v -1.154051 -1.781827 -0.02
v -1.154051 -1.781827 0.18
v -1.159037 -1.768458 -0.02
v -1.159037 -1.768458 0.18
v -1.165875 -1.755936 -0.02
v -1.165875 -1.755936 0.18
v -1.174425 -1.744514 -0.02
v -1.174425 -1.744514 0.18
v -1.184514 -1.734425 -0.02
v -1.184514 -1.734425 0.18
v -1.195936 -1.725875 -0.02
v -1.195936 -1.725875 0.18
v -1.208458 -1.719037 -0.02
v -1.208458 -1.719037 0.18
v -1.221827 -1.714051 -0.02
v -1.221827 -1.714051 0.18
v -1.235769 -1.711018 -0.02
v -1.235769 -1.711018 0.18
v -1.25 -1.71 -0.02
v -1.25 -1.71 0.18
v -1.264232 -1.711018 -0.02
v -1.264232 -1.711018 0.18
v -1.278173 -1.714051 -0.02
v -1.278173 -1.714051 0.18
v -1.291541 -1.719037 -0.02
v -1.291541 -1.719037 0.18
v -1.304064 -1.725875 -0.02
v -1.304064 -1.725875 0.18
v -1.315486 -1.734425 -0.02
v -1.315486 -1.734425 0.18
v -1.325575 -1.744514 -0.02
v -1.325575 -1.744514 0.18
v -1.334125 -1.755936 -0.02
v -1.334125 -1.755936 0.18
v -1.340963 -1.768458 -0.02
v -1.340963 -1.768458 0.18
v -1.345949 -1.781827 -0.02
v -1.345949 -1.781827 0.18
v -1.348982 -1.795768 -0.02
v -1.348982 -1.795768 0.18
v -1.35 -1.81 -0.02
v -1.35 -1.81 0.18
v -1.35 -2.01 0.18
v -1.35 -2.01 -0.02
v 1.81 -0.65 0.18
v 2.01 -0.65 0.18
v 1.81 -0.65 -0.02
v 2.01 -0.65 -0.02
v 1.795768 -0.651018 -0.02
v 1.795768 -0.651018 0.18
v 1.781827 -0.654051 -0.02
v 1.781827 -0.654051 0.18
v 1.768458 -0.659037 -0.02
v 1.768458 -0.659037 0.18
v 1.755936 -0.665875 -0.02
v 1.755936 -0.665875 0.18
v 1.744514 -0.674425 -0.02
v 1.744514 -0.674425 0.18
v 1.734425 -0.684514 -0.02
v 1.734425 -0.684514 0.18
v 1.725875 -0.695936 -0.02
v 1.725875 -0.695936 0.18
v 1.719037 -0.708458 -0.02
v 1.719037 -0.708458 0.18
v 1.714051 -0.721827 -0.02
v 1.714051 -0.721827 0.18
v 1.711018 -0.735768 -0.02
v 1.711018 -0.735768 0.18
v 1.71 -0.75 -0.02
v 1.71 -0.75 0.18
v 1.711018 -0.764232 -0.02
v 1.711018 -0.764232 0.18
v 1.714051 -0.778173 -0.02
v 1.714051 -0.778173 0.18
v 1.719037 -0.791541 -0.02
v 1.719037 -0.791541 0.18
v 1.725875 -0.804064 -0.02
v 1.725875 -0.804064 0.18
v 1.734425 -0.815486 -0.02
v 1.734425 -0.815486 0.18
v 1.744514 -0.825575 -0.02
v 1.744514 -0.825575 0.18
v 1.755936 -0.834125 -0.02
v 1.755936 -0.834125 0.18
v 1.768458 -0.840963 -0.02
v 1.768458 -0.840963 0.18
v 1.781827 -0.845949 -0.02
v 1.781827 -0.845949 0.18
v 1.795768 -0.848982 -0.02
v 1.795768 -0.848982 0.18
v 1.81 -0.85 -0.02
v 1.81 -0.85 0.18
v 2.01 -0.85 0.18
v 2.01 -0.85 -0.02
v 1.81 -0.15 0.18
v 2.01 -0.15 0.18
v 1.81 -0.15 -0.02
v 2.01 -0.15 -0.02
v 1.795768 -0.151018 -0.02
v 1.795768 -0.151018 0.18
v 1.781827 -0.154051 -0.02
v 1.781827 -0.154051 0.18
v 1.768458 -0.159037 -0.02
v 1.768458 -0.159037 0.18
v 1.755936 -0.165875 -0.02
v 1.755936 -0.165875 0.18
v 1.744514 -0.174425 -0.02
v 1.744514 -0.174425 0.18
v 1.734425 -0.184514 -0.02
v 1.734425 -0.184514 0.18
v 1.725875 -0.195936 -0.02
v 1.725875 -0.195936 0.18
v 1.719037 -0.208458 -0.02
v 1.719037 -0.208458 0.18
v 1.714051 -0.221827 -0.02
v 1.714051 -0.221827 0.18
v 1.711018 -0.235769 -0.02
v 1.711018 -0.235769 0.18
v 1.71 -0.25 -0.02
v 1.71 -0.25 0.18
v 1.711018 -0.264232 -0.02
v 1.711018 -0.264232 0.18
v 1.714051 -0.278173 -0.02
v 1.714051 -0.278173 0.18
v 1.719037 -0.291542 -0.02
v 1.719037 -0.291542 0.18
v 1.725875 -0.304064 -0.02
v 1.725875 -0.304064 0.18
v 1.734425 -0.315486 -0.02
v 1.734425 -0.315486 0.18
v 1.744514 -0.325575 -0.02
v 1.744514 -0.325575 0.18
v 1.755936 -0.334125 -0.02
v 1.755936 -0.334125 0.18
v 1.768458 -0.340963 -0.02
v 1.768458 -0.340963 0.18
v 1.781827 -0.345949 -0.02
v 1.781827 -0.345949 0.18
v 1.795768 -0.348982 -0.02
v 1.795768 -0.348982 0.18
v 1.81 -0.35 -0.02
v 1.81 -0.35 0.18
v 2.01 -0.35 0.18
v 2.01 -0.35 -0.02
v 1.81 0.35 0.18
v 2.01 0.35 0.18
v 1.81 0.35 -0.02
v 2.01 0.35 -0.02
v 1.795768 0.348982 -0.02
v 1.795768 0.348982 0.18
v 1.781827 0.345949 -0.02
v 1.781827 0.345949 0.18
v 1.768458 0.340963 -0.02
v 1.768458 0.340963 0.18
v 1.755936 0.334125 -0.02
v 1.755936 0.334125 0.18
v 1.744514 0.325575 -0.02
v 1.744514 0.325575 0.18
v 1.734425 0.315486 -0.02
v 1.734425 0.315486 0.18
v 1.725875 0.304064 -0.02
v 1.725875 0.304064 0.18
v 1.719037 0.291542 -0.02
v 1.719037 0.291542 0.18
v 1.714051 0.278173 -0.02
v 1.714051 0.278173 0.18
v 1.711018 0.264232 -0.02
v 1.711018 0.264232 0.18
v 1.71 0.25 -0.02
v 1.71 0.25 0.18
v 1.711018 0.235769 -0.02
v 1.711018 0.235769 0.18
v 1.714051 0.221827 -0.02
v 1.714051 0.221827 0.18
v 1.719037 0.208458 -0.02
v 1.719037 0.208458 0.18
v 1.725875 0.195936 -0.02
v 1.725875 0.195936 0.18
v 1.734425 0.184514 -0.02
v 1.734425 0.184514 0.18
v 1.744514 0.174425 -0.02
v 1.744514 0.174425 0.18
v 1.755936 0.165875 -0.02
v 1.755936 0.165875 0.18
v 1.768458 0.159037 -0.02
v 1.768458 0.159037 0.18
v 1.781827 0.154051 -0.02
v 1.781827 0.154051 0.18
v 1.795768 0.151018 -0.02
v 1.795768 0.151018 0.18
v 1.81 0.15 -0.02
v 1.81 0.15 0.18
v 2.01 0.15 0.18
v 2.01 0.15 -0.02
v 1.81 0.85 0.18
v 2.01 0.85 0.18
v 1.81 0.85 -0.02
v 2.01 0.85 -0.02
v 1.795768 0.848982 -0.02
v 1.795768 0.848982 0.18
v 1.781827 0.845949 -0.02
v 1.781827 0.845949 0.18
v 1.768458 0.840963 -0.02
v 1.768458 0.840963 0.18
v 1.755936 0.834125 -0.02
v 1.755936 0.834125 0.18
v 1.744514 0.825575 -0.02
v 1.744514 0.825575 0.18
v 1.734425 0.815486 -0.02
v 1.734425 0.815486 0.18
v 1.725875 0.804064 -0.02
v 1.725875 0.804064 0.18
v 1.719037 0.791541 -0.02
v 1.719037 0.791541 0.18
v 1.714051 0.778173 -0.02
v 1.714051 0.778173 0.18
v 1.711018 0.764232 -0.02
v 1.711018 0.764232 0.18
v 1.71 0.75 -0.02
v 1.71 0.75 0.18
v 1.711018 0.735768 -0.02
v 1.711018 0.735768 0.18
v 1.714051 0.721827 -0.02
v 1.714051 0.721827 0.18
v 1.719037 0.708458 -0.02
v 1.719037 0.708458 0.18
v 1.725875 0.695936 -0.02
v 1.725875 0.695936 0.18
v 1.734425 0.684514 -0.02
v 1.734425 0.684514 0.18
v 1.744514 0.674425 -0.02
v 1.744514 0.674425 0.18
v 1.755936 0.665875 -0.02
v 1.755936 0.665875 0.18
v 1.768458 0.659037 -0.02
v 1.768458 0.659037 0.18
v 1.781827 0.654051 -0.02
v 1.781827 0.654051 0.18
v 1.795768 0.651018 -0.02
v 1.795768 0.651018 0.18
v 1.81 0.65 -0.02
v 1.81 0.65 0.18
v 2.01 0.65 0.18
v 2.01 0.65 -0.02
v 1.81 1.35 0.18
v 2.01 1.35 0.18
v 1.81 1.35 -0.02
v 2.01 1.35 -0.02
v 1.795768 1.348982 -0.02
v 1.795768 1.348982 0.18
v 1.781827 1.345949 -0.02
v 1.781827 1.345949 0.18
v 1.768458 1.340963 -0.02
v 1.768458 1.340963 0.18
v 1.755936 1.334125 -0.02
v 1.755936 1.334125 0.18
v 1.744514 1.325575 -0.02
v 1.744514 1.325575 0.18
v 1.734425 1.315486 -0.02
v 1.734425 1.315486 0.18
v 1.725875 1.304064 -0.02
v 1.725875 1.304064 0.18
v 1.719037 1.291541 -0.02
v 1.719037 1.291541 0.18
v 1.714051 1.278173 -0.02
v 1.714051 1.278173 0.18
v 1.711018 1.264232 -0.02
v 1.711018 1.264232 0.18
v 1.71 1.25 -0.02
v 1.71 1.25 0.18
v 1.711018 1.235769 -0.02
v 1.711018 1.235769 0.18
v 1.714051 1.221827 -0.02
v 1.714051 1.221827 0.18
v 1.719037 1.208458 -0.02
v 1.719037 1.208458 0.18
v 1.725875 1.195936 -0.02
v 1.725875 1.195936 0.18
v 1.734425 1.184514 -0.02
v 1.734425 1.184514 0.18
v 1.744514 1.174425 -0.02
v 1.744514 1.174425 0.18
v 1.755936 1.165875 -0.02
v 1.755936 1.165875 0.18
v 1.768458 1.159037 -0.02
v 1.768458 1.159037 0.18
v 1.781827 1.154051 -0.02
v 1.781827 1.154051 0.18
v 1.795768 1.151018 -0.02
v 1.795768 1.151018 0.18
v 1.81 1.15 -0.02
v 1.81 1.15 0.18
v 2.01 1.15 0.18
v 2.01 1.15 -0.02
v -0.65 -1.81 0.18
v -0.65 -2.01 0.18
v -0.65 -1.81 -0.02
v -0.65 -2.01 -0.02
v -0.651018 -1.795768 -0.02
v -0.651018 -1.795768 0.18
v -0.654051 -1.781827 -0.02
v -0.654051 -1.781827 0.18
v -0.659037 -1.768458 -0.02
v -0.659037 -1.768458 0.18
v -0.665875 -1.755936 -0.02
v -0.665875 -1.755936 0.18
v -0.674425 -1.744514 -0.02
v -0.674425 -1.744514 0.18
v -0.684514 -1.734425 -0.02
v -0.684514 -1.734425 0.18
v -0.695936 -1.725875 -0.02
v -0.695936 -1.725875 0.18
v -0.708458 -1.719037 -0.02
v -0.708458 -1.719037 0.18
v -0.721827 -1.714051 -0.02
v -0.721827 -1.714051 0.18
v -0.735768 -1.711018 -0.02
v -0.735768 -1.711018 0.18
v -0.75 -1.71 -0.02
v -0.75 -1.71 0.18
v -0.764232 -1.711018 -0.02
v -0.764232 -1.711018 0.18
v -0.778173 -1.714051 -0.02
v -0.778173 -1.714051 0.18
v -0.791541 -1.719037 -0.02
v -0.791541 -1.719037 0.18
v -0.804064 -1.725875 -0.02
v -0.804064 -1.725875 0.18
v -0.815486 -1.734425 -0.02
v -0.815486 -1.734425 0.18
v -0.825575 -1.744514 -0.02
v -0.825575 -1.744514 0.18
v -0.834125 -1.755936 -0.02
v -0.834125 -1.755936 0.18
v -0.840963 -1.768458 -0.02
v -0.840963 -1.768458 0.18
v -0.845949 -1.781827 -0.02
v -0.845949 -1.781827 0.18
v -0.848982 -1.795768 -0.02
v -0.848982 -1.795768 0.18
v -0.85 -1.81 -0.02
v -0.85 -1.81 0.18
v -0.85 -2.01 0.18
v -0.85 -2.01 -0.02
v -0.15 -1.81 0.18
v -0.15 -2.01 0.18
v -0.15 -1.81 -0.02
v -0.15 -2.01 -0.02
v -0.151018 -1.795768 -0.02
v -0.151018 -1.795768 0.18
v -0.154051 -1.781827 -0.02
v -0.154051 -1.781827 0.18
v -0.159037 -1.768458 -0.02
v -0.159037 -1.768458 0.18
v -0.165875 -1.755936 -0.02
v -0.165875 -1.755936 0.18
v -0.174425 -1.744514 -0.02
v -0.174425 -1.744514 0.18
v -0.184514 -1.734425 -0.02
v -0.184514 -1.734425 0.18
v -0.195936 -1.725875 -0.02
v -0.195936 -1.725875 0.18
v -0.208458 -1.719037 -0.02
v -0.208458 -1.719037 0.18
v -0.221827 -1.714051 -0.02
v -0.221827 -1.714051 0.18
v -0.235769 -1.711018 -0.02
v -0.235769 -1.711018 0.18
v -0.25 -1.71 -0.02
v -0.25 -1.71 0.18
v -0.264232 -1.711018 -0.02
v -0.264232 -1.711018 0.18
v -0.278173 -1.714051 -0.02
v -0.278173 -1.714051 0.18
v -0.291542 -1.719037 -0.02
v -0.291542 -1.719037 0.18
v -0.304064 -1.725875 -0.02
v -0.304064 -1.725875 0.18
v -0.315486 -1.734425 -0.02
v -0.315486 -1.734425 0.18
v -0.325575 -1.744514 -0.02
v -0.325575 -1.744514 0.18
v -0.334125 -1.755936 -0.02
v -0.334125 -1.755936 0.18
v -0.340963 -1.768458 -0.02
v -0.340963 -1.768458 0.18
v -0.345949 -1.781827 -0.02
v -0.345949 -1.781827 0.18
v -0.348982 -1.795768 -0.02
v -0.348982 -1.795768 0.18
v -0.35 -1.81 -0.02
v -0.35 -1.81 0.18
v -0.35 -2.01 0.18
v -0.35 -2.01 -0.02
v 0.35 -1.81 0.18
v 0.35 -2.01 0.18
v 0.35 -1.81 -0.02
v 0.35 -2.01 -0.02
v 0.348982 -1.795768 -0.02
v 0.348982 -1.795768 0.18
v 0.345949 -1.781827 -0.02
v 0.345949 -1.781827 0.18
v 0.340963 -1.768458 -0.02
v 0.340963 -1.768458 0.18
v 0.334125 -1.755936 -0.02
v 0.334125 -1.755936 0.18
v 0.325575 -1.744514 -0.02
v 0.325575 -1.744514 0.18
v 0.315486 -1.734425 -0.02
v 0.315486 -1.734425 0.18
v 0.304064 -1.725875 -0.02
v 0.304064 -1.725875 0.18
v 0.291542 -1.719037 -0.02
v 0.291542 -1.719037 0.18
v 0.278173 -1.714051 -0.02
v 0.278173 -1.714051 0.18
v 0.264232 -1.711018 -0.02
v 0.264232 -1.711018 0.18
v 0.25 -1.71 -0.02
v 0.25 -1.71 0.18
v 0.235769 -1.711018 -0.02
v 0.235769 -1.711018 0.18
v 0.221827 -1.714051 -0.02
v 0.221827 -1.714051 0.18
v 0.208458 -1.719037 -0.02
v 0.208458 -1.719037 0.18
v 0.195936 -1.725875 -0.02
v 0.195936 -1.725875 0.18
v 0.184514 -1.734425 -0.02
v 0.184514 -1.734425 0.18
v 0.174425 -1.744514 -0.02
v 0.174425 -1.744514 0.18
v 0.165875 -1.755936 -0.02
v 0.165875 -1.755936 0.18
v 0.159037 -1.768458 -0.02
v 0.159037 -1.768458 0.18
v 0.154051 -1.781827 -0.02
v 0.154051 -1.781827 0.18
v 0.151018 -1.795768 -0.02
v 0.151018 -1.795768 0.18
v 0.15 -1.81 -0.02
v 0.15 -1.81 0.18
v 0.15 -2.01 0.18
v 0.15 -2.01 -0.02
v 0.85 -1.81 0.18
v 0.85 -2.01 0.18
v 0.85 -1.81 -0.02
v 0.85 -2.01 -0.02
v 0.848982 -1.795768 -0.02
v 0.848982 -1.795768 0.18
v 0.845949 -1.781827 -0.02
v 0.845949 -1.781827 0.18
v 0.840963 -1.768458 -0.02
v 0.840963 -1.768458 0.18
v 0.834125 -1.755936 -0.02
v 0.834125 -1.755936 0.18
v 0.825575 -1.744514 -0.02
v 0.825575 -1.744514 0.18
v 0.815486 -1.734425 -0.02
v 0.815486 -1.734425 0.18
v 0.804064 -1.725875 -0.02
v 0.804064 -1.725875 0.18
v 0.791541 -1.719037 -0.02
v 0.791541 -1.719037 0.18
v 0.778173 -1.714051 -0.02
v 0.778173 -1.714051 0.18
v 0.764232 -1.711018 -0.02
v 0.764232 -1.711018 0.18
v 0.75 -1.71 -0.02
v 0.75 -1.71 0.18
v 0.735768 -1.711018 -0.02
v 0.735768 -1.711018 0.18
v 0.721827 -1.714051 -0.02
v 0.721827 -1.714051 0.18
v 0.708458 -1.719037 -0.02
v 0.708458 -1.719037 0.18
v 0.695936 -1.725875 -0.02
v 0.695936 -1.725875 0.18
v 0.684514 -1.734425 -0.02
v 0.684514 -1.734425 0.18
v 0.674425 -1.744514 -0.02
v 0.674425 -1.744514 0.18
v 0.665875 -1.755936 -0.02
v 0.665875 -1.755936 0.18
v 0.659037 -1.768458 -0.02
v 0.659037 -1.768458 0.18
v 0.654051 -1.781827 -0.02
v 0.654051 -1.781827 0.18
v 0.651018 -1.795768 -0.02
v 0.651018 -1.795768 0.18
v 0.65 -1.81 -0.02
v 0.65 -1.81 0.18
v 0.65 -2.01 0.18
v 0.65 -2.01 -0.02
v 1.35 -1.81 0.18
v 1.35 -2.01 0.18
v 1.35 -1.81 -0.02
v 1.35 -2.01 -0.02
v 1.348982 -1.795768 -0.02
v 1.348982 -1.795768 0.18
v 1.345949 -1.781827 -0.02
v 1.345949 -1.781827 0.18
v 1.340963 -1.768458 -0.02
v 1.340963 -1.768458 0.18
v 1.334125 -1.755936 -0.02
v 1.334125 -1.755936 0.18
v 1.325575 -1.744514 -0.02
v 1.325575 -1.744514 0.18
v 1.315486 -1.734425 -0.02
v 1.315486 -1.734425 0.18
v 1.304064 -1.725875 -0.02
v 1.304064 -1.725875 0.18
v 1.291541 -1.719037 -0.02
v 1.291541 -1.719037 0.18
v 1.278173 -1.714051 -0.02
v 1.278173 -1.714051 0.18
v 1.264232 -1.711018 -0.02
v 1.264232 -1.711018 0.18
v 1.25 -1.71 -0.02
v 1.25 -1.71 0.18
v 1.235769 -1.711018 -0.02
v 1.235769 -1.711018 0.18
v 1.221827 -1.714051 -0.02
v 1.221827 -1.714051 0.18
v 1.208458 -1.719037 -0.02
v 1.208458 -1.719037 0.18
v 1.195936 -1.725875 -0.02
v 1.195936 -1.725875 0.18
v 1.184514 -1.734425 -0.02
v 1.184514 -1.734425 0.18
v 1.174425 -1.744514 -0.02
v 1.174425 -1.744514 0.18
v 1.165875 -1.755936 -0.02
v 1.165875 -1.755936 0.18
v 1.159037 -1.768458 -0.02
v 1.159037 -1.768458 0.18
v 1.154051 -1.781827 -0.02
v 1.154051 -1.781827 0.18
v 1.151018 -1.795768 -0.02
v 1.151018 -1.795768 0.18
v 1.15 -1.81 -0.02
v 1.15 -1.81 0.18
v 1.15 -2.01 0.18
v 1.15 -2.01 -0.02
v -1.81 -1.15 -0.02
v -2.01 -1.15 -0.02
v -1.81 -1.15 0.18
v -2.01 -1.15 0.18
v -1.795768 -1.151018 0.18
v -1.795768 -1.151018 -0.02
v -1.781827 -1.154051 0.18
v -1.781827 -1.154051 -0.02
v -1.768458 -1.159037 0.18
v -1.768458 -1.159037 -0.02
v -1.755936 -1.165875 0.18
v -1.755936 -1.165875 -0.02
v -1.744514 -1.174425 0.18
v -1.744514 -1.174425 -0.02
v -1.734425 -1.184514 0.18
v -1.734425 -1.184514 -0.02
v -1.725875 -1.195936 0.18
v -1.725875 -1.195936 -0.02
v -1.719037 -1.208458 0.18
v -1.719037 -1.208458 -0.02
v -1.714051 -1.221827 0.18
v -1.714051 -1.221827 -0.02
v -1.711018 -1.235769 0.18
v -1.711018 -1.235769 -0.02
v -1.71 -1.25 0.18
v -1.71 -1.25 -0.02
v -1.711018 -1.264232 0.18
v -1.711018 -1.264232 -0.02
v -1.714051 -1.278173 0.18
v -1.714051 -1.278173 -0.02
v -1.719037 -1.291541 0.18
v -1.719037 -1.291541 -0.02
v -1.725875 -1.304064 0.18
v -1.725875 -1.304064 -0.02
v -1.734425 -1.315486 0.18
v -1.734425 -1.315486 -0.02
v -1.744514 -1.325575 0.18
v -1.744514 -1.325575 -0.02
v -1.755936 -1.334125 0.18
v -1.755936 -1.334125 -0.02
v -1.768458 -1.340963 0.18
v -1.768458 -1.340963 -0.02
v -1.781827 -1.345949 0.18
v -1.781827 -1.345949 -0.02
v -1.795768 -1.348982 0.18
v -1.795768 -1.348982 -0.02
v -1.81 -1.35 0.18
v -1.81 -1.35 -0.02
v -2.01 -1.35 -0.02
v -2.01 -1.35 0.18
v -1.81 -0.65 -0.02
v -2.01 -0.65 -0.02
v -1.81 -0.65 0.18
v -2.01 -0.65 0.18
v -1.795768 -0.651018 0.18
v -1.795768 -0.651018 -0.02
v -1.781827 -0.654051 0.18
v -1.781827 -0.654051 -0.02
v -1.768458 -0.659037 0.18
v -1.768458 -0.659037 -0.02
v -1.755936 -0.665875 0.18
v -1.755936 -0.665875 -0.02
v -1.744514 -0.674425 0.18
v -1.744514 -0.674425 -0.02
v -1.734425 -0.684514 0.18
v -1.734425 -0.684514 -0.02
v -1.725875 -0.695936 0.18
v -1.725875 -0.695936 -0.02
v -1.719037 -0.708458 0.18
v -1.719037 -0.708458 -0.02
v -1.714051 -0.721827 0.18
v -1.714051 -0.721827 -0.02
v -1.711018 -0.735768 0.18
v -1.711018 -0.735768 -0.02
v -1.71 -0.75 0.18
v -1.71 -0.75 -0.02
v -1.711018 -0.764232 0.18
v -1.711018 -0.764232 -0.02
v -1.714051 -0.778173 0.18
v -1.714051 -0.778173 -0.02
v -1.719037 -0.791541 0.18
v -1.719037 -0.791541 -0.02
v -1.725875 -0.804064 0.18
v -1.725875 -0.804064 -0.02
v -1.734425 -0.815486 0.18
v -1.734425 -0.815486 -0.02
v -1.744514 -0.825575 0.18
v -1.744514 -0.825575 -0.02
v -1.755936 -0.834125 0.18
v -1.755936 -0.834125 -0.02
v -1.768458 -0.840963 0.18
v -1.768458 -0.840963 -0.02
v -1.781827 -0.845949 0.18
v -1.781827 -0.845949 -0.02
v -1.795768 -0.848982 0.18
v -1.795768 -0.848982 -0.02
v -1.81 -0.85 0.18
v -1.81 -0.85 -0.02
v -2.01 -0.85 -0.02
v -2.01 -0.85 0.18
v -1.81 -0.15 -0.02
v -2.01 -0.15 -0.02
v -1.81 -0.15 0.18
v -2.01 -0.15 0.18
v -1.795768 -0.151018 0.18
v -1.795768 -0.151018 -0.02
v -1.781827 -0.154051 0.18
v -1.781827 -0.154051 -0.02
v -1.768458 -0.159037 0.18
v -1.768458 -0.159037 -0.02
v -1.755936 -0.165875 0.18
v -1.755936 -0.165875 -0.02
v -1.744514 -0.174425 0.18
v -1.744514 -0.174425 -0.02
v -1.734425 -0.184514 0.18
v -1.734425 -0.184514 -0.02
v -1.725875 -0.195936 0.18
v -1.725875 -0.195936 -0.02
v -1.719037 -0.208458 0.18
v -1.719037 -0.208458 -0.02
v -1.714051 -0.221827 0.18
v -1.714051 -0.221827 -0.02
v -1.711018 -0.235769 0.18
v -1.711018 -0.235769 -0.02
v -1.71 -0.25 0.18
v -1.71 -0.25 -0.02
v -1.711018 -0.264232 0.18
v -1.711018 -0.264232 -0.02
v -1.714051 -0.278173 0.18
v -1.714051 -0.278173 -0.02
v -1.719037 -0.291542 0.18
v -1.719037 -0.291542 -0.02
v -1.725875 -0.304064 0.18
v -1.725875 -0.304064 -0.02
v -1.734425 -0.315486 0.18
v -1.734425 -0.315486 -0.02
v -1.744514 -0.325575 0.18
v -1.744514 -0.325575 -0.02
v -1.755936 -0.334125 0.18
v -1.755936 -0.334125 -0.02
v -1.768458 -0.340963 0.18
v -1.768458 -0.340963 -0.02
v -1.781827 -0.345949 0.18
v -1.781827 -0.345949 -0.02
v -1.795768 -0.348982 0.18
v -1.795768 -0.348982 -0.02
v -1.81 -0.35 0.18
v -1.81 -0.35 -0.02
v -2.01 -0.35 -0.02
v -2.01 -0.35 0.18
v -1.81 0.35 -0.02
v -2.01 0.35 -0.02
v -1.81 0.35 0.18
v -2.01 0.35 0.18
v -1.795768 0.348982 0.18
v -1.795768 0.348982 -0.02
v -1.781827 0.345949 0.18
v -1.781827 0.345949 -0.02
v -1.768458 0.340963 0.18
v -1.768458 0.340963 -0.02
v -1.755936 0.334125 0.18
v -1.755936 0.334125 -0.02
v -1.744514 0.325575 0.18
v -1.744514 0.325575 -0.02
v -1.734425 0.315486 0.18
v -1.734425 0.315486 -0.02
v -1.725875 0.304064 0.18
v -1.725875 0.304064 -0.02
v -1.719037 0.291542 0.18
v -1.719037 0.291542 -0.02
v -1.714051 0.278173 0.18
v -1.714051 0.278173 -0.02
v -1.711018 0.264232 0.18
v -1.711018 0.264232 -0.02
v -1.71 0.25 0.18
v -1.71 0.25 -0.02
v -1.711018 0.235769 0.18
v -1.711018 0.235769 -0.02
v -1.714051 0.221827 0.18
v -1.714051 0.221827 -0.02
v -1.719037 0.208458 0.18
v -1.719037 0.208458 -0.02
v -1.725875 0.195936 0.18
v -1.725875 0.195936 -0.02
v -1.734425 0.184514 0.18
v -1.734425 0.184514 -0.02
v -1.744514 0.174425 0.18
v -1.744514 0.174425 -0.02
v -1.755936 0.165875 0.18
v -1.755936 0.165875 -0.02
v -1.768458 0.159037 0.18
v -1.768458 0.159037 -0.02
v -1.781827 0.154051 0.18
v -1.781827 0.154051 -0.02
v -1.795768 0.151018 0.18
v -1.795768 0.151018 -0.02
v -1.81 0.15 0.18
v -1.81 0.15 -0.02
v -2.01 0.15 -0.02
v -2.01 0.15 0.18
v -1.81 0.85 -0.02
v -2.01 0.85 -0.02
v -1.81 0.85 0.18
v -2.01 0.85 0.18
v -1.795768 0.848982 0.18
v -1.795768 0.848982 -0.02
v -1.781827 0.845949 0.18
v -1.781827 0.845949 -0.02
v -1.768458 0.840963 0.18
v -1.768458 0.840963 -0.02
v -1.755936 0.834125 0.18
v -1.755936 0.834125 -0.02
v -1.744514 0.825575 0.18
v -1.744514 0.825575 -0.02
v -1.734425 0.815486 0.18
v -1.734425 0.815486 -0.02
v -1.725875 0.804064 0.18
v -1.725875 0.804064 -0.02
v -1.719037 0.791541 0.18
v -1.719037 0.791541 -0.02
v -1.714051 0.778173 0.18
v -1.714051 0.778173 -0.02
v -1.711018 0.764232 0.18
v -1.711018 0.764232 -0.02
v -1.71 0.75 0.18
v -1.71 0.75 -0.02
v -1.711018 0.735768 0.18
v -1.711018 0.735768 -0.02
v -1.714051 0.721827 0.18
v -1.714051 0.721827 -0.02
v -1.719037 0.708458 0.18
v -1.719037 0.708458 -0.02
v -1.725875 0.695936 0.18
v -1.725875 0.695936 -0.02
v -1.734425 0.684514 0.18
v -1.734425 0.684514 -0.02
v -1.744514 0.674425 0.18
v -1.744514 0.674425 -0.02
v -1.755936 0.665875 0.18
v -1.755936 0.665875 -0.02
v -1.768458 0.659037 0.18
v -1.768458 0.659037 -0.02
v -1.781827 0.654051 0.18
v -1.781827 0.654051 -0.02
v -1.795768 0.651018 0.18
v -1.795768 0.651018 -0.02
v -1.81 0.65 0.18
v -1.81 0.65 -0.02
v -2.01 0.65 -0.02
v -2.01 0.65 0.18
v -1.81 1.35 -0.02
v -2.01 1.35 -0.02
v -1.81 1.35 0.18
v -2.01 1.35 0.18
v -1.795768 1.348982 0.18
v -1.795768 1.348982 -0.02
v -1.781827 1.345949 0.18
v -1.781827 1.345949 -0.02
v -1.768458 1.340963 0.18
v -1.768458 1.340963 -0.02
v -1.755936 1.334125 0.18
v -1.755936 1.334125 -0.02
v -1.744514 1.325575 0.18
v -1.744514 1.325575 -0.02
v -1.734425 1.315486 0.18
v -1.734425 1.315486 -0.02
v -1.725875 1.304064 0.18
v -1.725875 1.304064 -0.02
v -1.719037 1.291541 0.18
v -1.719037 1.291541 -0.02
v -1.714051 1.278173 0.18
v -1.714051 1.278173 -0.02
v -1.711018 1.264232 0.18
v -1.711018 1.264232 -0.02
v -1.71 1.25 0.18
v -1.71 1.25 -0.02
v -1.711018 1.235769 0.18
v -1.711018 1.235769 -0.02
v -1.714051 1.221827 0.18
v -1.714051 1.221827 -0.02
v -1.719037 1.208458 0.18
v -1.719037 1.208458 -0.02
v -1.725875 1.195936 0.18
v -1.725875 1.195936 -0.02
v -1.734425 1.184514 0.18
v -1.734425 1.184514 -0.02
v -1.744514 1.174425 0.18
v -1.744514 1.174425 -0.02
v -1.755936 1.165875 0.18
v -1.755936 1.165875 -0.02
v -1.768458 1.159037 0.18
v -1.768458 1.159037 -0.02
v -1.781827 1.154051 0.18
v -1.781827 1.154051 -0.02
v -1.795768 1.151018 0.18
v -1.795768 1.151018 -0.02
v -1.81 1.15 0.18
v -1.81 1.15 -0.02
v -2.01 1.15 -0.02
v -2.01 1.15 0.18
v -1.15 1.81 -0.02
v -1.15 2.01 -0.02
v -1.15 1.81 0.18
v -1.15 2.01 0.18
v -1.151018 1.795768 0.18
v -1.151018 1.795768 -0.02
v -1.154051 1.781827 0.18
v -1.154051 1.781827 -0.02
v -1.159037 1.768458 0.18
v -1.159037 1.768458 -0.02
v -1.165875 1.755936 0.18
v -1.165875 1.755936 -0.02
v -1.174425 1.744514 0.18
v -1.174425 1.744514 -0.02
v -1.184514 1.734425 0.18
v -1.184514 1.734425 -0.02
v -1.195936 1.725875 0.18
v -1.195936 1.725875 -0.02
v -1.208458 1.719037 0.18
v -1.208458 1.719037 -0.02
v -1.221827 1.714051 0.18
v -1.221827 1.714051 -0.02
v -1.235769 1.711018 0.18
v -1.235769 1.711018 -0.02
v -1.25 1.71 0.18
v -1.25 1.71 -0.02
v -1.264232 1.711018 0.18
v -1.264232 1.711018 -0.02
v -1.278173 1.714051 0.18
v -1.278173 1.714051 -0.02
v -1.291541 1.719037 0.18
v -1.291541 1.719037 -0.02
v -1.304064 1.725875 0.18
v -1.304064 1.725875 -0.02
v -1.315486 1.734425 0.18
v -1.315486 1.734425 -0.02
v -1.325575 1.744514 0.18
v -1.325575 1.744514 -0.02
v -1.334125 1.755936 0.18
v -1.334125 1.755936 -0.02
v -1.340963 1.768458 0.18
v -1.340963 1.768458 -0.02
v -1.345949 1.781827 0.18
v -1.345949 1.781827 -0.02
v -1.348982 1.795768 0.18
v -1.348982 1.795768 -0.02
v -1.35 1.81 0.18
v -1.35 1.81 -0.02
v -1.35 2.01 -0.02
v -1.35 2.01 0.18
v -0.65 1.81 -0.02
v -0.65 2.01 -0.02
v -0.65 1.81 0.18
v -0.65 2.01 0.18
v -0.651018 1.795768 0.18
v -0.651018 1.795768 -0.02
v -0.654051 1.781827 0.18
v -0.654051 1.781827 -0.02
v -0.659037 1.768458 0.18
v -0.659037 1.768458 -0.02
v -0.665875 1.755936 0.18
v -0.665875 1.755936 -0.02
v -0.674425 1.744514 0.18
v -0.674425 1.744514 -0.02
v -0.684514 1.734425 0.18
v -0.684514 1.734425 -0.02
v -0.695936 1.725875 0.18
v -0.695936 1.725875 -0.02
v -0.708458 1.719037 0.18
v -0.708458 1.719037 -0.02
v -0.721827 1.714051 0.18
v -0.721827 1.714051 -0.02
v -0.735768 1.711018 0.18
v -0.735768 1.711018 -0.02
v -0.75 1.71 0.18
v -0.75 1.71 -0.02
v -0.764232 1.711018 0.18
v -0.764232 1.711018 -0.02
v -0.778173 1.714051 0.18
v -0.778173 1.714051 -0.02
v -0.791541 1.719037 0.18
v -0.791541 1.719037 -0.02
v -0.804064 1.725875 0.18
v -0.804064 1.725875 -0.02
v -0.815486 1.734425 0.18
v -0.815486 1.734425 -0.02
v -0.825575 1.744514 0.18
v -0.825575 1.744514 -0.02
v -0.834125 1.755936 0.18
v -0.834125 1.755936 -0.02
v -0.840963 1.768458 0.18
v -0.840963 1.768458 -0.02
v -0.845949 1.781827 0.18
v -0.845949 1.781827 -0.02
v -0.848982 1.795768 0.18
v -0.848982 1.795768 -0.02
v -0.85 1.81 0.18
v -0.85 1.81 -0.02
v -0.85 2.01 -0.02
v -0.85 2.01 0.18
v -0.15 1.81 -0.02
v -0.15 2.01 -0.02
v -0.15 1.81 0.18
v -0.15 2.01 0.18
v -0.151018 1.795768 0.18
v -0.151018 1.795768 -0.02
v -0.154051 1.781827 0.18
v -0.154051 1.781827 -0.02
v -0.159037 1.768458 0.18
v -0.159037 1.768458 -0.02
v -0.165875 1.755936 0.18
v -0.165875 1.755936 -0.02
v -0.174425 1.744514 0.18
v -0.174425 1.744514 -0.02
v -0.184514 1.734425 0.18
v -0.184514 1.734425 -0.02
v -0.195936 1.725875 0.18
v -0.195936 1.725875 -0.02
v -0.208458 1.719037 0.18
v -0.208458 1.719037 -0.02
v -0.221827 1.714051 0.18
v -0.221827 1.714051 -0.02
v -0.235769 1.711018 0.18
v -0.235769 1.711018 -0.02
v -0.25 1.71 0.18
v -0.25 1.71 -0.02
v -0.264232 1.711018 0.18
v -0.264232 1.711018 -0.02
v -0.278173 1.714051 0.18
v -0.278173 1.714051 -0.02
v -0.291542 1.719037 0.18
v -0.291542 1.719037 -0.02
v -0.304064 1.725875 0.18
v -0.304064 1.725875 -0.02
v -0.315486 1.734425 0.18
v -0.315486 1.734425 -0.02
v -0.325575 1.744514 0.18
v -0.325575 1.744514 -0.02
v -0.334125 1.755936 0.18
v -0.334125 1.755936 -0.02
v -0.340963 1.768458 0.18
v -0.340963 1.768458 -0.02
v -0.345949 1.781827 0.18
v -0.345949 1.781827 -0.02
v -0.348982 1.795768 0.18
v -0.348982 1.795768 -0.02
v -0.35 1.81 0.18
v -0.35 1.81 -0.02
v -0.35 2.01 -0.02
v -0.35 2.01 0.18
v 0.35 1.81 -0.02
v 0.35 2.01 -0.02
v 0.35 1.81 0.18
v 0.35 2.01 0.18
v 0.348982 1.795768 0.18
v 0.348982 1.795768 -0.02
v 0.345949 1.781827 0.18
v 0.345949 1.781827 -0.02
v 0.340963 1.768458 0.18
v 0.340963 1.768458 -0.02
v 0.334125 1.755936 0.18
v 0.334125 1.755936 -0.02
v 0.325575 1.744514 0.18
v 0.325575 1.744514 -0.02
v 0.315486 1.734425 0.18
v 0.315486 1.734425 -0.02
v 0.304064 1.725875 0.18
v 0.304064 1.725875 -0.02
v 0.291542 1.719037 0.18
v 0.291542 1.719037 -0.02
v 0.278173 1.714051 0.18
v 0.278173 1.714051 -0.02
v 0.264232 1.711018 0.18
v 0.264232 1.711018 -0.02
v 0.25 1.71 0.18
v 0.25 1.71 -0.02
v 0.235769 1.711018 0.18
v 0.235769 1.711018 -0.02
v 0.221827 1.714051 0.18
v 0.221827 1.714051 -0.02
v 0.208458 1.719037 0.18
v 0.208458 1.719037 -0.02
v 0.195936 1.725875 0.18
v 0.195936 1.725875 -0.02
v 0.184514 1.734425 0.18
v 0.184514 1.734425 -0.02
v 0.174425 1.744514 0.18
v 0.174425 1.744514 -0.02
v 0.165875 1.755936 0.18
v 0.165875 1.755936 -0.02
v 0.159037 1.768458 0.18
v 0.159037 1.768458 -0.02
v 0.154051 1.781827 0.18
v 0.154051 1.781827 -0.02
v 0.151018 1.795768 0.18
v 0.151018 1.795768 -0.02
v 0.15 1.81 0.18
v 0.15 1.81 -0.02
v 0.15 2.01 -0.02
v 0.15 2.01 0.18
v 0.85 1.81 -0.02
v 0.85 2.01 -0.02
v 0.85 1.81 0.18
v 0.85 2.01 0.18
v 0.848982 1.795768 0.18
v 0.848982 1.795768 -0.02
v 0.845949 1.781827 0.18
v 0.845949 1.781827 -0.02
v 0.840963 1.768458 0.18
v 0.840963 1.768458 -0.02
v 0.834125 1.755936 0.18
v 0.834125 1.755936 -0.02
v 0.825575 1.744514 0.18
v 0.825575 1.744514 -0.02
v 0.815486 1.734425 0.18
v 0.815486 1.734425 -0.02
v 0.804064 1.725875 0.18
v 0.804064 1.725875 -0.02
v 0.791541 1.719037 0.18
v 0.791541 1.719037 -0.02
v 0.778173 1.714051 0.18
v 0.778173 1.714051 -0.02
v 0.764232 1.711018 0.18
v 0.764232 1.711018 -0.02
v 0.75 1.71 0.18
v 0.75 1.71 -0.02
v 0.735768 1.711018 0.18
v 0.735768 1.711018 -0.02
v 0.721827 1.714051 0.18
v 0.721827 1.714051 -0.02
v 0.708458 1.719037 0.18
v 0.708458 1.719037 -0.02
v 0.695936 1.725875 0.18
v 0.695936 1.725875 -0.02
v 0.684514 1.734425 0.18
v 0.684514 1.734425 -0.02
v 0.674425 1.744514 0.18
v 0.674425 1.744514 -0.02
v 0.665875 1.755936 0.18
v 0.665875 1.755936 -0.02
v 0.659037 1.768458 0.18
v 0.659037 1.768458 -0.02
v 0.654051 1.781827 0.18
v 0.654051 1.781827 -0.02
v 0.651018 1.795768 0.18
v 0.651018 1.795768 -0.02
v 0.65 1.81 0.18
v 0.65 1.81 -0.02
v 0.65 2.01 -0.02
v 0.65 2.01 0.18
v 1.35 1.81 -0.02
v 1.35 2.01 -0.02
v 1.35 1.81 0.18
v 1.35 2.01 0.18
v 1.348982 1.795768 0.18
v 1.348982 1.795768 -0.02
v 1.345949 1.781827 0.18
v 1.345949 1.781827 -0.02
v 1.340963 1.768458 0.18
v 1.340963 1.768458 -0.02
v 1.334125 1.755936 0.18
v 1.334125 1.755936 -0.02
v 1.325575 1.744514 0.18
v 1.325575 1.744514 -0.02
v 1.315486 1.734425 0.18
v 1.315486 1.734425 -0.02
v 1.304064 1.725875 0.18
v 1.304064 1.725875 -0.02
v 1.291541 1.719037 0.18
v 1.291541 1.719037 -0.02
v 1.278173 1.714051 0.18
v 1.278173 1.714051 -0.02
v 1.264232 1.711018 0.18
v 1.264232 1.711018 -0.02
v 1.25 1.71 0.18
v 1.25 1.71 -0.02
v 1.235769 1.711018 0.18
v 1.235769 1.711018 -0.02
v 1.221827 1.714051 0.18
v 1.221827 1.714051 -0.02
v 1.208458 1.719037 0.18
v 1.208458 1.719037 -0.02
v 1.195936 1.725875 0.18
v 1.195936 1.725875 -0.02
v 1.184514 1.734425 0.18
v 1.184514 1.734425 -0.02
v 1.174425 1.744514 0.18
v 1.174425 1.744514 -0.02
v 1.165875 1.755936 0.18
v 1.165875 1.755936 -0.02
v 1.159037 1.768458 0.18
v 1.159037 1.768458 -0.02
v 1.154051 1.781827 0.18
v 1.154051 1.781827 -0.02
v 1.151018 1.795768 0.18
v 1.151018 1.795768 -0.02
v 1.15 1.81 0.18
v 1.15 1.81 -0.02
v 1.15 2.01 -0.02
v 1.15 2.01 0.18
usemtl 1
f 1// 2// 3//
f 4// 5// 6//
f 6// 5// 7//
f 1// 3// 8//
f 8// 3// 9//
f 8// 9// 10//
f 10// 9// 11//
f 10// 11// 12//
f 2// 13// 3//
f 3// 13// 14//
f 3// 14// 15//
f 16// 17// 3//
f 3// 17// 18//
f 19// 20// 21//
f 21// 20// 22//
f 18// 23// 3//
f 3// 23// 22//
f 3// 22// 24//
f 24// 22// 20//
f 25// 26// 27//
f 27// 26// 11//
f 27// 11// 28//
f 28// 11// 29//
f 28// 29// 30//
f 30// 29// 31//
f 15// 32// 3//
f 3// 32// 33//
f 3// 33// 16//
f 4// 34// 5//
f 5// 34// 35//
f 5// 35// 36//
f 36// 35// 37//
f 36// 37// 38//
f 26// 39// 11//
f 11// 39// 40//
f 11// 40// 41//
f 37// 42// 38//
f 38// 42// 43//
f 38// 43// 27//
f 27// 43// 44//
f 27// 44// 25//
f 41// 45// 11//
f 11// 45// 46//
f 11// 46// 12//
f 47// 48// 49//
f 49// 48// 50//
f 49// 50// 51//
f 51// 50// 52//
f 51// 52// 53//
f 53// 52// 54//
f 53// 54// 31//
f 31// 54// 7//
f 31// 7// 30//
f 30// 7// 5//
f 55// 56// 57//
f 58// 59// 49//
f 49// 59// 60//
f 61// 62// 60//
f 60// 62// 11//
f 60// 11// 49//
f 49// 11// 9//
f 49// 9// 47//
f 63// 64// 62//
f 57// 65// 55//
f 55// 65// 66//
f 55// 66// 67//
f 62// 64// 68//
f 69// 70// 71//
f 71// 70// 72//
f 71// 72// 73//
f 73// 72// 74//
f 75// 76// 74//
f 74// 76// 77//
f 74// 77// 73//
f 73// 77// 58//
f 73// 58// 78//
f 78// 58// 49//
f 78// 49// 79//
f 80// 81// 49//
f 82// 62// 73//
f 73// 62// 61//
f 73// 61// 71//
f 82// 83// 62//
f 62// 83// 84//
f 62// 84// 85//
f 86// 87// 81//
f 81// 87// 88//
f 81// 88// 49//
f 49// 88// 55//
f 49// 55// 79//
f 79// 55// 67//
f 85// 89// 62//
f 62// 89// 90//
f 62// 90// 63//
f 63// 90// 91//
f 91// 92// 63//
f 63// 92// 93//
f 63// 93// 55//
f 55// 93// 94//
f 55// 94// 56//
f 64// 80// 68//
f 68// 80// 49//
f 68// 49// 95//
f 95// 49// 51//
f 96// 97// 98//
f 99// 100// 101//
f 100// 102// 101//
f 101// 102// 103//
f 101// 103// 104//
f 105// 106// 107//
f 105// 107// 108//
f 109// 110// 111//
f 106// 112// 107//
f 107// 112// 113//
f 107// 113// 114//
f 114// 115// 107//
f 107// 115// 116//
f 107// 116// 101//
f 101// 116// 117//
f 101// 117// 99//
f 118// 119// 120//
f 118// 121// 122//
f 123// 124// 125//
f 125// 124// 126//
f 118// 122// 119//
f 119// 122// 127//
f 119// 127// 128//
f 123// 129// 124//
f 124// 129// 130//
f 124// 130// 131//
f 131// 132// 124//
f 124// 132// 133//
f 124// 133// 118//
f 118// 133// 134//
f 118// 134// 121//
f 135// 136// 137//
f 138// 139// 140//
f 141// 142// 143//
f 143// 142// 144//
f 143// 144// 137//
f 137// 144// 145//
f 137// 145// 135//
f 142// 146// 144//
f 144// 146// 147//
f 144// 147// 148//
f 149// 150// 151//
f 151// 150// 152//
f 151// 152// 153//
f 148// 154// 144//
f 144// 154// 155//
f 144// 155// 156//
f 139// 157// 140//
f 140// 157// 158//
f 140// 158// 159//
f 153// 160// 151//
f 151// 160// 161//
f 151// 161// 162//
f 162// 138// 151//
f 151// 138// 140//
f 151// 140// 163//
f 163// 140// 164//
f 163// 164// 143//
f 143// 164// 165//
f 143// 165// 141//
f 159// 166// 140//
f 140// 166// 167//
f 140// 167// 168//
f 169// 170// 171//
f 168// 172// 140//
f 140// 172// 173//
f 140// 173// 174//
f 156// 155// 171//
f 171// 155// 175//
f 171// 175// 169//
f 170// 176// 171//
f 171// 176// 177//
f 171// 177// 178//
f 179// 180// 171//
f 171// 180// 181//
f 171// 181// 182//
f 178// 183// 171//
f 171// 183// 184//
f 171// 184// 179//
f 185// 186// 187//
f 187// 186// 188//
f 187// 188// 189//
f 111// 108// 109//
f 109// 108// 107//
f 109// 107// 190//
f 190// 107// 191//
f 190// 191// 120//
f 120// 191// 192//
f 120// 192// 118//
f 118// 192// 193//
f 194// 195// 196//
f 196// 195// 197//
f 196// 197// 198//
f 198// 197// 163//
f 198// 163// 199//
f 199// 163// 143//
f 199// 143// 200//
f 201// 202// 203//
f 203// 202// 98//
f 203// 98// 107//
f 107// 98// 97//
f 107// 97// 191//
f 204// 205// 206//
f 206// 205// 207//
f 208// 209// 210//
f 210// 209// 204//
f 210// 204// 211//
f 211// 204// 206//
f 201// 206// 202//
f 202// 206// 207//
f 202// 207// 101//
f 101// 207// 212//
f 101// 212// 107//
f 107// 212// 213//
f 107// 213// 203//
f 124// 214// 215//
f 215// 214// 216//
f 216// 217// 218//
f 193// 219// 220//
f 220// 221// 193//
f 193// 221// 222//
f 193// 222// 118//
f 118// 222// 223//
f 118// 223// 124//
f 124// 223// 224//
f 124// 224// 214//
f 225// 226// 193//
f 218// 219// 216//
f 216// 219// 193//
f 216// 193// 215//
f 215// 193// 226//
f 215// 226// 227//
f 228// 229// 230//
f 230// 229// 231//
f 230// 231// 232//
f 232// 231// 233//
f 192// 200// 193//
f 193// 200// 143//
f 193// 143// 225//
f 225// 143// 233//
f 225// 233// 234//
f 234// 233// 231//
f 227// 235// 215//
f 215// 235// 236//
f 215// 236// 137//
f 137// 236// 237//
f 137// 237// 143//
f 143// 237// 238//
f 143// 238// 233//
f 239// 240// 241//
f 241// 240// 242//
f 241// 242// 243//
f 243// 242// 235//
f 235// 242// 244//
f 235// 244// 236//
f 245// 246// 247//
f 248// 245// 197//
f 197// 245// 247//
f 197// 247// 163//
f 163// 247// 249//
f 163// 249// 250//
f 251// 252// 151//
f 151// 252// 253//
f 151// 253// 254//
f 250// 255// 163//
f 163// 255// 256//
f 163// 256// 151//
f 151// 256// 257//
f 151// 257// 251//
f 195// 258// 197//
f 197// 258// 254//
f 197// 254// 248//
f 248// 254// 253//
f 248// 253// 259//
f 104// 260// 101//
f 101// 260// 261//
f 101// 261// 202//
f 202// 261// 262//
f 136// 189// 137//
f 137// 189// 188//
f 137// 188// 215//
f 215// 188// 263//
f 215// 263// 124//
f 124// 263// 264//
f 124// 264// 126//
f 126// 264// 261//
f 126// 261// 265//
f 265// 261// 260//
f 258// 266// 254//
f 254// 266// 267//
f 254// 267// 151//
f 151// 267// 186//
f 151// 186// 149//
f 149// 186// 185//
f 268// 269// 262//
f 262// 269// 270//
f 270// 271// 262//
f 262// 271// 272//
f 262// 272// 273//
f 96// 98// 274//
f 274// 98// 202//
f 274// 202// 275//
f 275// 202// 262//
f 275// 262// 276//
f 276// 262// 273//
f 276// 273// 277//
f 277// 278// 276//
f 276// 278// 279//
f 276// 279// 280//
f 281// 282// 283//
f 283// 282// 284//
f 283// 284// 285//
f 280// 286// 276//
f 276// 286// 287//
f 276// 287// 283//
f 283// 287// 288//
f 283// 288// 281//
f 289// 290// 291//
f 291// 290// 292//
f 291// 292// 293//
f 285// 294// 283//
f 283// 294// 295//
f 283// 295// 291//
f 291// 295// 296//
f 291// 296// 289//
f 266// 297// 267//
f 267// 297// 298//
f 267// 298// 186//
f 186// 298// 299//
f 186// 299// 188//
f 188// 299// 300//
f 188// 300// 263//
f 263// 300// 301//
f 263// 301// 264//
f 264// 301// 302//
f 264// 302// 261//
f 261// 302// 303//
f 261// 303// 262//
f 262// 303// 291//
f 262// 291// 268//
f 268// 291// 293//
f 29// 297// 31//
f 31// 297// 266//
f 194// 53// 195//
f 195// 53// 31//
f 195// 31// 258//
f 258// 31// 266//
f 302// 301// 11//
f 62// 283// 291//
f 62// 291// 11//
f 11// 291// 303//
f 11// 303// 302//
f 301// 300// 11//
f 11// 300// 299//
f 11// 299// 29//
f 29// 299// 298//
f 29// 298// 297//
f 95// 96// 68//
f 68// 96// 274//
f 283// 62// 276//
f 276// 62// 68//
f 276// 68// 275//
f 275// 68// 274//
f 304// 305// 51//
f 51// 305// 306//
f 97// 96// 307//
f 307// 96// 95//
f 307// 95// 308//
f 308// 95// 51//
f 308// 51// 309//
f 309// 51// 306//
f 309// 306// 310//
f 53// 194// 196//
f 97// 307// 191//
f 191// 307// 310//
f 191// 310// 192//
f 51// 53// 304//
f 304// 53// 196//
f 304// 196// 311//
f 311// 196// 198//
f 311// 198// 306//
f 306// 198// 199//
f 306// 199// 310//
f 310// 199// 200//
f 310// 200// 192//
usemtl 2
f 312// 313// 207//
f 207// 313// 212//
f 313// 314// 212//
f 212// 314// 213//
f 314// 315// 213//
f 213// 315// 203//
f 315// 316// 203//
f 203// 316// 201//
f 316// 317// 201//
f 201// 317// 206//
f 317// 318// 206//
f 206// 318// 211//
f 319// 208// 210//
f 319// 210// 320//
f 320// 210// 211//
f 320// 211// 318//
f 319// 321// 208//
f 208// 321// 209//
f 322// 205// 204//
f 322// 204// 323//
f 323// 204// 209//
f 323// 209// 321//
f 322// 312// 205//
f 205// 312// 207//
f 317// 316// 318//
f 318// 316// 315//
f 318// 315// 320//
f 313// 312// 314//
f 314// 312// 322//
f 322// 323// 314//
f 314// 323// 321//
f 314// 321// 315//
f 315// 321// 319//
f 315// 319// 320//
f 324// 268// 325//
f 325// 268// 293//
f 325// 293// 326//
f 326// 293// 292//
f 326// 292// 327//
f 327// 292// 290//
f 327// 290// 328//
f 328// 290// 289//
f 328// 289// 329//
f 329// 289// 296//
f 329// 296// 330//
f 330// 296// 295//
f 330// 295// 331//
f 331// 295// 294//
f 331// 294// 332//
f 332// 294// 285//
f 332// 285// 333//
f 333// 285// 284//
f 333// 284// 334//
f 334// 284// 282//
f 334// 282// 335//
f 335// 282// 281//
f 335// 281// 336//
f 336// 281// 288//
f 336// 288// 337//
f 337// 288// 287//
f 337// 287// 338//
f 338// 287// 286//
f 338// 286// 339//
f 339// 286// 280//
f 339// 280// 340//
f 340// 280// 279//
f 340// 279// 341//
f 341// 279// 278//
f 341// 278// 342//
f 342// 278// 277//
f 342// 277// 343//
f 343// 277// 273//
f 343// 273// 344//
f 344// 273// 272//
f 344// 272// 345//
f 345// 272// 271//
f 345// 271// 346//
f 346// 271// 270//
f 346// 270// 347//
f 347// 270// 269//
f 347// 269// 324//
f 324// 269// 268//
f 346// 347// 348//
f 348// 347// 324//
f 348// 324// 325//
f 343// 344// 348//
f 348// 344// 345//
f 348// 345// 346//
f 340// 341// 348//
f 348// 341// 342//
f 348// 342// 343//
f 337// 338// 348//
f 348// 338// 339//
f 348// 339// 340//
f 334// 335// 348//
f 348// 335// 336//
f 348// 336// 337//
f 331// 332// 348//
f 348// 332// 333//
f 348// 333// 334//
f 328// 329// 348//
f 348// 329// 330//
f 348// 330// 331//
f 325// 326// 348//
f 348// 326// 327//
f 348// 327// 328//
f 349// 350// 252//
f 252// 350// 253//
f 350// 351// 253//
f 253// 351// 259//
f 351// 352// 259//
f 259// 352// 248//
f 352// 353// 248//
f 248// 353// 245//
f 353// 354// 245//
f 245// 354// 246//
f 354// 355// 246//
f 246// 355// 247//
f 355// 356// 247//
f 247// 356// 249//
f 356// 357// 249//
f 249// 357// 250//
f 357// 358// 250//
f 250// 358// 255//
f 358// 359// 255//
f 255// 359// 256//
f 349// 252// 251//
f 349// 251// 360//
f 360// 251// 257//
f 360// 257// 361//
f 361// 257// 256//
f 361// 256// 359//
f 350// 362// 351//
f 351// 362// 363//
f 356// 355// 357//
f 357// 355// 354//
f 350// 349// 362//
f 362// 349// 360//
f 362// 360// 364//
f 364// 360// 361//
f 364// 361// 365//
f 353// 352// 354//
f 354// 352// 351//
f 354// 351// 357//
f 357// 351// 363//
f 357// 363// 358//
f 358// 363// 365//
f 358// 365// 359//
f 359// 365// 361//
f 365// 366// 367//
f 365// 367// 364//
f 364// 367// 368//
f 364// 368// 362//
f 363// 362// 369//
f 369// 362// 368//
f 365// 363// 366//
f 366// 363// 369//
f 370// 176// 170//
f 370// 170// 371//
f 371// 170// 169//
f 371// 169// 372//
f 372// 169// 175//
f 372// 175// 373//
f 373// 175// 155//
f 373// 155// 374//
f 375// 181// 180//
f 375// 180// 376//
f 376// 180// 179//
f 376// 179// 377//
f 377// 179// 184//
f 377// 184// 378//
f 378// 184// 183//
f 378// 183// 379//
f 379// 183// 178//
f 379// 178// 380//
f 380// 178// 177//
f 380// 177// 381//
f 381// 177// 176//
f 381// 176// 370//
f 382// 144// 156//
f 382// 156// 383//
f 383// 156// 171//
f 383// 171// 384//
f 384// 171// 182//
f 384// 182// 385//
f 385// 182// 181//
f 385// 181// 375//
f 382// 386// 144//
f 144// 386// 145//
f 387// 185// 187//
f 387// 187// 388//
f 388// 187// 189//
f 388// 189// 389//
f 189// 136// 389//
f 389// 136// 135//
f 389// 135// 390//
f 390// 135// 145//
f 390// 145// 386//
f 185// 387// 149//
f 149// 387// 391//
f 149// 391// 150//
f 150// 391// 392//
f 150// 392// 152//
f 152// 392// 393//
f 152// 393// 153//
f 153// 393// 394//
f 153// 394// 160//
f 160// 394// 395//
f 160// 395// 161//
f 161// 395// 396//
f 161// 396// 162//
f 162// 396// 397//
f 162// 397// 138//
f 398// 166// 159//
f 398// 159// 399//
f 399// 159// 158//
f 399// 158// 400//
f 400// 158// 157//
f 400// 157// 401//
f 401// 157// 139//
f 401// 139// 402//
f 402// 139// 138//
f 402// 138// 397//
f 403// 174// 173//
f 403// 173// 404//
f 404// 173// 172//
f 404// 172// 405//
f 405// 172// 168//
f 405// 168// 406//
f 406// 168// 167//
f 406// 167// 407//
f 407// 167// 166//
f 407// 166// 398//
f 403// 408// 174//
f 174// 408// 140//
f 408// 409// 140//
f 140// 409// 164//
f 409// 410// 164//
f 164// 410// 165//
f 410// 411// 165//
f 165// 411// 141//
f 374// 155// 154//
f 374// 154// 412//
f 412// 154// 148//
f 412// 148// 413//
f 413// 148// 147//
f 413// 147// 414//
f 414// 147// 146//
f 414// 146// 415//
f 415// 146// 142//
f 415// 142// 416//
f 416// 142// 141//
f 416// 141// 411//
f 409// 408// 410//
f 410// 408// 403//
f 375// 388// 385//
f 385// 388// 389//
f 385// 389// 384//
f 384// 389// 390//
f 384// 390// 383//
f 383// 390// 386//
f 383// 386// 382//
f 373// 374// 398//
f 398// 374// 412//
f 398// 412// 407//
f 407// 412// 413//
f 407// 413// 406//
f 406// 413// 414//
f 406// 414// 405//
f 405// 414// 415//
f 405// 415// 404//
f 404// 415// 416//
f 404// 416// 403//
f 403// 416// 411//
f 403// 411// 410//
f 398// 399// 373//
f 373// 399// 400//
f 373// 400// 372//
f 372// 400// 401//
f 372// 401// 371//
f 371// 401// 402//
f 371// 402// 370//
f 370// 402// 397//
f 370// 397// 381//
f 381// 397// 396//
f 381// 396// 380//
f 380// 396// 395//
f 380// 395// 379//
f 379// 395// 394//
f 379// 394// 378//
f 378// 394// 393//
f 378// 393// 377//
f 377// 393// 392//
f 377// 392// 376//
f 376// 392// 391//
f 376// 391// 375//
f 375// 391// 387//
f 375// 387// 388//
f 417// 418// 237//
f 237// 418// 238//
f 418// 419// 238//
f 238// 419// 233//
f 419// 420// 233//
f 233// 420// 232//
f 421// 228// 230//
f 421// 230// 422//
f 422// 230// 232//
f 422// 232// 420//
f 421// 423// 228//
f 228// 423// 229//
f 424// 234// 231//
f 424// 231// 425//
f 425// 231// 229//
f 425// 229// 423//
f 424// 426// 234//
f 234// 426// 225//
f 426// 427// 225//
f 225// 427// 226//
f 427// 428// 226//
f 226// 428// 227//
f 428// 429// 227//
f 227// 429// 235//
f 429// 430// 235//
f 235// 430// 243//
f 431// 239// 241//
f 431// 241// 432//
f 432// 241// 243//
f 432// 243// 430//
f 431// 433// 239//
f 239// 433// 240//
f 434// 244// 242//
f 434// 242// 435//
f 435// 242// 240//
f 435// 240// 433//
f 434// 436// 244//
f 244// 436// 236//
f 436// 417// 236//
f 236// 417// 237//
f 417// 436// 418//
f 418// 436// 434//
f 427// 426// 428//
f 428// 426// 424//
f 424// 425// 428//
f 428// 425// 423//
f 428// 423// 429//
f 429// 423// 421//
f 434// 435// 418//
f 418// 435// 433//
f 418// 433// 419//
f 419// 433// 431//
f 431// 432// 419//
f 419// 432// 430//
f 419// 430// 420//
f 420// 430// 429//
f 420// 429// 422//
f 422// 429// 421//
f 437// 438// 214//
f 214// 438// 216//
f 438// 439// 216//
f 216// 439// 217//
f 439// 440// 217//
f 217// 440// 218//
f 440// 441// 218//
f 218// 441// 219//
f 441// 442// 219//
f 219// 442// 220//
f 442// 443// 220//
f 220// 443// 221//
f 443// 444// 221//
f 221// 444// 222//
f 444// 445// 222//
f 222// 445// 223//
f 445// 446// 223//
f 223// 446// 224//
f 446// 437// 224//
f 224// 437// 214//
f 446// 445// 443//
f 443// 445// 444//
f 438// 437// 439//
f 439// 437// 446//
f 439// 446// 440//
f 440// 446// 443//
f 440// 443// 441//
f 441// 443// 442//
f 447// 116// 115//
f 447// 115// 448//
f 448// 115// 114//
f 448// 114// 449//
f 449// 114// 113//
f 449// 113// 450//
f 450// 113// 112//
f 450// 112// 451//
f 451// 112// 106//
f 451// 106// 452//
f 452// 106// 105//
f 452// 105// 453//
f 453// 105// 108//
f 453// 108// 454//
f 455// 265// 456//
f 456// 265// 260//
f 260// 104// 456//
f 456// 104// 103//
f 456// 103// 457//
f 457// 103// 102//
f 457// 102// 458//
f 458// 102// 100//
f 458// 100// 459//
f 459// 100// 99//
f 459// 99// 460//
f 460// 99// 117//
f 460// 117// 461//
f 461// 117// 116//
f 461// 116// 447//
f 462// 133// 132//
f 462// 132// 463//
f 463// 132// 131//
f 463// 131// 464//
f 464// 131// 130//
f 464// 130// 465//
f 465// 130// 129//
f 465// 129// 466//
f 466// 129// 123//
f 466// 123// 467//
f 467// 123// 125//
f 467// 125// 468//
f 468// 125// 455//
f 455// 125// 126//
f 455// 126// 265//
f 469// 122// 121//
f 469// 121// 470//
f 470// 121// 134//
f 470// 134// 471//
f 471// 134// 133//
f 471// 133// 462//
f 472// 128// 127//
f 472// 127// 473//
f 473// 127// 122//
f 473// 122// 469//
f 128// 472// 119//
f 119// 472// 474//
f 119// 474// 120//
f 474// 475// 120//
f 120// 475// 190//
f 190// 475// 109//
f 109// 475// 476//
f 109// 476// 110//
f 454// 108// 111//
f 454// 111// 477//
f 477// 111// 110//
f 477// 110// 476//
f 451// 477// 476//
f 452// 453// 451//
f 451// 453// 454//
f 451// 454// 477//
f 472// 478// 479//
f 475// 474// 476//
f 476// 474// 472//
f 476// 472// 451//
f 451// 472// 479//
f 451// 479// 480//
f 480// 481// 451//
f 451// 481// 482//
f 451// 482// 450//
f 450// 482// 483//
f 450// 483// 449//
f 449// 483// 484//
f 449// 484// 448//
f 448// 484// 485//
f 448// 485// 447//
f 447// 485// 486//
f 447// 486// 461//
f 461// 486// 487//
f 461// 487// 460//
f 460// 487// 488//
f 460// 488// 459//
f 459// 488// 489//
f 459// 489// 458//
f 458// 489// 490//
f 458// 490// 457//
f 457// 490// 491//
f 457// 491// 456//
f 456// 491// 492//
f 456// 492// 455//
f 455// 492// 493//
f 455// 493// 468//
f 468// 493// 494//
f 468// 494// 467//
f 467// 494// 495//
f 467// 495// 466//
f 466// 495// 496//
f 466// 496// 465//
f 465// 496// 497//
f 465// 497// 464//
f 464// 497// 498//
f 464// 498// 463//
f 463// 498// 499//
f 463// 499// 462//
f 462// 499// 500//
f 462// 500// 471//
f 471// 500// 501//
f 471// 501// 470//
f 470// 501// 502//
f 470// 502// 469//
f 469// 502// 503//
f 469// 503// 473//
f 473// 503// 504//
f 473// 504// 472//
f 472// 504// 505//
f 472// 505// 478//
f 486// 506// 507//
f 486// 507// 487//
f 487// 507// 508//
f 487// 508// 488//
f 488// 508// 509//
f 488// 509// 489//
f 489// 509// 510//
f 489// 510// 490//
f 490// 510// 511//
f 490// 511// 491//
f 491// 511// 512//
f 491// 512// 492//
f 492// 512// 513//
f 492// 513// 493//
f 493// 513// 514//
f 493// 514// 494//
f 494// 514// 515//
f 494// 515// 495//
f 495// 515// 516//
f 495// 516// 496//
f 496// 516// 517//
f 496// 517// 497//
f 497// 517// 518//
f 497// 518// 498//
f 498// 518// 519//
f 498// 519// 499//
f 499// 519// 520//
f 499// 520// 500//
f 500// 520// 521//
f 500// 521// 501//
f 501// 521// 522//
f 501// 522// 502//
f 502// 522// 523//
f 502// 523// 503//
f 503// 523// 524//
f 503// 524// 504//
f 504// 524// 525//
f 504// 525// 505//
f 505// 525// 526//
f 505// 526// 478//
f 478// 526// 527//
f 478// 527// 479//
f 479// 527// 528//
f 479// 528// 480//
f 480// 528// 529//
f 480// 529// 481//
f 481// 529// 530//
f 481// 530// 482//
f 482// 530// 531//
f 482// 531// 483//
f 483// 531// 532//
f 483// 532// 484//
f 484// 532// 533//
f 484// 533// 485//
f 485// 533// 506//
f 485// 506// 486//
usemtl 1
f 366// 369// 367//
f 367// 369// 368//
f 506// 520// 507//
f 507// 520// 519//
f 524// 523// 506//
f 524// 506// 525//
f 523// 522// 506//
f 506// 522// 521//
f 506// 521// 520//
f 511// 507// 512//
f 512// 507// 513//
f 532// 531// 528//
f 528// 531// 530//
f 528// 530// 529//
f 532// 528// 533//
f 533// 528// 527//
f 533// 527// 506//
f 506// 527// 526//
f 506// 526// 525//
f 511// 510// 507//
f 507// 510// 509//
f 507// 509// 508//
f 519// 518// 507//
f 507// 518// 517//
f 507// 517// 516//
f 516// 515// 507//
f 507// 515// 514//
f 507// 514// 513//
usemtl 3
f 534// 535// 311//
f 311// 535// 304//
f 535// 536// 304//
f 304// 536// 305//
f 536// 537// 305//
f 305// 537// 306//
f 537// 534// 306//
f 306// 534// 311//
f 537// 536// 534//
f 534// 536// 535//
f 538// 539// 310//
f 310// 539// 309//
f 539// 540// 309//
f 309// 540// 308//
f 540// 541// 308//
f 308// 541// 307//
f 541// 538// 307//
f 307// 538// 310//
f 541// 540// 538//
f 538// 540// 539//
usemtl 4
f 542// 543// 64//
f 64// 543// 80//
f 543// 544// 80//
f 80// 544// 81//
f 544// 545// 81//
f 81// 545// 86//
f 545// 546// 86//
f 86// 546// 87//
f 546// 547// 87//
f 87// 547// 88//
f 547// 548// 88//
f 88// 548// 55//
f 548// 549// 55//
f 55// 549// 63//
f 549// 542// 63//
f 63// 542// 64//
f 550// 546// 551//
f 551// 546// 545//
f 552// 549// 550//
f 550// 549// 548//
f 550// 548// 546//
f 546// 548// 547//
f 552// 553// 549//
f 549// 553// 554//
f 549// 554// 542//
f 542// 554// 555//
f 542// 555// 556//
f 556// 557// 542//
f 542// 557// 551//
f 542// 551// 543//
f 543// 551// 545//
f 543// 545// 544//
f 550// 551// 558//
f 558// 551// 559//
f 552// 550// 560//
f 560// 550// 558//
f 552// 560// 561//
f 552// 561// 553//
f 553// 561// 562//
f 553// 562// 554//
f 555// 554// 563//
f 563// 554// 562//
f 555// 563// 564//
f 555// 564// 556//
f 556// 564// 565//
f 556// 565// 557//
f 551// 557// 559//
f 559// 557// 565//
f 566// 567// 79//
f 79// 567// 78//
f 567// 568// 78//
f 78// 568// 73//
f 568// 569// 73//
f 73// 569// 82//
f 570// 93// 92//
f 570// 92// 571//
f 571// 92// 91//
f 571// 91// 572//
f 572// 91// 90//
f 572// 90// 573//
f 573// 90// 89//
f 573// 89// 574//
f 574// 89// 85//
f 574// 85// 575//
f 575// 85// 84//
f 575// 84// 576//
f 576// 84// 83//
f 576// 83// 577//
f 577// 83// 82//
f 577// 82// 569//
f 566// 79// 67//
f 566// 67// 578//
f 578// 67// 66//
f 578// 66// 579//
f 579// 66// 65//
f 579// 65// 580//
f 580// 65// 57//
f 580// 57// 581//
f 581// 57// 56//
f 581// 56// 582//
f 582// 56// 94//
f 582// 94// 583//
f 583// 94// 93//
f 583// 93// 570//
f 572// 573// 584//
f 584// 573// 574//
f 584// 574// 585//
f 585// 574// 575//
f 585// 575// 586//
f 586// 575// 576//
f 586// 576// 587//
f 587// 576// 577//
f 587// 577// 588//
f 588// 577// 569//
f 588// 569// 589//
f 589// 569// 568//
f 589// 568// 590//
f 590// 568// 567//
f 590// 567// 591//
f 591// 567// 566//
f 591// 566// 592//
f 592// 566// 578//
f 592// 578// 593//
f 593// 578// 579//
f 593// 579// 594//
f 594// 579// 580//
f 594// 580// 595//
f 595// 580// 581//
f 595// 581// 596//
f 596// 581// 582//
f 596// 582// 597//
f 597// 582// 583//
f 597// 583// 598//
f 598// 583// 570//
f 598// 570// 599//
f 599// 570// 571//
f 599// 571// 600//
f 600// 571// 572//
f 600// 572// 584//
f 588// 589// 601//
f 601// 589// 602//
f 588// 601// 603//
f 588// 603// 587//
f 587// 603// 604//
f 587// 604// 586//
f 586// 604// 605//
f 586// 605// 585//
f 585// 605// 606//
f 585// 606// 584//
f 584// 606// 607//
f 584// 607// 600//
f 600// 607// 608//
f 600// 608// 599//
f 599// 608// 609//
f 599// 609// 598//
f 598// 609// 610//
f 598// 610// 597//
f 597// 610// 611//
f 597// 611// 596//
f 596// 611// 612//
f 596// 612// 595//
f 595// 612// 613//
f 595// 613// 594//
f 594// 613// 614//
f 594// 614// 593//
f 593// 614// 615//
f 593// 615// 592//
f 592// 615// 616//
f 592// 616// 591//
f 590// 591// 617//
f 617// 591// 616//
f 589// 590// 602//
f 602// 590// 617//
f 618// 619// 77//
f 77// 619// 58//
f 619// 620// 58//
f 58// 620// 59//
f 620// 621// 59//
f 59// 621// 60//
f 621// 622// 60//
f 60// 622// 61//
f 622// 623// 61//
f 61// 623// 71//
f 623// 624// 71//
f 71// 624// 69//
f 624// 625// 69//
f 69// 625// 70//
f 625// 626// 70//
f 70// 626// 72//
f 626// 627// 72//
f 72// 627// 74//
f 627// 628// 74//
f 74// 628// 75//
f 628// 629// 75//
f 75// 629// 76//
f 629// 618// 76//
f 76// 618// 77//
f 620// 619// 618//
f 618// 629// 620//
f 620// 629// 628//
f 620// 628// 621//
f 623// 622// 624//
f 624// 622// 621//
f 624// 621// 625//
f 625// 621// 628//
f 625// 628// 626//
f 626// 628// 627//
f 630// 631// 9//
f 9// 631// 47//
f 47// 631// 632//
f 633// 54// 52//
f 633// 52// 634//
f 634// 52// 50//
f 634// 50// 632//
f 632// 50// 48//
f 632// 48// 47//
f 635// 43// 42//
f 635// 42// 636//
f 636// 42// 37//
f 636// 37// 637//
f 637// 37// 35//
f 637// 35// 638//
f 638// 35// 34//
f 638// 34// 639//
f 639// 34// 4//
f 639// 4// 640//
f 640// 4// 6//
f 640// 6// 641//
f 641// 6// 633//
f 633// 6// 7//
f 633// 7// 54//
f 642// 45// 41//
f 642// 41// 643//
f 643// 41// 40//
f 643// 40// 644//
f 644// 40// 39//
f 644// 39// 645//
f 645// 39// 26//
f 645// 26// 646//
f 646// 26// 25//
f 646// 25// 647//
f 647// 25// 44//
f 647// 44// 648//
f 648// 44// 43//
f 648// 43// 635//
f 649// 12// 46//
f 649// 46// 650//
f 650// 46// 45//
f 650// 45// 642//
f 649// 651// 12//
f 12// 651// 10//
f 652// 1// 8//
f 652// 8// 653//
f 653// 8// 10//
f 653// 10// 651//
f 654// 16// 33//
f 654// 33// 655//
f 655// 33// 32//
f 655// 32// 656//
f 656// 32// 15//
f 656// 15// 657//
f 657// 15// 14//
f 657// 14// 658//
f 658// 14// 13//
f 658// 13// 659//
f 659// 13// 2//
f 659// 2// 660//
f 660// 2// 1//
f 660// 1// 652//
f 661// 20// 19//
f 661// 19// 662//
f 662// 19// 21//
f 662// 21// 663//
f 663// 21// 22//
f 663// 22// 664//
f 664// 22// 23//
f 664// 23// 665//
f 665// 23// 18//
f 665// 18// 666//
f 666// 18// 17//
f 666// 17// 667//
f 667// 17// 16//
f 667// 16// 654//
f 630// 9// 3//
f 630// 3// 668//
f 668// 3// 24//
f 668// 24// 669//
f 669// 24// 20//
f 669// 20// 661//
f 662// 633// 661//
f 661// 633// 634//
f 661// 634// 669//
f 669// 634// 632//
f 669// 632// 668//
f 668// 632// 631//
f 668// 631// 630//
f 651// 649// 653//
f 653// 649// 650//
f 653// 650// 652//
f 652// 650// 642//
f 652// 642// 660//
f 660// 642// 643//
f 660// 643// 659//
f 659// 643// 644//
f 659// 644// 658//
f 658// 644// 645//
f 658// 645// 657//
f 657// 645// 646//
f 657// 646// 656//
f 656// 646// 647//
f 656// 647// 655//
f 655// 647// 648//
f 655// 648// 654//
f 654// 648// 635//
f 654// 635// 667//
f 667// 635// 636//
f 667// 636// 666//
f 666// 636// 637//
f 666// 637// 665//
f 665// 637// 638//
f 665// 638// 664//
f 664// 638// 639//
f 664// 639// 663//
f 663// 639// 640//
f 663// 640// 662//
f 662// 640// 641//
f 662// 641// 633//
f 670// 671// 36//
f 36// 671// 5//
f 671// 672// 5//
f 5// 672// 30//
f 672// 673// 30//
f 30// 673// 28//
f 673// 674// 28//
f 28// 674// 27//
f 674// 675// 27//
f 27// 675// 38//
f 675// 670// 38//
f 38// 670// 36//
f 674// 673// 675//
f 675// 673// 672//
f 675// 672// 670//
f 670// 672// 671//
usemtl 1
f 558// 559// 560//
f 560// 559// 565//
f 560// 565// 561//
f 561// 565// 564//
f 561// 564// 562//
f 562// 564// 563//
f 602// 617// 601//
f 601// 617// 616//
f 601// 616// 615//
f 609// 608// 601//
f 601// 608// 607//
f 601// 607// 603//
f 615// 614// 601//
f 601// 614// 613//
f 601// 613// 612//
f 612// 611// 601//
f 601// 611// 610//
f 601// 610// 609//
f 606// 605// 607//
f 607// 605// 604//
f 607// 604// 603//
usemtl 5
f 676// 677// 678//
f 678// 677// 679//
f 676// 678// 680//
f 676// 680// 681//
f 681// 680// 682//
f 681// 682// 683//
f 683// 682// 684//
f 683// 684// 685//
f 685// 684// 686//
f 685// 686// 687//
f 687// 686// 688//
f 687// 688// 689//
f 689// 688// 690//
f 689// 690// 691//
f 691// 690// 692//
f 691// 692// 693//
f 693// 692// 694//
f 693// 694// 695//
f 695// 694// 696//
f 695// 696// 697//
f 697// 696// 698//
f 697// 698// 699//
f 699// 698// 700//
f 699// 700// 701//
f 701// 700// 702//
f 701// 702// 703//
f 703// 702// 704//
f 703// 704// 705//
f 705// 704// 706//
f 705// 706// 707//
f 707// 706// 708//
f 707// 708// 709//
f 709// 708// 710//
f 709// 710// 711//
f 711// 710// 712//
f 711// 712// 713//
f 713// 712// 714//
f 713// 714// 715//
f 715// 714// 716//
f 715// 716// 717//
f 717// 716// 718//
f 717// 718// 719//
f 719// 718// 720//
f 719// 720// 721//
f 721// 720// 722//
f 721// 722// 723//
f 724// 723// 725//
f 725// 723// 722//
f 677// 724// 679//
f 679// 724// 725//
f 724// 677// 723//
f 723// 677// 676//
f 715// 717// 695//
f 695// 717// 719//
f 676// 681// 723//
f 723// 681// 683//
f 723// 683// 685//
f 685// 687// 723//
f 723// 687// 689//
f 723// 689// 691//
f 709// 711// 695//
f 695// 711// 713//
f 695// 713// 715//
f 719// 721// 695//
f 695// 721// 723//
f 695// 723// 693//
f 693// 723// 691//
f 695// 697// 709//
f 709// 697// 699//
f 709// 699// 701//
f 701// 703// 709//
f 709// 703// 705//
f 709// 705// 707//
f 679// 725// 678//
f 678// 725// 722//
f 678// 722// 720//
f 720// 718// 678//
f 678// 718// 716//
f 678// 716// 680//
f 708// 694// 710//
f 710// 694// 712//
f 692// 716// 694//
f 694// 716// 714//
f 694// 714// 712//
f 692// 690// 716//
f 716// 690// 688//
f 716// 688// 686//
f 686// 684// 716//
f 716// 684// 682//
f 716// 682// 680//
f 708// 706// 694//
f 694// 706// 704//
f 694// 704// 702//
f 702// 700// 694//
f 694// 700// 698//
f 694// 698// 696//
f 726// 727// 728//
f 728// 727// 729//
f 726// 728// 730//
f 726// 730// 731//
f 731// 730// 732//
f 731// 732// 733//
f 733// 732// 734//
f 733// 734// 735//
f 735// 734// 736//
f 735// 736// 737//
f 737// 736// 738//
f 737// 738// 739//
f 739// 738// 740//
f 739// 740// 741//
f 741// 740// 742//
f 741// 742// 743//
f 743// 742// 744//
f 743// 744// 745//
f 745// 744// 746//
f 745// 746// 747//
f 747// 746// 748//
f 747// 748// 749//
f 749// 748// 750//
f 749// 750// 751//
f 751// 750// 752//
f 751// 752// 753//
f 753// 752// 754//
f 753// 754// 755//
f 755// 754// 756//
f 755// 756// 757//
f 757// 756// 758//
f 757// 758// 759//
f 759// 758// 760//
f 759// 760// 761//
f 761// 760// 762//
f 761// 762// 763//
f 763// 762// 764//
f 763// 764// 765//
f 765// 764// 766//
f 765// 766// 767//
f 767// 766// 768//
f 767// 768// 769//
f 769// 768// 770//
f 769// 770// 771//
f 771// 770// 772//
f 771// 772// 773//
f 774// 773// 775//
f 775// 773// 772//
f 727// 774// 729//
f 729// 774// 775//
f 774// 727// 773//
f 773// 727// 726//
f 726// 731// 773//
f 773// 731// 733//
f 773// 733// 735//
f 735// 737// 773//
f 773// 737// 739//
f 773// 739// 741//
f 741// 743// 773//
f 773// 743// 745//
f 773// 745// 747//
f 747// 749// 773//
f 773// 749// 751//
f 773// 751// 753//
f 769// 757// 767//
f 767// 757// 759//
f 759// 761// 767//
f 767// 761// 763//
f 767// 763// 765//
f 753// 755// 773//
f 773// 755// 757//
f 773// 757// 771//
f 771// 757// 769//
f 729// 775// 728//
f 728// 775// 772//
f 772// 770// 728//
f 728// 770// 768//
f 728// 768// 766//
f 766// 764// 728//
f 728// 764// 762//
f 728// 762// 760//
f 760// 758// 728//
f 728// 758// 756//
f 728// 756// 754//
f 754// 752// 728//
f 728// 752// 750//
f 728// 750// 748//
f 732// 744// 734//
f 734// 744// 742//
f 742// 740// 734//
f 734// 740// 738//
f 734// 738// 736//
f 748// 746// 728//
f 728// 746// 744//
f 728// 744// 730//
f 730// 744// 732//
f 776// 777// 778//
f 778// 777// 779//
f 776// 778// 780//
f 776// 780// 781//
f 781// 780// 782//
f 781// 782// 783//
f 783// 782// 784//
f 783// 784// 785//
f 785// 784// 786//
f 785// 786// 787//
f 787// 786// 788//
f 787// 788// 789//
f 789// 788// 790//
f 789// 790// 791//
f 791// 790// 792//
f 791// 792// 793//
f 793// 792// 794//
f 793// 794// 795//
f 795// 794// 796//
f 795// 796// 797//
f 797// 796// 798//
f 797// 798// 799//
f 799// 798// 800//
f 799// 800// 801//
f 801// 800// 802//
f 801// 802// 803//
f 803// 802// 804//
f 803// 804// 805//
f 805// 804// 806//
f 805// 806// 807//
f 807// 806// 808//
f 807// 808// 809//
f 809// 808// 810//
f 809// 810// 811//
f 811// 810// 812//
f 811// 812// 813//
f 813// 812// 814//
f 813// 814// 815//
f 815// 814// 816//
f 815// 816// 817//
f 817// 816// 818//
f 817// 818// 819//
f 819// 818// 820//
f 819// 820// 821//
f 821// 820// 822//
f 821// 822// 823//
f 824// 823// 825//
f 825// 823// 822//
f 777// 824// 779//
f 779// 824// 825//
f 824// 777// 823//
f 823// 777// 776//
f 823// 776// 821//
f 821// 776// 781//
f 799// 801// 821//
f 815// 817// 805//
f 809// 811// 813//
f 801// 803// 821//
f 821// 803// 805//
f 821// 805// 819//
f 819// 805// 817//
f 781// 783// 821//
f 821// 783// 785//
f 821// 785// 787//
f 787// 789// 821//
f 821// 789// 791//
f 821// 791// 793//
f 793// 795// 821//
f 821// 795// 797//
f 821// 797// 799//
f 815// 805// 813//
f 813// 805// 807//
f 813// 807// 809//
f 780// 778// 820//
f 779// 825// 778//
f 778// 825// 822//
f 778// 822// 820//
f 816// 804// 818//
f 818// 804// 820//
f 804// 802// 820//
f 820// 802// 800//
f 820// 800// 798//
f 812// 810// 808//
f 798// 796// 820//
f 820// 796// 794//
f 820// 794// 792//
f 792// 790// 820//
f 820// 790// 788//
f 820// 788// 786//
f 786// 784// 820//
f 820// 784// 782//
f 820// 782// 780//
f 816// 814// 804//
f 804// 814// 812//
f 804// 812// 806//
f 806// 812// 808//
f 826// 827// 828//
f 828// 827// 829//
f 826// 828// 830//
f 826// 830// 831//
f 831// 830// 832//
f 831// 832// 833//
f 833// 832// 834//
f 833// 834// 835//
f 835// 834// 836//
f 835// 836// 837//
f 837// 836// 838//
f 837// 838// 839//
f 839// 838// 840//
f 839// 840// 841//
f 841// 840// 842//
f 841// 842// 843//
f 843// 842// 844//
f 843// 844// 845//
f 845// 844// 846//
f 845// 846// 847//
f 847// 846// 848//
f 847// 848// 849//
f 849// 848// 850//
f 849// 850// 851//
f 851// 850// 852//
f 851// 852// 853//
f 853// 852// 854//
f 853// 854// 855//
f 855// 854// 856//
f 855// 856// 857//
f 857// 856// 858//
f 857// 858// 859//
f 859// 858// 860//
f 859// 860// 861//
f 861// 860// 862//
f 861// 862// 863//
f 863// 862// 864//
f 863// 864// 865//
f 865// 864// 866//
f 865// 866// 867//
f 867// 866// 868//
f 867// 868// 869//
f 869// 868// 870//
f 869// 870// 871//
f 871// 870// 872//
f 871// 872// 873//
f 874// 873// 875//
f 875// 873// 872//
f 827// 874// 829//
f 829// 874// 875//
f 873// 874// 827//
f 873// 839// 841//
f 827// 826// 873//
f 873// 826// 831//
f 873// 831// 833//
f 847// 849// 873//
f 873// 849// 851//
f 873// 851// 853//
f 833// 835// 873//
f 873// 835// 837//
f 873// 837// 839//
f 841// 843// 873//
f 873// 843// 845//
f 873// 845// 847//
f 853// 855// 873//
f 873// 855// 857//
f 873// 857// 859//
f 859// 861// 873//
f 873// 861// 863//
f 873// 863// 871//
f 871// 863// 869//
f 869// 863// 865//
f 869// 865// 867//
f 829// 875// 828//
f 828// 875// 872//
f 828// 872// 830//
f 852// 850// 872//
f 850// 848// 872//
f 872// 848// 846//
f 872// 846// 844//
f 872// 838// 836//
f 858// 872// 860//
f 860// 872// 862//
f 858// 856// 872//
f 872// 856// 854//
f 872// 854// 852//
f 844// 842// 872//
f 872// 842// 840//
f 872// 840// 838//
f 836// 834// 872//
f 872// 834// 832//
f 872// 832// 830//
f 872// 870// 862//
f 862// 870// 868//
f 862// 868// 864//
f 864// 868// 866//
f 876// 877// 878//
f 878// 877// 879//
f 876// 878// 880//
f 876// 880// 881//
f 881// 880// 882//
f 881// 882// 883//
f 883// 882// 884//
f 883// 884// 885//
f 885// 884// 886//
f 885// 886// 887//
f 887// 886// 888//
f 887// 888// 889//
f 889// 888// 890//
f 889// 890// 891//
f 891// 890// 892//
f 891// 892// 893//
f 893// 892// 894//
f 893// 894// 895//
f 895// 894// 896//
f 895// 896// 897//
f 897// 896// 898//
f 897// 898// 899//
f 899// 898// 900//
f 899// 900// 901//
f 901// 900// 902//
f 901// 902// 903//
f 903// 902// 904//
f 903// 904// 905//
f 905// 904// 906//
f 905// 906// 907//
f 907// 906// 908//
f 907// 908// 909//
f 909// 908// 910//
f 909// 910// 911//
f 911// 910// 912//
f 911// 912// 913//
f 913// 912// 914//
f 913// 914// 915//
f 915// 914// 916//
f 915// 916// 917//
f 917// 916// 918//
f 917// 918// 919//
f 919// 918// 920//
f 919// 920// 921//
f 921// 920// 922//
f 921// 922// 923//
f 924// 923// 925//
f 925// 923// 922//
f 877// 924// 879//
f 879// 924// 925//
f 924// 877// 923//
f 923// 877// 876//
f 893// 895// 876//
f 876// 895// 897//
f 876// 897// 899//
f 899// 901// 876//
f 876// 901// 903//
f 876// 903// 905//
f 905// 907// 876//
f 876// 907// 909//
f 876// 909// 911//
f 881// 883// 889//
f 889// 883// 885//
f 889// 885// 887//
f 881// 889// 876//
f 876// 889// 891//
f 876// 891// 893//
f 911// 913// 876//
f 876// 913// 915//
f 876// 915// 917//
f 917// 919// 876//
f 876// 919// 921//
f 876// 921// 923//
f 879// 925// 878//
f 878// 925// 922//
f 902// 900// 878//
f 910// 908// 878//
f 908// 906// 878//
f 878// 906// 904//
f 878// 904// 902//
f 922// 920// 878//
f 878// 920// 918//
f 878// 918// 916//
f 916// 914// 878//
f 878// 914// 912//
f 878// 912// 910//
f 900// 898// 878//
f 878// 898// 896//
f 878// 896// 894//
f 888// 886// 884//
f 884// 882// 888//
f 888// 882// 880//
f 888// 880// 878//
f 894// 892// 878//
f 878// 892// 890//
f 878// 890// 888//
f 926// 927// 928//
f 928// 927// 929//
f 926// 928// 930//
f 926// 930// 931//
f 931// 930// 932//
f 931// 932// 933//
f 933// 932// 934//
f 933// 934// 935//
f 935// 934// 936//
f 935// 936// 937//
f 937// 936// 938//
f 937// 938// 939//
f 939// 938// 940//
f 939// 940// 941//
f 941// 940// 942//
f 941// 942// 943//
f 943// 942// 944//
f 943// 944// 945//
f 945// 944// 946//
f 945// 946// 947//
f 947// 946// 948//
f 947// 948// 949//
f 949// 948// 950//
f 949// 950// 951//
f 951// 950// 952//
f 951// 952// 953//
f 953// 952// 954//
f 953// 954// 955//
f 955// 954// 956//
f 955// 956// 957//
f 957// 956// 958//
f 957// 958// 959//
f 959// 958// 960//
f 959// 960// 961//
f 961// 960// 962//
f 961// 962// 963//
f 963// 962// 964//
f 963// 964// 965//
f 965// 964// 966//
f 965// 966// 967//
f 967// 966// 968//
f 967// 968// 969//
f 969// 968// 970//
f 969// 970// 971//
f 971// 970// 972//
f 971// 972// 973//
f 974// 973// 975//
f 975// 973// 972//
f 927// 974// 929//
f 929// 974// 975//
f 974// 927// 973//
f 973// 927// 926//
f 973// 926// 971//
f 971// 926// 931//
f 949// 951// 971//
f 965// 967// 955//
f 959// 961// 963//
f 951// 953// 971//
f 971// 953// 955//
f 971// 955// 969//
f 969// 955// 967//
f 931// 933// 971//
f 971// 933// 935//
f 971// 935// 937//
f 937// 939// 971//
f 971// 939// 941//
f 971// 941// 943//
f 943// 945// 971//
f 971// 945// 947//
f 971// 947// 949//
f 965// 955// 963//
f 963// 955// 957//
f 963// 957// 959//
f 930// 928// 970//
f 929// 975// 928//
f 928// 975// 972//
f 928// 972// 970//
f 966// 954// 968//
f 968// 954// 970//
f 954// 952// 970//
f 970// 952// 950//
f 970// 950// 948//
f 962// 960// 958//
f 948// 946// 970//
f 970// 946// 944//
f 970// 944// 942//
f 942// 940// 970//
f 970// 940// 938//
f 970// 938// 936//
f 936// 934// 970//
f 970// 934// 932//
f 970// 932// 930//
f 966// 964// 954//
f 954// 964// 962//
f 954// 962// 956//
f 956// 962// 958//
f 976// 977// 978//
f 978// 977// 979//
f 976// 978// 980//
f 976// 980// 981//
f 981// 980// 982//
f 981// 982// 983//
f 983// 982// 984//
f 983// 984// 985//
f 985// 984// 986//
f 985// 986// 987//
f 987// 986// 988//
f 987// 988// 989//
f 989// 988// 990//
f 989// 990// 991//
f 991// 990// 992//
f 991// 992// 993//
f 993// 992// 994//
f 993// 994// 995//
f 995// 994// 996//
f 995// 996// 997//
f 997// 996// 998//
f 997// 998// 999//
f 999// 998// 1000//
f 999// 1000// 1001//
f 1001// 1000// 1002//
f 1001// 1002// 1003//
f 1003// 1002// 1004//
f 1003// 1004// 1005//
f 1005// 1004// 1006//
f 1005// 1006// 1007//
f 1007// 1006// 1008//
f 1007// 1008// 1009//
f 1009// 1008// 1010//
f 1009// 1010// 1011//
f 1011// 1010// 1012//
f 1011// 1012// 1013//
f 1013// 1012// 1014//
f 1013// 1014// 1015//
f 1015// 1014// 1016//
f 1015// 1016// 1017//
f 1017// 1016// 1018//
f 1017// 1018// 1019//
f 1019// 1018// 1020//
f 1019// 1020// 1021//
f 1021// 1020// 1022//
f 1021// 1022// 1023//
f 1024// 1023// 1025//
f 1025// 1023// 1022//
f 977// 1024// 979//
f 979// 1024// 1025//
f 1011// 1013// 976//
f 1007// 1009// 983//
f 1024// 977// 1023//
f 1023// 977// 976//
f 1023// 976// 1021//
f 1021// 976// 1019//
f 1011// 976// 1009//
f 1009// 976// 981//
f 1009// 981// 983//
f 1013// 1015// 976//
f 976// 1015// 1017//
f 976// 1017// 1019//
f 985// 987// 997//
f 985// 997// 983//
f 983// 997// 999//
f 983// 999// 1001//
f 1001// 1003// 983//
f 983// 1003// 1005//
f 983// 1005// 1007//
f 987// 989// 997//
f 997// 989// 991//
f 997// 991// 995//
f 995// 991// 993//
f 979// 1025// 978//
f 978// 1025// 1022//
f 1010// 1008// 978//
f 1022// 1020// 978//
f 978// 1020// 1018//
f 978// 1018// 1016//
f 1016// 1014// 978//
f 978// 1014// 1012//
f 978// 1012// 1010//
f 1008// 1006// 978//
f 978// 1006// 1004//
f 978// 1004// 980//
f 980// 1004// 982//
f 982// 1004// 1002//
f 982// 1002// 1000//
f 994// 992// 990//
f 1000// 998// 982//
f 982// 998// 996//
f 982// 996// 984//
f 984// 996// 986//
f 994// 990// 996//
f 996// 990// 988//
f 996// 988// 986//
f 1026// 1027// 1028//
f 1028// 1027// 1029//
f 1026// 1028// 1030//
f 1026// 1030// 1031//
f 1031// 1030// 1032//
f 1031// 1032// 1033//
f 1033// 1032// 1034//
f 1033// 1034// 1035//
f 1035// 1034// 1036//
f 1035// 1036// 1037//
f 1037// 1036// 1038//
f 1037// 1038// 1039//
f 1039// 1038// 1040//
f 1039// 1040// 1041//
f 1041// 1040// 1042//
f 1041// 1042// 1043//
f 1043// 1042// 1044//
f 1043// 1044// 1045//
f 1045// 1044// 1046//
f 1045// 1046// 1047//
f 1047// 1046// 1048//
f 1047// 1048// 1049//
f 1049// 1048// 1050//
f 1049// 1050// 1051//
f 1051// 1050// 1052//
f 1051// 1052// 1053//
f 1053// 1052// 1054//
f 1053// 1054// 1055//
f 1055// 1054// 1056//
f 1055// 1056// 1057//
f 1057// 1056// 1058//
f 1057// 1058// 1059//
f 1059// 1058// 1060//
f 1059// 1060// 1061//
f 1061// 1060// 1062//
f 1061// 1062// 1063//
f 1063// 1062// 1064//
f 1063// 1064// 1065//
f 1065// 1064// 1066//
f 1065// 1066// 1067//
f 1067// 1066// 1068//
f 1067// 1068// 1069//
f 1069// 1068// 1070//
f 1069// 1070// 1071//
f 1071// 1070// 1072//
f 1071// 1072// 1073//
f 1074// 1073// 1075//
f 1075// 1073// 1072//
f 1027// 1074// 1029//
f 1029// 1074// 1075//
f 1055// 1057// 1035//
f 1035// 1057// 1033//
f 1059// 1061// 1026//
f 1026// 1061// 1063//
f 1063// 1065// 1026//
f 1026// 1065// 1067//
f 1026// 1067// 1069//
f 1074// 1027// 1073//
f 1073// 1027// 1026//
f 1073// 1026// 1071//
f 1071// 1026// 1069//
f 1059// 1026// 1057//
f 1057// 1026// 1031//
f 1057// 1031// 1033//
f 1037// 1051// 1035//
f 1035// 1051// 1053//
f 1035// 1053// 1055//
f 1037// 1039// 1051//
f 1051// 1039// 1041//
f 1051// 1041// 1043//
f 1043// 1045// 1051//
f 1051// 1045// 1047//
f 1051// 1047// 1049//
f 1029// 1075// 1028//
f 1028// 1075// 1072//
f 1072// 1070// 1028//
f 1028// 1070// 1068//
f 1028// 1068// 1066//
f 1066// 1064// 1028//
f 1028// 1064// 1062//
f 1028// 1062// 1060//
f 1032// 1056// 1034//
f 1034// 1056// 1054//
f 1060// 1058// 1028//
f 1028// 1058// 1056//
f 1028// 1056// 1030//
f 1030// 1056// 1032//
f 1044// 1050// 1046//
f 1046// 1050// 1048//
f 1044// 1042// 1050//
f 1050// 1042// 1040//
f 1050// 1040// 1038//
f 1054// 1052// 1034//
f 1034// 1052// 1050//
f 1034// 1050// 1036//
f 1036// 1050// 1038//
f 1076// 1077// 1078//
f 1078// 1077// 1079//
f 1076// 1078// 1080//
f 1076// 1080// 1081//
f 1081// 1080// 1082//
f 1081// 1082// 1083//
f 1083// 1082// 1084//
f 1083// 1084// 1085//
f 1085// 1084// 1086//
f 1085// 1086// 1087//
f 1087// 1086// 1088//
f 1087// 1088// 1089//
f 1089// 1088// 1090//
f 1089// 1090// 1091//
f 1091// 1090// 1092//
f 1091// 1092// 1093//
f 1093// 1092// 1094//
f 1093// 1094// 1095//
f 1095// 1094// 1096//
f 1095// 1096// 1097//
f 1097// 1096// 1098//
f 1097// 1098// 1099//
f 1099// 1098// 1100//
f 1099// 1100// 1101//
f 1101// 1100// 1102//
f 1101// 1102// 1103//
f 1103// 1102// 1104//
f 1103// 1104// 1105//
f 1105// 1104// 1106//
f 1105// 1106// 1107//
f 1107// 1106// 1108//
f 1107// 1108// 1109//
f 1109// 1108// 1110//
f 1109// 1110// 1111//
f 1111// 1110// 1112//
f 1111// 1112// 1113//
f 1113// 1112// 1114//
f 1113// 1114// 1115//
f 1115// 1114// 1116//
f 1115// 1116// 1117//
f 1117// 1116// 1118//
f 1117// 1118// 1119//
f 1119// 1118// 1120//
f 1119// 1120// 1121//
f 1121// 1120// 1122//
f 1121// 1122// 1123//
f 1124// 1123// 1125//
f 1125// 1123// 1122//
f 1077// 1124// 1079//
f 1079// 1124// 1125//
f 1123// 1124// 1077//
f 1089// 1091// 1123//
f 1123// 1091// 1093//
f 1123// 1093// 1095//
f 1111// 1123// 1109//
f 1109// 1123// 1107//
f 1077// 1076// 1123//
f 1123// 1076// 1081//
f 1123// 1081// 1083//
f 1095// 1097// 1123//
f 1123// 1097// 1099//
f 1123// 1099// 1101//
f 1101// 1103// 1123//
f 1123// 1103// 1105//
f 1123// 1105// 1107//
f 1111// 1113// 1123//
f 1123// 1113// 1115//
f 1123// 1115// 1121//
f 1121// 1115// 1117//
f 1121// 1117// 1119//
f 1083// 1085// 1123//
f 1123// 1085// 1087//
f 1123// 1087// 1089//
f 1098// 1096// 1078//
f 1079// 1125// 1078//
f 1078// 1125// 1122//
f 1078// 1122// 1120//
f 1110// 1078// 1112//
f 1112// 1078// 1114//
f 1110// 1108// 1078//
f 1078// 1108// 1106//
f 1078// 1106// 1104//
f 1096// 1094// 1078//
f 1078// 1094// 1092//
f 1078// 1092// 1090//
f 1086// 1084// 1082//
f 1104// 1102// 1078//
f 1078// 1102// 1100//
f 1078// 1100// 1098//
f 1090// 1088// 1078//
f 1078// 1088// 1086//
f 1078// 1086// 1080//
f 1080// 1086// 1082//
f 1120// 1118// 1078//
f 1078// 1118// 1116//
f 1078// 1116// 1114//
f 1126// 1127// 1128//
f 1128// 1127// 1129//
f 1126// 1128// 1130//
f 1126// 1130// 1131//
f 1131// 1130// 1132//
f 1131// 1132// 1133//
f 1133// 1132// 1134//
f 1133// 1134// 1135//
f 1135// 1134// 1136//
f 1135// 1136// 1137//
f 1137// 1136// 1138//
f 1137// 1138// 1139//
f 1139// 1138// 1140//
f 1139// 1140// 1141//
f 1141// 1140// 1142//
f 1141// 1142// 1143//
f 1143// 1142// 1144//
f 1143// 1144// 1145//
f 1145// 1144// 1146//
f 1145// 1146// 1147//
f 1147// 1146// 1148//
f 1147// 1148// 1149//
f 1149// 1148// 1150//
f 1149// 1150// 1151//
f 1151// 1150// 1152//
f 1151// 1152// 1153//
f 1153// 1152// 1154//
f 1153// 1154// 1155//
f 1155// 1154// 1156//
f 1155// 1156// 1157//
f 1157// 1156// 1158//
f 1157// 1158// 1159//
f 1159// 1158// 1160//
f 1159// 1160// 1161//
f 1161// 1160// 1162//
f 1161// 1162// 1163//
f 1163// 1162// 1164//
f 1163// 1164// 1165//
f 1165// 1164// 1166//
f 1165// 1166// 1167//
f 1167// 1166// 1168//
f 1167// 1168// 1169//
f 1169// 1168// 1170//
f 1169// 1170// 1171//
f 1171// 1170// 1172//
f 1171// 1172// 1173//
f 1174// 1173// 1175//
f 1175// 1173// 1172//
f 1127// 1174// 1129//
f 1129// 1174// 1175//
f 1174// 1127// 1173//
f 1173// 1127// 1126//
f 1141// 1143// 1126//
f 1143// 1145// 1126//
f 1126// 1145// 1147//
f 1126// 1147// 1149//
f 1149// 1151// 1126//
f 1126// 1151// 1153//
f 1126// 1153// 1155//
f 1155// 1157// 1126//
f 1126// 1157// 1159//
f 1126// 1159// 1161//
f 1133// 1135// 1131//
f 1131// 1135// 1137//
f 1131// 1137// 1126//
f 1126// 1137// 1139//
f 1126// 1139// 1141//
f 1161// 1163// 1126//
f 1126// 1163// 1165//
f 1126// 1165// 1167//
f 1167// 1169// 1126//
f 1126// 1169// 1171//
f 1126// 1171// 1173//
f 1129// 1175// 1128//
f 1128// 1175// 1172//
f 1128// 1172// 1170//
f 1164// 1162// 1128//
f 1128// 1162// 1160//
f 1128// 1160// 1158//
f 1170// 1168// 1128//
f 1128// 1168// 1166//
f 1128// 1166// 1164//
f 1158// 1156// 1128//
f 1128// 1156// 1154//
f 1128// 1154// 1152//
f 1152// 1150// 1128//
f 1128// 1150// 1148//
f 1128// 1148// 1146//
f 1146// 1144// 1128//
f 1128// 1144// 1142//
f 1128// 1142// 1140//
f 1140// 1138// 1128//
f 1128// 1138// 1136//
f 1128// 1136// 1130//
f 1130// 1136// 1134//
f 1130// 1134// 1132//
f 1176// 1177// 1178//
f 1178// 1177// 1179//
f 1176// 1178// 1180//
f 1176// 1180// 1181//
f 1181// 1180// 1182//
f 1181// 1182// 1183//
f 1183// 1182// 1184//
f 1183// 1184// 1185//
f 1185// 1184// 1186//
f 1185// 1186// 1187//
f 1187// 1186// 1188//
f 1187// 1188// 1189//
f 1189// 1188// 1190//
f 1189// 1190// 1191//
f 1191// 1190// 1192//
f 1191// 1192// 1193//
f 1193// 1192// 1194//
f 1193// 1194// 1195//
f 1195// 1194// 1196//
f 1195// 1196// 1197//
f 1197// 1196// 1198//
f 1197// 1198// 1199//
f 1199// 1198// 1200//
f 1199// 1200// 1201//
f 1201// 1200// 1202//
f 1201// 1202// 1203//
f 1203// 1202// 1204//
f 1203// 1204// 1205//
f 1205// 1204// 1206//
f 1205// 1206// 1207//
f 1207// 1206// 1208//
f 1207// 1208// 1209//
f 1209// 1208// 1210//
f 1209// 1210// 1211//
f 1211// 1210// 1212//
f 1211// 1212// 1213//
f 1213// 1212// 1214//
f 1213// 1214// 1215//
f 1215// 1214// 1216//
f 1215// 1216// 1217//
f 1217// 1216// 1218//
f 1217// 1218// 1219//
f 1219// 1218// 1220//
f 1219// 1220// 1221//
f 1221// 1220// 1222//
f 1221// 1222// 1223//
f 1224// 1223// 1225//
f 1225// 1223// 1222//
f 1177// 1224// 1179//
f 1179// 1224// 1225//
f 1205// 1207// 1185//
f 1185// 1207// 1183//
f 1209// 1211// 1176//
f 1176// 1211// 1213//
f 1213// 1215// 1176//
f 1176// 1215// 1217//
f 1176// 1217// 1219//
f 1224// 1177// 1223//
f 1223// 1177// 1176//
f 1223// 1176// 1221//
f 1221// 1176// 1219//
f 1209// 1176// 1207//
f 1207// 1176// 1181//
f 1207// 1181// 1183//
f 1187// 1201// 1185//
f 1185// 1201// 1203//
f 1185// 1203// 1205//
f 1187// 1189// 1201//
f 1201// 1189// 1191//
f 1201// 1191// 1193//
f 1193// 1195// 1201//
f 1201// 1195// 1197//
f 1201// 1197// 1199//
f 1179// 1225// 1178//
f 1178// 1225// 1222//
f 1222// 1220// 1178//
f 1178// 1220// 1218//
f 1178// 1218// 1216//
f 1216// 1214// 1178//
f 1178// 1214// 1212//
f 1178// 1212// 1210//
f 1182// 1206// 1184//
f 1184// 1206// 1204//
f 1210// 1208// 1178//
f 1178// 1208// 1206//
f 1178// 1206// 1180//
f 1180// 1206// 1182//
f 1194// 1200// 1196//
f 1196// 1200// 1198//
f 1194// 1192// 1200//
f 1200// 1192// 1190//
f 1200// 1190// 1188//
f 1204// 1202// 1184//
f 1184// 1202// 1200//
f 1184// 1200// 1186//
f 1186// 1200// 1188//
f 1226// 1227// 1228//
f 1228// 1227// 1229//
f 1226// 1228// 1230//
f 1226// 1230// 1231//
f 1231// 1230// 1232//
f 1231// 1232// 1233//
f 1233// 1232// 1234//
f 1233// 1234// 1235//
f 1235// 1234// 1236//
f 1235// 1236// 1237//
f 1237// 1236// 1238//
f 1237// 1238// 1239//
f 1239// 1238// 1240//
f 1239// 1240// 1241//
f 1241// 1240// 1242//
f 1241// 1242// 1243//
f 1243// 1242// 1244//
f 1243// 1244// 1245//
f 1245// 1244// 1246//
f 1245// 1246// 1247//
f 1247// 1246// 1248//
f 1247// 1248// 1249//
f 1249// 1248// 1250//
f 1249// 1250// 1251//
f 1251// 1250// 1252//
f 1251// 1252// 1253//
f 1253// 1252// 1254//
f 1253// 1254// 1255//
f 1255// 1254// 1256//
f 1255// 1256// 1257//
f 1257// 1256// 1258//
f 1257// 1258// 1259//
f 1259// 1258// 1260//
f 1259// 1260// 1261//
f 1261// 1260// 1262//
f 1261// 1262// 1263//
f 1263// 1262// 1264//
f 1263// 1264// 1265//
f 1265// 1264// 1266//
f 1265// 1266// 1267//
f 1267// 1266// 1268//
f 1267// 1268// 1269//
f 1269// 1268// 1270//
f 1269// 1270// 1271//
f 1271// 1270// 1272//
f 1271// 1272// 1273//
f 1274// 1273// 1275//
f 1275// 1273// 1272//
f 1227// 1274// 1229//
f 1229// 1274// 1275//
f 1274// 1227// 1273//
f 1273// 1227// 1226//
f 1226// 1231// 1273//
f 1273// 1231// 1233//
f 1273// 1233// 1235//
f 1235// 1237// 1273//
f 1273// 1237// 1239//
f 1273// 1239// 1241//
f 1241// 1243// 1273//
f 1273// 1243// 1245//
f 1273// 1245// 1247//
f 1247// 1249// 1273//
f 1273// 1249// 1251//
f 1273// 1251// 1253//
f 1269// 1257// 1267//
f 1267// 1257// 1259//
f 1259// 1261// 1267//
f 1267// 1261// 1263//
f 1267// 1263// 1265//
f 1253// 1255// 1273//
f 1273// 1255// 1257//
f 1273// 1257// 1271//
f 1271// 1257// 1269//
f 1229// 1275// 1228//
f 1228// 1275// 1272//
f 1272// 1270// 1228//
f 1228// 1270// 1268//
f 1228// 1268// 1266//
f 1266// 1264// 1228//
f 1228// 1264// 1262//
f 1228// 1262// 1260//
f 1260// 1258// 1228//
f 1228// 1258// 1256//
f 1228// 1256// 1254//
f 1254// 1252// 1228//
f 1228// 1252// 1250//
f 1228// 1250// 1248//
f 1232// 1244// 1234//
f 1234// 1244// 1242//
f 1242// 1240// 1234//
f 1234// 1240// 1238//
f 1234// 1238// 1236//
f 1248// 1246// 1228//
f 1228// 1246// 1244//
f 1228// 1244// 1230//
f 1230// 1244// 1232//
f 1276// 1277// 1278//
f 1278// 1277// 1279//
f 1276// 1278// 1280//
f 1276// 1280// 1281//
f 1281// 1280// 1282//
f 1281// 1282// 1283//
f 1283// 1282// 1284//
f 1283// 1284// 1285//
f 1285// 1284// 1286//
f 1285// 1286// 1287//
f 1287// 1286// 1288//
f 1287// 1288// 1289//
f 1289// 1288// 1290//
f 1289// 1290// 1291//
f 1291// 1290// 1292//
f 1291// 1292// 1293//
f 1293// 1292// 1294//
f 1293// 1294// 1295//
f 1295// 1294// 1296//
f 1295// 1296// 1297//
f 1297// 1296// 1298//
f 1297// 1298// 1299//
f 1299// 1298// 1300//
f 1299// 1300// 1301//
f 1301// 1300// 1302//
f 1301// 1302// 1303//
f 1303// 1302// 1304//
f 1303// 1304// 1305//
f 1305// 1304// 1306//
f 1305// 1306// 1307//
f 1307// 1306// 1308//
f 1307// 1308// 1309//
f 1309// 1308// 1310//
f 1309// 1310// 1311//
f 1311// 1310// 1312//
f 1311// 1312// 1313//
f 1313// 1312// 1314//
f 1313// 1314// 1315//
f 1315// 1314// 1316//
f 1315// 1316// 1317//
f 1317// 1316// 1318//
f 1317// 1318// 1319//
f 1319// 1318// 1320//
f 1319// 1320// 1321//
f 1321// 1320// 1322//
f 1321// 1322// 1323//
f 1324// 1323// 1325//
f 1325// 1323// 1322//
f 1277// 1324// 1279//
f 1279// 1324// 1325//
f 1324// 1277// 1323//
f 1323// 1277// 1276//
f 1315// 1317// 1295//
f 1295// 1317// 1319//
f 1276// 1281// 1323//
f 1323// 1281// 1283//
f 1323// 1283// 1285//
f 1285// 1287// 1323//
f 1323// 1287// 1289//
f 1323// 1289// 1291//
f 1309// 1311// 1295//
f 1295// 1311// 1313//
f 1295// 1313// 1315//
f 1319// 1321// 1295//
f 1295// 1321// 1323//
f 1295// 1323// 1293//
f 1293// 1323// 1291//
f 1295// 1297// 1309//
f 1309// 1297// 1299//
f 1309// 1299// 1301//
f 1301// 1303// 1309//
f 1309// 1303// 1305//
f 1309// 1305// 1307//
f 1279// 1325// 1278//
f 1278// 1325// 1322//
f 1278// 1322// 1320//
f 1320// 1318// 1278//
f 1278// 1318// 1316//
f 1278// 1316// 1280//
f 1308// 1294// 1310//
f 1310// 1294// 1312//
f 1292// 1316// 1294//
f 1294// 1316// 1314//
f 1294// 1314// 1312//
f 1292// 1290// 1316//
f 1316// 1290// 1288//
f 1316// 1288// 1286//
f 1286// 1284// 1316//
f 1316// 1284// 1282//
f 1316// 1282// 1280//
f 1308// 1306// 1294//
f 1294// 1306// 1304//
f 1294// 1304// 1302//
f 1302// 1300// 1294//
f 1294// 1300// 1298//
f 1294// 1298// 1296//
f 1326// 1327// 1328//
f 1328// 1327// 1329//
f 1326// 1328// 1330//
f 1326// 1330// 1331//
f 1331// 1330// 1332//
f 1331// 1332// 1333//
f 1333// 1332// 1334//
f 1333// 1334// 1335//
f 1335// 1334// 1336//
f 1335// 1336// 1337//
f 1337// 1336// 1338//
f 1337// 1338// 1339//
f 1339// 1338// 1340//
f 1339// 1340// 1341//
f 1341// 1340// 1342//
f 1341// 1342// 1343//
f 1343// 1342// 1344//
f 1343// 1344// 1345//
f 1345// 1344// 1346//
f 1345// 1346// 1347//
f 1347// 1346// 1348//
f 1347// 1348// 1349//
f 1349// 1348// 1350//
f 1349// 1350// 1351//
f 1351// 1350// 1352//
f 1351// 1352// 1353//
f 1353// 1352// 1354//
f 1353// 1354// 1355//
f 1355// 1354// 1356//
f 1355// 1356// 1357//
f 1357// 1356// 1358//
f 1357// 1358// 1359//
f 1359// 1358// 1360//
f 1359// 1360// 1361//
f 1361// 1360// 1362//
f 1361// 1362// 1363//
f 1363// 1362// 1364//
f 1363// 1364// 1365//
f 1365// 1364// 1366//
f 1365// 1366// 1367//
f 1367// 1366// 1368//
f 1367// 1368// 1369//
f 1369// 1368// 1370//
f 1369// 1370// 1371//
f 1371// 1370// 1372//
f 1371// 1372// 1373//
f 1374// 1373// 1375//
f 1375// 1373// 1372//
f 1327// 1374// 1329//
f 1329// 1374// 1375//
f 1374// 1327// 1373//
f 1373// 1327// 1326//
f 1373// 1326// 1371//
f 1371// 1326// 1331//
f 1349// 1351// 1371//
f 1365// 1367// 1355//
f 1359// 1361// 1363//
f 1351// 1353// 1371//
f 1371// 1353// 1355//
f 1371// 1355// 1369//
f 1369// 1355// 1367//
f 1331// 1333// 1371//
f 1371// 1333// 1335//
f 1371// 1335// 1337//
f 1337// 1339// 1371//
f 1371// 1339// 1341//
f 1371// 1341// 1343//
f 1343// 1345// 1371//
f 1371// 1345// 1347//
f 1371// 1347// 1349//
f 1365// 1355// 1363//
f 1363// 1355// 1357//
f 1363// 1357// 1359//
f 1330// 1328// 1370//
f 1329// 1375// 1328//
f 1328// 1375// 1372//
f 1328// 1372// 1370//
f 1366// 1354// 1368//
f 1368// 1354// 1370//
f 1354// 1352// 1370//
f 1370// 1352// 1350//
f 1370// 1350// 1348//
f 1362// 1360// 1358//
f 1348// 1346// 1370//
f 1370// 1346// 1344//
f 1370// 1344// 1342//
f 1342// 1340// 1370//
f 1370// 1340// 1338//
f 1370// 1338// 1336//
f 1336// 1334// 1370//
f 1370// 1334// 1332//
f 1370// 1332// 1330//
f 1366// 1364// 1354//
f 1354// 1364// 1362//
f 1354// 1362// 1356//
f 1356// 1362// 1358//
f 1376// 1377// 1378//
f 1378// 1377// 1379//
f 1376// 1378// 1380//
f 1376// 1380// 1381//
f 1381// 1380// 1382//
f 1381// 1382// 1383//
f 1383// 1382// 1384//
f 1383// 1384// 1385//
f 1385// 1384// 1386//
f 1385// 1386// 1387//
f 1387// 1386// 1388//
f 1387// 1388// 1389//
f 1389// 1388// 1390//
f 1389// 1390// 1391//
f 1391// 1390// 1392//
f 1391// 1392// 1393//
f 1393// 1392// 1394//
f 1393// 1394// 1395//
f 1395// 1394// 1396//
f 1395// 1396// 1397//
f 1397// 1396// 1398//
f 1397// 1398// 1399//
f 1399// 1398// 1400//
f 1399// 1400// 1401//
f 1401// 1400// 1402//
f 1401// 1402// 1403//
f 1403// 1402// 1404//
f 1403// 1404// 1405//
f 1405// 1404// 1406//
f 1405// 1406// 1407//
f 1407// 1406// 1408//
f 1407// 1408// 1409//
f 1409// 1408// 1410//
f 1409// 1410// 1411//
f 1411// 1410// 1412//
f 1411// 1412// 1413//
f 1413// 1412// 1414//
f 1413// 1414// 1415//
f 1415// 1414// 1416//
f 1415// 1416// 1417//
f 1417// 1416// 1418//
f 1417// 1418// 1419//
f 1419// 1418// 1420//
f 1419// 1420// 1421//
f 1421// 1420// 1422//
f 1421// 1422// 1423//
f 1424// 1423// 1425//
f 1425// 1423// 1422//
f 1377// 1424// 1379//
f 1379// 1424// 1425//
f 1423// 1424// 1377//
f 1423// 1389// 1391//
f 1377// 1376// 1423//
f 1423// 1376// 1381//
f 1423// 1381// 1383//
f 1397// 1399// 1423//
f 1423// 1399// 1401//
f 1423// 1401// 1403//
f 1383// 1385// 1423//
f 1423// 1385// 1387//
f 1423// 1387// 1389//
f 1391// 1393// 1423//
f 1423// 1393// 1395//
f 1423// 1395// 1397//
f 1403// 1405// 1423//
f 1423// 1405// 1407//
f 1423// 1407// 1409//
f 1409// 1411// 1423//
f 1423// 1411// 1413//
f 1423// 1413// 1421//
f 1421// 1413// 1419//
f 1419// 1413// 1415//
f 1419// 1415// 1417//
f 1379// 1425// 1378//
f 1378// 1425// 1422//
f 1378// 1422// 1380//
f 1402// 1400// 1422//
f 1400// 1398// 1422//
f 1422// 1398// 1396//
f 1422// 1396// 1394//
f 1422// 1388// 1386//
f 1408// 1422// 1410//
f 1410// 1422// 1412//
f 1408// 1406// 1422//
f 1422// 1406// 1404//
f 1422// 1404// 1402//
f 1394// 1392// 1422//
f 1422// 1392// 1390//
f 1422// 1390// 1388//
f 1386// 1384// 1422//
f 1422// 1384// 1382//
f 1422// 1382// 1380//
f 1422// 1420// 1412//
f 1412// 1420// 1418//
f 1412// 1418// 1414//
f 1414// 1418// 1416//
f 1426// 1427// 1428//
f 1428// 1427// 1429//
f 1426// 1428// 1430//
f 1426// 1430// 1431//
f 1431// 1430// 1432//
f 1431// 1432// 1433//
f 1433// 1432// 1434//
f 1433// 1434// 1435//
f 1435// 1434// 1436//
f 1435// 1436// 1437//
f 1437// 1436// 1438//
f 1437// 1438// 1439//
f 1439// 1438// 1440//
f 1439// 1440// 1441//
f 1441// 1440// 1442//
f 1441// 1442// 1443//
f 1443// 1442// 1444//
f 1443// 1444// 1445//
f 1445// 1444// 1446//
f 1445// 1446// 1447//
f 1447// 1446// 1448//
f 1447// 1448// 1449//
f 1449// 1448// 1450//
f 1449// 1450// 1451//
f 1451// 1450// 1452//
f 1451// 1452// 1453//
f 1453// 1452// 1454//
f 1453// 1454// 1455//
f 1455// 1454// 1456//
f 1455// 1456// 1457//
f 1457// 1456// 1458//
f 1457// 1458// 1459//
f 1459// 1458// 1460//
f 1459// 1460// 1461//
f 1461// 1460// 1462//
f 1461// 1462// 1463//
f 1463// 1462// 1464//
f 1463// 1464// 1465//
f 1465// 1464// 1466//
f 1465// 1466// 1467//
f 1467// 1466// 1468//
f 1467// 1468// 1469//
f 1469// 1468// 1470//
f 1469// 1470// 1471//
f 1471// 1470// 1472//
f 1471// 1472// 1473//
f 1474// 1473// 1475//
f 1475// 1473// 1472//
f 1427// 1474// 1429//
f 1429// 1474// 1475//
f 1474// 1427// 1473//
f 1473// 1427// 1426//
f 1443// 1445// 1426//
f 1426// 1445// 1447//
f 1426// 1447// 1449//
f 1449// 1451// 1426//
f 1426// 1451// 1453//
f 1426// 1453// 1455//
f 1455// 1457// 1426//
f 1426// 1457// 1459//
f 1426// 1459// 1461//
f 1431// 1433// 1439//
f 1439// 1433// 1435//
f 1439// 1435// 1437//
f 1431// 1439// 1426//
f 1426// 1439// 1441//
f 1426// 1441// 1443//
f 1461// 1463// 1426//
f 1426// 1463// 1465//
f 1426// 1465// 1467//
f 1467// 1469// 1426//
f 1426// 1469// 1471//
f 1426// 1471// 1473//
f 1429// 1475// 1428//
f 1428// 1475// 1472//
f 1452// 1450// 1428//
f 1460// 1458// 1428//
f 1458// 1456// 1428//
f 1428// 1456// 1454//
f 1428// 1454// 1452//
f 1472// 1470// 1428//
f 1428// 1470// 1468//
f 1428// 1468// 1466//
f 1466// 1464// 1428//
f 1428// 1464// 1462//
f 1428// 1462// 1460//
f 1450// 1448// 1428//
f 1428// 1448// 1446//
f 1428// 1446// 1444//
f 1438// 1436// 1434//
f 1434// 1432// 1438//
f 1438// 1432// 1430//
f 1438// 1430// 1428//
f 1444// 1442// 1428//
f 1428// 1442// 1440//
f 1428// 1440// 1438//
f 1476// 1477// 1478//
f 1478// 1477// 1479//
f 1476// 1478// 1480//
f 1476// 1480// 1481//
f 1481// 1480// 1482//
f 1481// 1482// 1483//
f 1483// 1482// 1484//
f 1483// 1484// 1485//
f 1485// 1484// 1486//
f 1485// 1486// 1487//
f 1487// 1486// 1488//
f 1487// 1488// 1489//
f 1489// 1488// 1490//
f 1489// 1490// 1491//
f 1491// 1490// 1492//
f 1491// 1492// 1493//
f 1493// 1492// 1494//
f 1493// 1494// 1495//
f 1495// 1494// 1496//
f 1495// 1496// 1497//
f 1497// 1496// 1498//
f 1497// 1498// 1499//
f 1499// 1498// 1500//
f 1499// 1500// 1501//
f 1501// 1500// 1502//
f 1501// 1502// 1503//
f 1503// 1502// 1504//
f 1503// 1504// 1505//
f 1505// 1504// 1506//
f 1505// 1506// 1507//
f 1507// 1506// 1508//
f 1507// 1508// 1509//
f 1509// 1508// 1510//
f 1509// 1510// 1511//
f 1511// 1510// 1512//
f 1511// 1512// 1513//
f 1513// 1512// 1514//
f 1513// 1514// 1515//
f 1515// 1514// 1516//
f 1515// 1516// 1517//
f 1517// 1516// 1518//
f 1517// 1518// 1519//
f 1519// 1518// 1520//
f 1519// 1520// 1521//
f 1521// 1520// 1522//
f 1521// 1522// 1523//
f 1524// 1523// 1525//
f 1525// 1523// 1522//
f 1477// 1524// 1479//
f 1479// 1524// 1525//
f 1524// 1477// 1523//
f 1523// 1477// 1476//
f 1523// 1476// 1521//
f 1521// 1476// 1481//
f 1499// 1501// 1521//
f 1515// 1517// 1505//
f 1509// 1511// 1513//
f 1501// 1503// 1521//
f 1521// 1503// 1505//
f 1521// 1505// 1519//
f 1519// 1505// 1517//
f 1481// 1483// 1521//
f 1521// 1483// 1485//
f 1521// 1485// 1487//
f 1487// 1489// 1521//
f 1521// 1489// 1491//
f 1521// 1491// 1493//
f 1493// 1495// 1521//
f 1521// 1495// 1497//
f 1521// 1497// 1499//
f 1515// 1505// 1513//
f 1513// 1505// 1507//
f 1513// 1507// 1509//
f 1480// 1478// 1520//
f 1479// 1525// 1478//
f 1478// 1525// 1522//
f 1478// 1522// 1520//
f 1516// 1504// 1518//
f 1518// 1504// 1520//
f 1504// 1502// 1520//
f 1520// 1502// 1500//
f 1520// 1500// 1498//
f 1512// 1510// 1508//
f 1498// 1496// 1520//
f 1520// 1496// 1494//
f 1520// 1494// 1492//
f 1492// 1490// 1520//
f 1520// 1490// 1488//
f 1520// 1488// 1486//
f 1486// 1484// 1520//
f 1520// 1484// 1482//
f 1520// 1482// 1480//
f 1516// 1514// 1504//
f 1504// 1514// 1512//
f 1504// 1512// 1506//
f 1506// 1512// 1508//
f 1526// 1527// 1528//
f 1528// 1527// 1529//
f 1526// 1528// 1530//
f 1526// 1530// 1531//
f 1531// 1530// 1532//
f 1531// 1532// 1533//
f 1533// 1532// 1534//
f 1533// 1534// 1535//
f 1535// 1534// 1536//
f 1535// 1536// 1537//
f 1537// 1536// 1538//
f 1537// 1538// 1539//
f 1539// 1538// 1540//
f 1539// 1540// 1541//
f 1541// 1540// 1542//
f 1541// 1542// 1543//
f 1543// 1542// 1544//
f 1543// 1544// 1545//
f 1545// 1544// 1546//
f 1545// 1546// 1547//
f 1547// 1546// 1548//
f 1547// 1548// 1549//
f 1549// 1548// 1550//
f 1549// 1550// 1551//
f 1551// 1550// 1552//
f 1551// 1552// 1553//
f 1553// 1552// 1554//
f 1553// 1554// 1555//
f 1555// 1554// 1556//
f 1555// 1556// 1557//
f 1557// 1556// 1558//
f 1557// 1558// 1559//
f 1559// 1558// 1560//
f 1559// 1560// 1561//
f 1561// 1560// 1562//
f 1561// 1562// 1563//
f 1563// 1562// 1564//
f 1563// 1564// 1565//
f 1565// 1564// 1566//
f 1565// 1566// 1567//
f 1567// 1566// 1568//
f 1567// 1568// 1569//
f 1569// 1568// 1570//
f 1569// 1570// 1571//
f 1571// 1570// 1572//
f 1571// 1572// 1573//
f 1574// 1573// 1575//
f 1575// 1573// 1572//
f 1527// 1574// 1529//
f 1529// 1574// 1575//
f 1561// 1563// 1526//
f 1557// 1559// 1533//
f 1574// 1527// 1573//
f 1573// 1527// 1526//
f 1573// 1526// 1571//
f 1571// 1526// 1569//
f 1561// 1526// 1559//
f 1559// 1526// 1531//
f 1559// 1531// 1533//
f 1563// 1565// 1526//
f 1526// 1565// 1567//
f 1526// 1567// 1569//
f 1535// 1537// 1547//
f 1535// 1547// 1533//
f 1533// 1547// 1549//
f 1533// 1549// 1551//
f 1551// 1553// 1533//
f 1533// 1553// 1555//
f 1533// 1555// 1557//
f 1537// 1539// 1547//
f 1547// 1539// 1541//
f 1547// 1541// 1545//
f 1545// 1541// 1543//
f 1529// 1575// 1528//
f 1528// 1575// 1572//
f 1560// 1558// 1528//
f 1572// 1570// 1528//
f 1528// 1570// 1568//
f 1528// 1568// 1566//
f 1566// 1564// 1528//
f 1528// 1564// 1562//
f 1528// 1562// 1560//
f 1558// 1556// 1528//
f 1528// 1556// 1554//
f 1528// 1554// 1530//
f 1530// 1554// 1532//
f 1532// 1554// 1552//
f 1532// 1552// 1550//
f 1544// 1542// 1540//
f 1550// 1548// 1532//
f 1532// 1548// 1546//
f 1532// 1546// 1534//
f 1534// 1546// 1536//
f 1544// 1540// 1546//
f 1546// 1540// 1538//
f 1546// 1538// 1536//
f 1576// 1577// 1578//
f 1578// 1577// 1579//
f 1576// 1578// 1580//
f 1576// 1580// 1581//
f 1581// 1580// 1582//
f 1581// 1582// 1583//
f 1583// 1582// 1584//
f 1583// 1584// 1585//
f 1585// 1584// 1586//
f 1585// 1586// 1587//
f 1587// 1586// 1588//
f 1587// 1588// 1589//
f 1589// 1588// 1590//
f 1589// 1590// 1591//
f 1591// 1590// 1592//
f 1591// 1592// 1593//
f 1593// 1592// 1594//
f 1593// 1594// 1595//
f 1595// 1594// 1596//
f 1595// 1596// 1597//
f 1597// 1596// 1598//
f 1597// 1598// 1599//
f 1599// 1598// 1600//
f 1599// 1600// 1601//
f 1601// 1600// 1602//
f 1601// 1602// 1603//
f 1603// 1602// 1604//
f 1603// 1604// 1605//
f 1605// 1604// 1606//
f 1605// 1606// 1607//
f 1607// 1606// 1608//
f 1607// 1608// 1609//
f 1609// 1608// 1610//
f 1609// 1610// 1611//
f 1611// 1610// 1612//
f 1611// 1612// 1613//
f 1613// 1612// 1614//
f 1613// 1614// 1615//
f 1615// 1614// 1616//
f 1615// 1616// 1617//
f 1617// 1616// 1618//
f 1617// 1618// 1619//
f 1619// 1618// 1620//
f 1619// 1620// 1621//
f 1621// 1620// 1622//
f 1621// 1622// 1623//
f 1624// 1623// 1625//
f 1625// 1623// 1622//
f 1577// 1624// 1579//
f 1579// 1624// 1625//
f 1624// 1577// 1623//
f 1623// 1577// 1576//
f 1576// 1581// 1623//
f 1623// 1581// 1583//
f 1623// 1583// 1585//
f 1585// 1587// 1623//
f 1623// 1587// 1589//
f 1623// 1589// 1591//
f 1591// 1593// 1623//
f 1623// 1593// 1595//
f 1623// 1595// 1597//
f 1597// 1599// 1623//
f 1623// 1599// 1601//
f 1623// 1601// 1603//
f 1619// 1607// 1617//
f 1617// 1607// 1609//
f 1609// 1611// 1617//
f 1617// 1611// 1613//
f 1617// 1613// 1615//
f 1603// 1605// 1623//
f 1623// 1605// 1607//
f 1623// 1607// 1621//
f 1621// 1607// 1619//
f 1579// 1625// 1578//
f 1578// 1625// 1622//
f 1622// 1620// 1578//
f 1578// 1620// 1618//
f 1578// 1618// 1616//
f 1616// 1614// 1578//
f 1578// 1614// 1612//
f 1578// 1612// 1610//
f 1610// 1608// 1578//
f 1578// 1608// 1606//
f 1578// 1606// 1604//
f 1604// 1602// 1578//
f 1578// 1602// 1600//
f 1578// 1600// 1598//
f 1582// 1594// 1584//
f 1584// 1594// 1592//
f 1592// 1590// 1584//
f 1584// 1590// 1588//
f 1584// 1588// 1586//
f 1598// 1596// 1578//
f 1578// 1596// 1594//
f 1578// 1594// 1580//
f 1580// 1594// 1582//
f 1626// 1627// 1628//
f 1628// 1627// 1629//
f 1626// 1628// 1630//
f 1626// 1630// 1631//
f 1631// 1630// 1632//
f 1631// 1632// 1633//
f 1633// 1632// 1634//
f 1633// 1634// 1635//
f 1635// 1634// 1636//
f 1635// 1636// 1637//
f 1637// 1636// 1638//
f 1637// 1638// 1639//
f 1639// 1638// 1640//
f 1639// 1640// 1641//
f 1641// 1640// 1642//
f 1641// 1642// 1643//
f 1643// 1642// 1644//
f 1643// 1644// 1645//
f 1645// 1644// 1646//
f 1645// 1646// 1647//
f 1647// 1646// 1648//
f 1647// 1648// 1649//
f 1649// 1648// 1650//
f 1649// 1650// 1651//
f 1651// 1650// 1652//
f 1651// 1652// 1653//
f 1653// 1652// 1654//
f 1653// 1654// 1655//
f 1655// 1654// 1656//
f 1655// 1656// 1657//
f 1657// 1656// 1658//
f 1657// 1658// 1659//
f 1659// 1658// 1660//
f 1659// 1660// 1661//
f 1661// 1660// 1662//
f 1661// 1662// 1663//
f 1663// 1662// 1664//
f 1663// 1664// 1665//
f 1665// 1664// 1666//
f 1665// 1666// 1667//
f 1667// 1666// 1668//
f 1667// 1668// 1669//
f 1669// 1668// 1670//
f 1669// 1670// 1671//
f 1671// 1670// 1672//
f 1671// 1672// 1673//
f 1674// 1673// 1675//
f 1675// 1673// 1672//
f 1627// 1674// 1629//
f 1629// 1674// 1675//
f 1674// 1627// 1673//
f 1673// 1627// 1626//
f 1673// 1626// 1631//
f 1639// 1641// 1667//
f 1631// 1633// 1673//
f 1673// 1633// 1635//
f 1673// 1635// 1671//
f 1671// 1635// 1669//
f 1669// 1635// 1667//
f 1667// 1635// 1637//
f 1667// 1637// 1639//
f 1641// 1643// 1667//
f 1667// 1643// 1645//
f 1667// 1645// 1647//
f 1657// 1651// 1655//
f 1655// 1651// 1653//
f 1657// 1659// 1651//
f 1651// 1659// 1661//
f 1651// 1661// 1663//
f 1663// 1665// 1651//
f 1651// 1665// 1667//
f 1651// 1667// 1649//
f 1649// 1667// 1647//
f 1629// 1675// 1628//
f 1628// 1675// 1672//
f 1628// 1672// 1670//
f 1662// 1660// 1634//
f 1670// 1668// 1628//
f 1628// 1668// 1666//
f 1628// 1666// 1630//
f 1630// 1666// 1632//
f 1632// 1666// 1634//
f 1634// 1666// 1664//
f 1634// 1664// 1662//
f 1660// 1658// 1634//
f 1634// 1658// 1656//
f 1634// 1656// 1654//
f 1644// 1650// 1646//
f 1646// 1650// 1648//
f 1644// 1642// 1650//
f 1650// 1642// 1640//
f 1650// 1640// 1638//
f 1638// 1636// 1650//
f 1650// 1636// 1634//
f 1650// 1634// 1652//
f 1652// 1634// 1654//
f 1676// 1677// 1678//
f 1678// 1677// 1679//
f 1676// 1678// 1680//
f 1676// 1680// 1681//
f 1681// 1680// 1682//
f 1681// 1682// 1683//
f 1683// 1682// 1684//
f 1683// 1684// 1685//
f 1685// 1684// 1686//
f 1685// 1686// 1687//
f 1687// 1686// 1688//
f 1687// 1688// 1689//
f 1689// 1688// 1690//
f 1689// 1690// 1691//
f 1691// 1690// 1692//
f 1691// 1692// 1693//
f 1693// 1692// 1694//
f 1693// 1694// 1695//
f 1695// 1694// 1696//
f 1695// 1696// 1697//
f 1697// 1696// 1698//
f 1697// 1698// 1699//
f 1699// 1698// 1700//
f 1699// 1700// 1701//
f 1701// 1700// 1702//
f 1701// 1702// 1703//
f 1703// 1702// 1704//
f 1703// 1704// 1705//
f 1705// 1704// 1706//
f 1705// 1706// 1707//
f 1707// 1706// 1708//
f 1707// 1708// 1709//
f 1709// 1708// 1710//
f 1709// 1710// 1711//
f 1711// 1710// 1712//
f 1711// 1712// 1713//
f 1713// 1712// 1714//
f 1713// 1714// 1715//
f 1715// 1714// 1716//
f 1715// 1716// 1717//
f 1717// 1716// 1718//
f 1717// 1718// 1719//
f 1719// 1718// 1720//
f 1719// 1720// 1721//
f 1721// 1720// 1722//
f 1721// 1722// 1723//
f 1724// 1723// 1725//
f 1725// 1723// 1722//
f 1677// 1724// 1679//
f 1679// 1724// 1725//
f 1723// 1724// 1677//
f 1703// 1705// 1723//
f 1689// 1691// 1723//
f 1691// 1693// 1723//
f 1723// 1693// 1695//
f 1723// 1695// 1697//
f 1705// 1707// 1723//
f 1723// 1707// 1709//
f 1723// 1709// 1711//
f 1677// 1676// 1723//
f 1723// 1676// 1681//
f 1723// 1681// 1683//
f 1697// 1699// 1723//
f 1723// 1699// 1701//
f 1723// 1701// 1703//
f 1711// 1713// 1723//
f 1723// 1713// 1715//
f 1723// 1715// 1721//
f 1721// 1715// 1717//
f 1721// 1717// 1719//
f 1683// 1685// 1723//
f 1723// 1685// 1687//
f 1723// 1687// 1689//
f 1679// 1725// 1678//
f 1678// 1725// 1722//
f 1678// 1722// 1720//
f 1708// 1706// 1678//
f 1678// 1706// 1704//
f 1678// 1704// 1702//
f 1702// 1700// 1678//
f 1678// 1700// 1698//
f 1678// 1698// 1696//
f 1696// 1694// 1678//
f 1678// 1694// 1692//
f 1678// 1692// 1690//
f 1686// 1684// 1682//
f 1714// 1712// 1678//
f 1678// 1712// 1710//
f 1678// 1710// 1708//
f 1690// 1688// 1678//
f 1678// 1688// 1686//
f 1678// 1686// 1680//
f 1680// 1686// 1682//
f 1720// 1718// 1678//
f 1678// 1718// 1716//
f 1678// 1716// 1714//
f 1726// 1727// 1728//
f 1728// 1727// 1729//
f 1726// 1728// 1730//
f 1726// 1730// 1731//
f 1731// 1730// 1732//
f 1731// 1732// 1733//
f 1733// 1732// 1734//
f 1733// 1734// 1735//
f 1735// 1734// 1736//
f 1735// 1736// 1737//
f 1737// 1736// 1738//
f 1737// 1738// 1739//
f 1739// 1738// 1740//
f 1739// 1740// 1741//
f 1741// 1740// 1742//
f 1741// 1742// 1743//
f 1743// 1742// 1744//
f 1743// 1744// 1745//
f 1745// 1744// 1746//
f 1745// 1746// 1747//
f 1747// 1746// 1748//
f 1747// 1748// 1749//
f 1749// 1748// 1750//
f 1749// 1750// 1751//
f 1751// 1750// 1752//
f 1751// 1752// 1753//
f 1753// 1752// 1754//
f 1753// 1754// 1755//
f 1755// 1754// 1756//
f 1755// 1756// 1757//
f 1757// 1756// 1758//
f 1757// 1758// 1759//
f 1759// 1758// 1760//
f 1759// 1760// 1761//
f 1761// 1760// 1762//
f 1761// 1762// 1763//
f 1763// 1762// 1764//
f 1763// 1764// 1765//
f 1765// 1764// 1766//
f 1765// 1766// 1767//
f 1767// 1766// 1768//
f 1767// 1768// 1769//
f 1769// 1768// 1770//
f 1769// 1770// 1771//
f 1771// 1770// 1772//
f 1771// 1772// 1773//
f 1774// 1773// 1775//
f 1775// 1773// 1772//
f 1727// 1774// 1729//
f 1729// 1774// 1775//
f 1774// 1727// 1773//
f 1773// 1727// 1726//
f 1741// 1743// 1726//
f 1726// 1743// 1745//
f 1745// 1747// 1726//
f 1726// 1747// 1749//
f 1726// 1749// 1751//
f 1757// 1759// 1726//
f 1726// 1759// 1761//
f 1733// 1735// 1731//
f 1731// 1735// 1737//
f 1731// 1737// 1726//
f 1726// 1737// 1739//
f 1726// 1739// 1741//
f 1751// 1753// 1726//
f 1726// 1753// 1755//
f 1726// 1755// 1757//
f 1761// 1763// 1726//
f 1726// 1763// 1765//
f 1726// 1765// 1767//
f 1767// 1769// 1726//
f 1726// 1769// 1771//
f 1726// 1771// 1773//
f 1729// 1775// 1728//
f 1728// 1775// 1772//
f 1748// 1746// 1772//
f 1760// 1758// 1772//
f 1772// 1758// 1756//
f 1772// 1756// 1754//
f 1746// 1744// 1772//
f 1772// 1744// 1742//
f 1772// 1742// 1740//
f 1768// 1766// 1770//
f 1770// 1766// 1764//
f 1770// 1764// 1772//
f 1772// 1764// 1762//
f 1772// 1762// 1760//
f 1754// 1752// 1772//
f 1772// 1752// 1750//
f 1772// 1750// 1748//
f 1740// 1738// 1772//
f 1772// 1738// 1736//
f 1772// 1736// 1734//
f 1734// 1732// 1772//
f 1772// 1732// 1730//
f 1772// 1730// 1728//
f 1776// 1777// 1778//
f 1778// 1777// 1779//
f 1776// 1778// 1780//
f 1776// 1780// 1781//
f 1781// 1780// 1782//
f 1781// 1782// 1783//
f 1783// 1782// 1784//
f 1783// 1784// 1785//
f 1785// 1784// 1786//
f 1785// 1786// 1787//
f 1787// 1786// 1788//
f 1787// 1788// 1789//
f 1789// 1788// 1790//
f 1789// 1790// 1791//
f 1791// 1790// 1792//
f 1791// 1792// 1793//
f 1793// 1792// 1794//
f 1793// 1794// 1795//
f 1795// 1794// 1796//
f 1795// 1796// 1797//
f 1797// 1796// 1798//
f 1797// 1798// 1799//
f 1799// 1798// 1800//
f 1799// 1800// 1801//
f 1801// 1800// 1802//
f 1801// 1802// 1803//
f 1803// 1802// 1804//
f 1803// 1804// 1805//
f 1805// 1804// 1806//
f 1805// 1806// 1807//
f 1807// 1806// 1808//
f 1807// 1808// 1809//
f 1809// 1808// 1810//
f 1809// 1810// 1811//
f 1811// 1810// 1812//
f 1811// 1812// 1813//
f 1813// 1812// 1814//
f 1813// 1814// 1815//
f 1815// 1814// 1816//
f 1815// 1816// 1817//
f 1817// 1816// 1818//
f 1817// 1818// 1819//
f 1819// 1818// 1820//
f 1819// 1820// 1821//
f 1821// 1820// 1822//
f 1821// 1822// 1823//
f 1824// 1823// 1825//
f 1825// 1823// 1822//
f 1777// 1824// 1779//
f 1779// 1824// 1825//
f 1824// 1777// 1823//
f 1823// 1777// 1776//
f 1823// 1776// 1781//
f 1789// 1791// 1817//
f 1781// 1783// 1823//
f 1823// 1783// 1785//
f 1823// 1785// 1821//
f 1821// 1785// 1819//
f 1819// 1785// 1817//
f 1817// 1785// 1787//
f 1817// 1787// 1789//
f 1791// 1793// 1817//
f 1817// 1793// 1795//
f 1817// 1795// 1797//
f 1807// 1801// 1805//
f 1805// 1801// 1803//
f 1807// 1809// 1801//
f 1801// 1809// 1811//
f 1801// 1811// 1813//
f 1813// 1815// 1801//
f 1801// 1815// 1817//
f 1801// 1817// 1799//
f 1799// 1817// 1797//
f 1779// 1825// 1778//
f 1778// 1825// 1822//
f 1778// 1822// 1820//
f 1812// 1810// 1784//
f 1820// 1818// 1778//
f 1778// 1818// 1816//
f 1778// 1816// 1780//
f 1780// 1816// 1782//
f 1782// 1816// 1784//
f 1784// 1816// 1814//
f 1784// 1814// 1812//
f 1810// 1808// 1784//
f 1784// 1808// 1806//
f 1784// 1806// 1804//
f 1794// 1800// 1796//
f 1796// 1800// 1798//
f 1794// 1792// 1800//
f 1800// 1792// 1790//
f 1800// 1790// 1788//
f 1788// 1786// 1800//
f 1800// 1786// 1784//
f 1800// 1784// 1802//
f 1802// 1784// 1804//
f 1826// 1827// 1828//
f 1828// 1827// 1829//
f 1826// 1828// 1830//
f 1826// 1830// 1831//
f 1831// 1830// 1832//
f 1831// 1832// 1833//
f 1833// 1832// 1834//
f 1833// 1834// 1835//
f 1835// 1834// 1836//
f 1835// 1836// 1837//
f 1837// 1836// 1838//
f 1837// 1838// 1839//
f 1839// 1838// 1840//
f 1839// 1840// 1841//
f 1841// 1840// 1842//
f 1841// 1842// 1843//
f 1843// 1842// 1844//
f 1843// 1844// 1845//
f 1845// 1844// 1846//
f 1845// 1846// 1847//
f 1847// 1846// 1848//
f 1847// 1848// 1849//
f 1849// 1848// 1850//
f 1849// 1850// 1851//
f 1851// 1850// 1852//
f 1851// 1852// 1853//
f 1853// 1852// 1854//
f 1853// 1854// 1855//
f 1855// 1854// 1856//
f 1855// 1856// 1857//
f 1857// 1856// 1858//
f 1857// 1858// 1859//
f 1859// 1858// 1860//
f 1859// 1860// 1861//
f 1861// 1860// 1862//
f 1861// 1862// 1863//
f 1863// 1862// 1864//
f 1863// 1864// 1865//
f 1865// 1864// 1866//
f 1865// 1866// 1867//
f 1867// 1866// 1868//
f 1867// 1868// 1869//
f 1869// 1868// 1870//
f 1869// 1870// 1871//
f 1871// 1870// 1872//
f 1871// 1872// 1873//
f 1874// 1873// 1875//
f 1875// 1873// 1872//
f 1827// 1874// 1829//
f 1829// 1874// 1875//
f 1874// 1827// 1873//
f 1873// 1827// 1826//
f 1826// 1831// 1873//
f 1873// 1831// 1833//
f 1873// 1833// 1835//
f 1835// 1837// 1873//
f 1873// 1837// 1839//
f 1873// 1839// 1841//
f 1841// 1843// 1873//
f 1873// 1843// 1845//
f 1873// 1845// 1847//
f 1847// 1849// 1873//
f 1873// 1849// 1851//
f 1873// 1851// 1853//
f 1869// 1857// 1867//
f 1867// 1857// 1859//
f 1859// 1861// 1867//
f 1867// 1861// 1863//
f 1867// 1863// 1865//
f 1853// 1855// 1873//
f 1873// 1855// 1857//
f 1873// 1857// 1871//
f 1871// 1857// 1869//
f 1829// 1875// 1828//
f 1828// 1875// 1872//
f 1872// 1870// 1828//
f 1828// 1870// 1868//
f 1828// 1868// 1866//
f 1866// 1864// 1828//
f 1828// 1864// 1862//
f 1828// 1862// 1860//
f 1860// 1858// 1828//
f 1828// 1858// 1856//
f 1828// 1856// 1854//
f 1854// 1852// 1828//
f 1828// 1852// 1850//
f 1828// 1850// 1848//
f 1832// 1844// 1834//
f 1834// 1844// 1842//
f 1842// 1840// 1834//
f 1834// 1840// 1838//
f 1834// 1838// 1836//
f 1848// 1846// 1828//
f 1828// 1846// 1844//
f 1828// 1844// 1830//
f 1830// 1844// 1832//
